transaction_id,store_id,product_id,customer_id,transaction_date,quantity,price
T1000000,S019,P0003,C00886,2025-01-19,9,11.72
T1000001,S010,P0182,C00565,2024-11-11,3,105.74
T1000002,S019,P0126,C00287,2024-01-13,9,493.49
T1000003,S003,P0098,C00855,2024-01-09,5,162.79
T1000004,S003,P0089,C00825,2024-03-20,3,239.18
T1000005,S003,P0016,C00681,2024-09-23,9,248.55
T1000006,S003,P0184,C00375,2024-06-23,6,125.63
T1000007,S011,P0017,C00045,2024-10-26,4,470.36
T1000008,S005,P0026,C00241,2024-03-14,6,420.84
T1000009,S012,P0064,C00315,2025-04-04,8,110.7
T1000010,S015,P0102,C00986,2024-04-23,2,129.9
T1000011,S004,P0118,C00074,2024-03-19,5,299.3
T1000012,S009,P0118,C00646,2025-02-28,6,495.73
T1000013,S010,P0109,C00536,2024-06-27,2,81.45
T1000014,S005,P0150,C00993,2024-03-23,3,352.31
T1000015,S011,P0018,C00755,2025-05-06,5,299.59
T1000016,S009,P0130,C00837,2025-07-26,2,449.87
T1000017,S019,P0112,C00010,2024-07-02,6,446.72
T1000018,S008,P0117,C00896,2024-09-13,2,159.41
T1000019,S010,P0090,C00063,2024-11-12,3,51.67
T1000020,S011,P0113,C00923,2025-07-12,5,15.97
T1000021,S016,P0097,C00607,2025-02-13,8,174.5
T1000022,S016,P0119,C00762,2025-04-29,4,454.96
T1000023,S006,P0163,C00498,2025-06-17,2,69.33
T1000024,S016,P0122,C00485,2024-03-25,1,229.34
T1000025,S020,P0091,C00945,2024-08-15,3,495.45
T1000026,S013,P0197,C00732,2025-01-25,9,195.71
T1000027,S020,P0006,C00007,2024-01-29,1,28.02
T1000028,S010,P0185,C00892,2024-04-05,1,342.26
T1000029,S014,P0178,C00563,2024-10-29,6,442.85
T1000030,S016,P0040,C00102,2024-05-21,4,233.71
T1000031,S013,P0141,C00671,2024-03-30,4,399.18
T1000032,S015,P0174,C00267,2025-03-27,5,297.56
T1000033,S014,P0195,C00846,2024-11-22,3,331.53
T1000034,S012,P0131,C00477,2025-02-21,8,279.77
T1000035,S009,P0139,C00410,2025-03-10,8,492.48
T1000036,S011,P0033,C00826,2024-11-28,6,334.54
T1000037,S018,P0043,C00384,2025-07-14,1,386.76
T1000038,S013,P0004,C00749,2024-09-29,3,192.54
T1000039,S012,P0122,C00300,2024-03-05,5,437.26
T1000040,S006,P0191,C00291,2024-01-15,6,451.61
T1000041,S003,P0149,C00572,2024-02-24,1,58.65
T1000042,S003,P0033,C00289,2025-07-17,4,123.84
T1000043,S011,P0054,C00353,2024-06-16,2,308.14
T1000044,S017,P0017,C00782,2024-08-01,7,7.26
T1000045,S001,P0172,C00955,2024-03-09,5,286.7
T1000046,S008,P0143,C00874,2024-12-23,1,487.15
T1000047,S008,P0143,C00162,2025-01-10,6,346.32
T1000048,S008,P0080,C00165,2024-07-16,3,225.36
T1000049,S012,P0021,C00084,2024-03-23,7,221.16
T1000050,S014,P0120,C00066,2024-10-24,2,52.75
T1000051,S012,P0033,C00298,2025-04-08,3,462.59
T1000052,S007,P0016,C00034,2025-03-27,2,190.35
T1000053,S008,P0029,C00305,2024-02-15,1,318.06
T1000054,S003,P0023,C00516,2025-06-12,6,431.91
T1000055,S006,P0082,C00352,2025-08-05,5,485.79
T1000056,S009,P0038,C00497,2024-01-14,8,357.28
T1000057,S013,P0049,C00857,2024-06-27,7,108.74
T1000058,S005,P0016,C00633,2024-02-01,8,409.29
T1000059,S019,P0068,C00801,2025-08-05,3,155.9
T1000060,S020,P0014,C00391,2024-08-17,4,473.15
T1000061,S017,P0121,C00833,2024-10-20,2,13.06
T1000062,S018,P0164,C00307,2024-12-19,4,268.39
T1000063,S009,P0135,C00174,2024-06-02,5,418.65
T1000064,S003,P0095,C00169,2025-08-24,8,176.43
T1000065,S007,P0137,C00433,2024-04-19,7,463.2
T1000066,S006,P0081,C00188,2024-10-09,2,384.86
T1000067,S004,P0092,C00326,2024-05-29,3,41.55
T1000068,S007,P0039,C00453,2024-03-08,6,123.06
T1000069,S003,P0120,C00124,2025-09-30,3,132.91
T1000070,S019,P0098,C00868,2024-08-30,2,235.79
T1000071,S020,P0140,C00683,2024-06-16,6,195.09
T1000072,S016,P0089,C00366,2024-05-18,2,478.15
T1000073,S005,P0004,C00833,2025-09-05,5,407.02
T1000074,S017,P0182,C00795,2024-03-04,8,113.81
T1000075,S010,P0121,C00817,2025-08-10,9,336.89
T1000076,S017,P0032,C00269,2024-08-29,9,341.55
T1000077,S020,P0170,C00130,2024-05-22,9,408.76
T1000078,S001,P0193,C00938,2024-06-29,3,290.99
T1000079,S020,P0129,C00440,2024-01-05,7,467.78
T1000080,S010,P0003,C00803,2025-05-08,4,467.35
T1000081,S017,P0035,C00841,2024-03-08,9,220.24
T1000082,S014,P0123,C00229,2024-09-03,8,50.5
T1000083,S013,P0056,C00962,2025-09-11,9,282.35
T1000084,S016,P0180,C00591,2024-05-10,3,444.95
T1000085,S017,P0195,C00228,2024-11-24,3,391.73
T1000086,S003,P0168,C00359,2025-07-25,3,403.93
T1000087,S018,P0135,C00356,2025-04-20,5,97.85
T1000088,S004,P0011,C00033,2024-05-26,2,256.58
T1000089,S015,P0027,C00345,2025-09-15,3,466.89
T1000090,S009,P0039,C00644,2024-02-12,8,402.37
T1000091,S012,P0145,C00933,2025-07-04,5,409.73
T1000092,S004,P0005,C00240,2024-10-28,3,241.15
T1000093,S016,P0054,C00575,2024-10-04,9,447.52
T1000094,S002,P0082,C00058,2024-10-30,6,113.06
T1000095,S010,P0192,C00289,2024-09-27,1,57.59
T1000096,S020,P0140,C00445,2024-03-05,3,196.14
T1000097,S009,P0196,C00393,2025-02-15,3,46.96
T1000098,S018,P0013,C00555,2024-02-06,7,254.72
T1000099,S004,P0167,C00033,2025-10-01,4,102.39
T1000100,S001,P0063,C00288,2025-07-20,6,466.93
T1000101,S013,P0027,C00386,2025-07-04,3,260.51
T1000102,S009,P0141,C00685,2025-05-28,6,16.09
T1000103,S011,P0167,C00553,2025-03-22,8,21.14
T1000104,S012,P0186,C01000,2024-02-19,1,249.0
T1000105,S010,P0128,C00338,2025-08-10,6,44.39
T1000106,S007,P0076,C00469,2025-02-07,6,124.3
T1000107,S017,P0073,C00002,2024-04-15,3,316.16
T1000108,S009,P0050,C00704,2025-07-17,7,475.05
T1000109,S007,P0172,C00004,2024-09-08,7,217.46
T1000110,S020,P0108,C00910,2024-04-21,3,60.36
T1000111,S003,P0156,C00390,2025-03-31,2,70.52
T1000112,S011,P0126,C00085,2024-12-01,3,488.42
T1000113,S011,P0140,C00234,2024-12-19,7,45.03
T1000114,S020,P0069,C00341,2024-03-26,6,277.5
T1000115,S018,P0194,C00191,2024-03-06,4,149.83
T1000116,S001,P0157,C00283,2024-01-05,4,216.18
T1000117,S004,P0110,C00366,2025-04-28,3,97.89
T1000118,S012,P0013,C00668,2024-03-17,8,479.43
T1000119,S007,P0029,C00003,2025-09-29,1,108.36
T1000120,S004,P0061,C00230,2024-10-26,3,429.36
T1000121,S011,P0080,C00115,2024-07-31,6,194.44
T1000122,S017,P0121,C00856,2024-10-10,6,162.18
T1000123,S010,P0165,C00374,2024-05-17,1,244.08
T1000124,S013,P0072,C00969,2025-06-15,9,270.01
T1000125,S019,P0129,C00591,2024-11-14,8,225.67
T1000126,S001,P0119,C00577,2025-01-15,3,418.45
T1000127,S014,P0199,C00455,2024-09-19,5,53.47
T1000128,S010,P0119,C00225,2025-04-25,1,166.29
T1000129,S010,P0028,C00109,2024-09-13,2,438.64
T1000130,S018,P0180,C00353,2024-02-14,9,389.85
T1000131,S008,P0084,C00802,2024-12-03,4,102.89
T1000132,S004,P0043,C00741,2025-09-25,9,463.27
T1000133,S013,P0141,C00164,2025-01-27,6,70.53
T1000134,S001,P0051,C00152,2024-04-24,3,221.06
T1000135,S016,P0118,C00410,2024-11-09,9,314.17
T1000136,S019,P0099,C00622,2025-06-18,6,240.96
T1000137,S009,P0081,C00963,2025-05-06,4,482.86
T1000138,S016,P0184,C00301,2025-08-19,6,311.17
T1000139,S011,P0118,C00449,2025-05-17,4,328.66
T1000140,S008,P0067,C00421,2025-07-04,7,243.11
T1000141,S014,P0060,C00535,2024-07-11,1,473.28
T1000142,S018,P0078,C00747,2024-03-30,3,453.48
T1000143,S013,P0065,C00149,2025-04-27,9,24.22
T1000144,S017,P0178,C00887,2025-01-01,3,373.46
T1000145,S015,P0076,C00335,2025-03-20,5,497.01
T1000146,S007,P0038,C00279,2025-06-15,4,95.99
T1000147,S002,P0131,C00336,2025-03-04,5,25.11
T1000148,S015,P0044,C00170,2024-03-12,9,125.19
T1000149,S009,P0016,C00136,2025-07-14,9,138.11
T1000150,S008,P0145,C00112,2024-07-01,3,194.82
T1000151,S005,P0200,C00847,2024-07-12,9,458.28
T1000152,S004,P0181,C00953,2025-05-24,6,320.2
T1000153,S002,P0010,C00081,2024-03-23,3,438.74
T1000154,S011,P0037,C00784,2025-08-12,9,267.81
T1000155,S004,P0137,C00434,2025-03-22,9,309.44
T1000156,S005,P0053,C00994,2025-06-22,3,337.33
T1000157,S011,P0156,C00769,2024-01-31,5,74.79
T1000158,S009,P0058,C00135,2025-09-09,4,180.67
T1000159,S014,P0167,C00602,2024-10-30,1,440.54
T1000160,S007,P0058,C00149,2024-01-10,4,139.56
T1000161,S017,P0023,C00938,2025-05-28,6,269.02
T1000162,S012,P0127,C00790,2025-08-09,6,448.1
T1000163,S010,P0088,C00690,2024-10-27,4,443.9
T1000164,S008,P0010,C00001,2025-03-20,9,153.48
T1000165,S015,P0073,C00155,2024-01-31,7,354.36
T1000166,S001,P0123,C00457,2024-07-27,4,158.65
T1000167,S012,P0097,C00684,2025-03-20,3,361.46
T1000168,S013,P0048,C00108,2024-10-28,3,219.15
T1000169,S002,P0197,C00421,2024-02-14,6,122.27
T1000170,S014,P0100,C00151,2025-05-20,8,432.64
T1000171,S004,P0032,C00711,2024-07-14,5,410.79
T1000172,S020,P0114,C00395,2024-05-20,6,48.78
T1000173,S007,P0089,C00565,2024-02-09,8,331.65
T1000174,S006,P0159,C00671,2025-05-15,3,446.63
T1000175,S014,P0054,C00769,2024-06-22,5,291.62
T1000176,S016,P0033,C00577,2024-09-29,9,257.22
T1000177,S005,P0187,C00089,2025-07-04,2,29.73
T1000178,S013,P0078,C00734,2024-04-13,7,166.34
T1000179,S012,P0127,C00731,2025-03-15,7,317.26
T1000180,S005,P0118,C00046,2024-05-08,3,439.15
T1000181,S016,P0154,C00624,2024-01-16,2,87.14
T1000182,S005,P0064,C00418,2024-03-30,9,347.51
T1000183,S007,P0164,C00934,2024-02-15,2,320.38
T1000184,S012,P0028,C00205,2024-06-30,9,454.49
T1000185,S014,P0065,C00967,2024-05-09,6,247.98
T1000186,S017,P0068,C00164,2024-04-15,8,367.72
T1000187,S012,P0186,C00028,2024-11-26,4,170.25
T1000188,S001,P0033,C00720,2025-08-21,1,335.79
T1000189,S010,P0038,C00523,2024-03-18,9,416.65
T1000190,S008,P0083,C00909,2024-06-24,4,441.7
T1000191,S010,P0023,C00722,2024-12-20,7,171.14
T1000192,S019,P0169,C00840,2024-11-02,7,492.4
T1000193,S009,P0160,C00482,2024-04-28,4,129.21
T1000194,S012,P0143,C00990,2025-07-08,5,24.4
T1000195,S008,P0125,C00928,2025-04-15,8,325.88
T1000196,S009,P0172,C01000,2024-06-08,4,433.61
T1000197,S011,P0112,C00454,2024-08-16,9,31.43
T1000198,S002,P0095,C00558,2024-10-18,3,143.79
T1000199,S003,P0025,C00673,2024-12-26,5,224.2
T1000200,S005,P0038,C00119,2025-08-11,8,257.07
T1000201,S006,P0059,C00256,2024-07-28,1,492.48
T1000202,S011,P0198,C00633,2024-01-02,6,410.33
T1000203,S008,P0072,C00884,2024-04-18,1,262.61
T1000204,S013,P0057,C00711,2024-07-10,6,202.05
T1000205,S018,P0060,C00111,2025-03-02,7,150.43
T1000206,S019,P0118,C00069,2024-03-01,6,98.87
T1000207,S008,P0089,C00555,2024-11-17,9,126.51
T1000208,S008,P0192,C00583,2025-04-02,1,491.16
T1000209,S013,P0040,C00350,2024-06-13,5,457.11
T1000210,S010,P0101,C00953,2024-01-08,1,471.73
T1000211,S013,P0025,C00233,2025-09-27,7,183.12
T1000212,S008,P0052,C00788,2025-03-28,2,290.59
T1000213,S006,P0194,C00728,2025-07-14,3,408.17
T1000214,S010,P0014,C00055,2024-10-25,1,466.4
T1000215,S007,P0012,C00661,2025-04-12,4,76.95
T1000216,S012,P0146,C00339,2024-08-20,9,167.37
T1000217,S004,P0046,C00361,2024-12-15,8,94.21
T1000218,S016,P0193,C00627,2024-01-18,7,181.6
T1000219,S012,P0178,C00965,2024-07-28,9,81.21
T1000220,S012,P0051,C00959,2024-02-23,1,198.52
T1000221,S018,P0006,C00500,2024-10-30,4,472.27
T1000222,S012,P0015,C00975,2025-07-04,7,449.4
T1000223,S014,P0019,C00406,2024-09-17,4,97.3
T1000224,S011,P0110,C00310,2025-09-07,9,213.64
T1000225,S019,P0040,C00949,2025-06-24,6,319.71
T1000226,S018,P0005,C00171,2025-09-13,4,357.76
T1000227,S002,P0132,C00356,2024-07-10,1,210.24
T1000228,S020,P0121,C00219,2025-04-05,4,480.74
T1000229,S001,P0117,C00908,2025-06-07,1,495.06
T1000230,S016,P0089,C00497,2024-01-15,1,87.66
T1000231,S020,P0149,C00366,2024-02-04,5,490.25
T1000232,S018,P0067,C00244,2025-07-06,8,59.97
T1000233,S004,P0181,C00772,2025-07-07,6,185.23
T1000234,S005,P0019,C00935,2024-07-02,2,172.55
T1000235,S019,P0173,C00049,2025-09-12,1,20.63
T1000236,S005,P0079,C00371,2024-03-24,9,378.11
T1000237,S019,P0140,C00894,2025-01-30,6,283.04
T1000238,S012,P0063,C00907,2025-08-21,6,455.8
T1000239,S019,P0110,C00539,2025-01-20,6,480.38
T1000240,S011,P0035,C00905,2024-06-11,1,42.89
T1000241,S016,P0120,C00476,2025-07-11,1,9.86
T1000242,S014,P0160,C00319,2024-12-16,2,231.64
T1000243,S015,P0097,C00538,2024-10-16,6,214.7
T1000244,S001,P0168,C00893,2025-05-26,8,347.7
T1000245,S020,P0184,C00018,2025-01-05,9,127.37
T1000246,S008,P0099,C00902,2024-06-06,9,182.27
T1000247,S010,P0023,C00006,2024-06-05,8,20.42
T1000248,S008,P0059,C00768,2024-05-26,7,6.84
T1000249,S012,P0025,C00571,2024-05-24,5,298.43
T1000250,S006,P0041,C00250,2025-05-19,1,228.38
T1000251,S020,P0051,C00436,2025-06-05,4,243.62
T1000252,S016,P0003,C00695,2024-03-25,2,472.39
T1000253,S005,P0050,C00650,2025-09-02,9,20.35
T1000254,S014,P0199,C00328,2024-02-06,4,497.18
T1000255,S015,P0101,C00661,2024-07-17,7,8.78
T1000256,S014,P0001,C00503,2024-06-22,8,200.4
T1000257,S020,P0146,C00013,2024-04-05,2,317.35
T1000258,S010,P0171,C00997,2024-07-11,3,150.48
T1000259,S008,P0038,C00560,2025-06-11,8,450.93
T1000260,S001,P0054,C00984,2024-05-22,8,270.63
T1000261,S019,P0139,C00119,2024-01-29,1,255.85
T1000262,S008,P0190,C00379,2024-05-02,5,50.74
T1000263,S008,P0165,C00235,2024-09-29,9,444.71
T1000264,S015,P0178,C00110,2025-09-17,8,210.62
T1000265,S007,P0021,C00342,2024-01-08,3,220.54
T1000266,S006,P0183,C00580,2024-09-11,9,285.35
T1000267,S020,P0020,C00084,2024-12-05,2,111.4
T1000268,S003,P0179,C00381,2024-07-23,3,109.14
T1000269,S003,P0146,C00041,2024-10-12,4,371.38
T1000270,S004,P0023,C00010,2025-03-26,7,114.88
T1000271,S008,P0105,C00991,2025-05-29,3,128.76
T1000272,S007,P0104,C00351,2025-07-03,2,213.16
T1000273,S007,P0130,C00353,2025-05-30,5,13.57
T1000274,S004,P0149,C00887,2024-03-12,8,312.33
T1000275,S003,P0012,C00719,2024-03-27,1,305.07
T1000276,S019,P0195,C00229,2025-01-26,7,63.91
T1000277,S020,P0034,C00984,2025-02-25,3,397.06
T1000278,S004,P0040,C00517,2025-06-02,3,30.58
T1000279,S015,P0002,C00286,2024-05-10,6,177.72
T1000280,S004,P0074,C00086,2025-05-22,2,239.01
T1000281,S001,P0014,C00890,2024-03-04,3,374.08
T1000282,S006,P0088,C00866,2024-11-09,8,200.23
T1000283,S009,P0040,C00916,2024-10-01,2,285.28
T1000284,S005,P0099,C00417,2024-08-17,1,302.81
T1000285,S012,P0139,C00325,2024-07-08,2,359.24
T1000286,S013,P0014,C00732,2024-01-21,6,281.4
T1000287,S019,P0034,C00048,2024-06-16,4,232.53
T1000288,S018,P0054,C00132,2025-09-19,2,40.6
T1000289,S012,P0063,C00157,2024-08-22,8,498.01
T1000290,S017,P0124,C00102,2024-08-11,3,372.47
T1000291,S019,P0078,C00647,2024-12-05,2,349.48
T1000292,S006,P0131,C00637,2025-03-26,9,71.27
T1000293,S015,P0180,C00566,2025-02-18,5,45.54
T1000294,S002,P0002,C00376,2025-01-09,1,82.74
T1000295,S015,P0151,C00728,2024-03-31,6,308.07
T1000296,S001,P0127,C00057,2024-05-24,7,76.0
T1000297,S001,P0036,C00823,2024-01-13,4,95.54
T1000298,S014,P0058,C00646,2024-08-23,2,101.55
T1000299,S010,P0186,C00188,2025-06-08,1,165.35
T1000300,S013,P0028,C00194,2024-02-10,9,88.88
T1000301,S003,P0046,C00440,2025-02-04,5,141.21
T1000302,S003,P0112,C00100,2024-07-31,4,313.26
T1000303,S015,P0018,C00381,2025-04-20,9,138.18
T1000304,S008,P0153,C00800,2024-05-04,8,276.31
T1000305,S012,P0171,C00160,2024-05-06,7,125.8
T1000306,S008,P0119,C00623,2024-07-07,5,397.83
T1000307,S007,P0047,C00547,2024-08-06,9,356.84
T1000308,S001,P0041,C00173,2024-05-17,3,43.81
T1000309,S008,P0024,C00501,2024-04-24,4,53.29
T1000310,S011,P0173,C00522,2025-02-26,8,413.44
T1000311,S006,P0194,C00176,2025-07-16,6,417.63
T1000312,S013,P0183,C00254,2024-02-16,3,29.37
T1000313,S005,P0136,C00067,2025-04-05,4,314.37
T1000314,S004,P0082,C00584,2024-02-10,2,32.3
T1000315,S006,P0131,C00240,2024-06-06,7,363.74
T1000316,S019,P0148,C00510,2025-06-30,8,212.59
T1000317,S013,P0012,C00994,2025-02-17,4,254.68
T1000318,S005,P0038,C00150,2024-05-14,4,178.37
T1000319,S007,P0158,C00035,2025-01-08,9,66.1
T1000320,S019,P0200,C00938,2024-06-13,9,432.91
T1000321,S013,P0085,C00560,2024-08-14,1,108.81
T1000322,S003,P0121,C00806,2025-06-02,6,480.47
T1000323,S018,P0100,C00720,2024-11-09,8,68.92
T1000324,S004,P0051,C00044,2024-10-29,8,156.17
T1000325,S006,P0031,C00994,2025-07-05,1,398.79
T1000326,S014,P0139,C00426,2024-07-05,6,314.32
T1000327,S001,P0165,C00762,2025-05-11,6,454.61
T1000328,S013,P0080,C00308,2024-03-08,1,458.8
T1000329,S019,P0183,C00633,2025-04-22,3,144.58
T1000330,S010,P0104,C00183,2024-03-20,6,8.81
T1000331,S004,P0181,C00615,2024-03-18,1,415.18
T1000332,S006,P0048,C00931,2024-07-30,5,325.98
T1000333,S016,P0172,C00606,2024-06-26,9,179.54
T1000334,S018,P0166,C00323,2024-09-19,1,351.01
T1000335,S016,P0007,C00697,2025-08-23,5,213.69
T1000336,S013,P0074,C00600,2024-12-09,6,486.72
T1000337,S010,P0064,C00644,2024-06-25,8,325.98
T1000338,S014,P0191,C00530,2024-04-17,9,99.87
T1000339,S014,P0103,C00285,2025-09-03,7,379.77
T1000340,S002,P0021,C00874,2024-07-13,9,204.0
T1000341,S002,P0162,C00551,2024-02-26,3,368.33
T1000342,S018,P0074,C00688,2024-09-13,2,15.27
T1000343,S010,P0028,C00844,2024-05-25,9,133.56
T1000344,S004,P0124,C00787,2024-07-10,7,39.28
T1000345,S020,P0147,C00161,2024-09-01,5,239.91
T1000346,S009,P0023,C00239,2024-12-24,5,230.95
T1000347,S016,P0127,C00034,2024-09-13,3,483.84
T1000348,S001,P0034,C00703,2025-04-20,1,114.87
T1000349,S018,P0131,C00492,2024-02-12,4,140.4
T1000350,S010,P0006,C00095,2024-11-11,7,89.54
T1000351,S016,P0194,C00910,2024-01-27,6,440.01
T1000352,S016,P0087,C00364,2024-12-27,4,241.72
T1000353,S009,P0148,C00861,2024-04-07,4,250.65
T1000354,S001,P0093,C00466,2025-01-02,9,148.35
T1000355,S018,P0151,C00195,2024-04-20,5,312.85
T1000356,S012,P0020,C00132,2025-03-28,8,121.96
T1000357,S009,P0069,C00981,2024-05-06,6,114.78
T1000358,S013,P0070,C00400,2024-11-12,9,268.29
T1000359,S017,P0016,C00965,2024-08-31,9,278.99
T1000360,S019,P0149,C00548,2025-09-03,6,335.34
T1000361,S010,P0101,C00534,2024-05-11,5,229.61
T1000362,S015,P0147,C00103,2024-06-16,5,139.93
T1000363,S011,P0074,C00094,2024-11-21,6,242.28
T1000364,S013,P0134,C00128,2024-08-12,3,353.52
T1000365,S006,P0023,C00606,2024-05-24,6,122.91
T1000366,S003,P0057,C00553,2025-05-28,4,354.81
T1000367,S003,P0102,C00401,2024-12-28,4,79.62
T1000368,S009,P0167,C00367,2024-02-09,4,336.71
T1000369,S003,P0072,C00330,2025-01-09,7,146.16
T1000370,S004,P0059,C00192,2024-02-09,7,78.38
T1000371,S008,P0178,C00876,2025-07-08,4,304.07
T1000372,S009,P0085,C00801,2025-01-22,1,132.43
T1000373,S004,P0176,C00526,2024-12-30,8,10.01
T1000374,S020,P0195,C00619,2025-07-13,4,205.94
T1000375,S010,P0126,C00833,2024-05-10,6,321.41
T1000376,S001,P0030,C00828,2024-02-17,6,156.82
T1000377,S014,P0079,C00298,2025-03-18,2,182.94
T1000378,S004,P0042,C00930,2024-10-15,5,6.43
T1000379,S012,P0151,C00937,2024-01-24,1,197.65
T1000380,S020,P0181,C00299,2024-01-22,3,225.64
T1000381,S002,P0038,C00446,2025-03-21,6,133.98
T1000382,S017,P0006,C00082,2024-02-09,8,346.01
T1000383,S020,P0107,C00268,2024-12-22,8,192.8
T1000384,S019,P0054,C00709,2025-03-20,3,378.35
T1000385,S014,P0020,C00222,2025-06-14,6,473.33
T1000386,S011,P0098,C00230,2024-03-02,5,49.65
T1000387,S007,P0100,C00977,2024-12-19,5,168.61
T1000388,S019,P0190,C00996,2024-12-21,3,332.17
T1000389,S006,P0058,C00369,2024-06-17,6,460.57
T1000390,S006,P0068,C00662,2024-05-16,5,108.79
T1000391,S005,P0171,C00083,2024-03-29,3,246.92
T1000392,S002,P0007,C00546,2024-06-08,5,212.98
T1000393,S001,P0023,C00544,2025-07-12,1,187.42
T1000394,S014,P0051,C00358,2024-09-30,6,42.32
T1000395,S015,P0099,C00693,2024-12-10,7,164.73
T1000396,S016,P0027,C00914,2024-08-28,9,412.57
T1000397,S007,P0002,C00858,2024-06-03,1,178.47
T1000398,S016,P0160,C00259,2025-01-24,7,470.23
T1000399,S018,P0065,C00968,2024-10-28,2,49.29
T1000400,S006,P0096,C00239,2025-04-17,4,467.41
T1000401,S016,P0079,C00929,2024-01-28,4,151.61
T1000402,S010,P0136,C00721,2024-12-06,6,62.74
T1000403,S014,P0018,C00577,2024-06-17,1,492.61
T1000404,S009,P0193,C00921,2024-10-24,8,75.15
T1000405,S016,P0100,C00890,2024-06-08,6,61.61
T1000406,S011,P0082,C00870,2025-08-23,4,213.03
T1000407,S011,P0130,C00129,2024-05-31,2,297.15
T1000408,S003,P0042,C00515,2025-05-08,3,273.22
T1000409,S011,P0184,C00175,2024-07-31,5,317.49
T1000410,S019,P0074,C00208,2024-01-03,1,310.14
T1000411,S010,P0029,C00226,2024-08-23,8,358.03
T1000412,S006,P0018,C00874,2025-02-24,5,180.01
T1000413,S017,P0139,C00353,2025-09-30,8,61.85
T1000414,S010,P0162,C00371,2024-07-20,4,95.04
T1000415,S019,P0122,C00981,2024-06-10,2,236.75
T1000416,S002,P0133,C00641,2024-01-28,4,326.03
T1000417,S013,P0059,C00817,2025-09-16,8,478.42
T1000418,S016,P0074,C00388,2025-04-10,2,51.15
T1000419,S010,P0089,C00613,2024-03-08,5,245.04
T1000420,S015,P0121,C00597,2024-06-20,2,147.51
T1000421,S014,P0183,C00202,2024-11-19,2,343.56
T1000422,S012,P0143,C00716,2024-03-13,1,452.12
T1000423,S019,P0060,C00249,2024-01-04,3,442.42
T1000424,S017,P0086,C00183,2025-03-12,4,403.67
T1000425,S013,P0090,C00474,2024-04-24,8,379.65
T1000426,S020,P0089,C00817,2025-04-07,9,324.92
T1000427,S002,P0024,C00368,2024-09-18,1,474.9
T1000428,S013,P0144,C00945,2024-07-31,5,410.68
T1000429,S005,P0012,C00112,2025-05-13,5,33.46
T1000430,S004,P0181,C00795,2025-06-11,6,311.29
T1000431,S013,P0109,C00585,2025-08-30,4,299.59
T1000432,S019,P0197,C00023,2025-03-08,4,486.89
T1000433,S018,P0170,C00329,2025-01-04,6,283.55
T1000434,S013,P0076,C00676,2025-02-04,4,360.44
T1000435,S010,P0163,C00683,2025-06-16,6,129.91
T1000436,S016,P0018,C00744,2025-04-01,6,279.66
T1000437,S015,P0072,C00963,2024-10-13,8,191.23
T1000438,S011,P0012,C00712,2024-05-02,7,133.92
T1000439,S010,P0086,C00054,2025-07-26,9,99.91
T1000440,S010,P0097,C00049,2024-11-26,8,132.91
T1000441,S011,P0144,C00366,2024-03-01,2,432.34
T1000442,S017,P0107,C00650,2024-04-21,3,356.72
T1000443,S007,P0143,C00502,2025-01-03,1,445.16
T1000444,S016,P0035,C00419,2025-04-22,9,81.8
T1000445,S016,P0019,C00213,2024-11-10,4,360.06
T1000446,S001,P0070,C00099,2024-10-12,9,29.32
T1000447,S008,P0169,C00797,2025-04-12,7,159.31
T1000448,S006,P0056,C00211,2024-10-04,3,288.15
T1000449,S013,P0092,C00812,2024-02-26,9,20.17
T1000450,S003,P0108,C00681,2024-11-29,4,439.35
T1000451,S001,P0089,C00141,2024-07-13,2,196.99
T1000452,S020,P0090,C00803,2025-03-18,7,154.07
T1000453,S015,P0037,C00386,2025-08-31,3,32.3
T1000454,S005,P0063,C00193,2025-05-28,3,399.69
T1000455,S001,P0112,C00335,2024-07-15,4,376.4
T1000456,S018,P0066,C00826,2024-11-05,2,86.11
T1000457,S003,P0045,C00051,2024-03-31,7,435.9
T1000458,S020,P0058,C00972,2024-09-16,5,213.51
T1000459,S018,P0052,C00215,2025-01-19,3,205.91
T1000460,S002,P0079,C00909,2025-04-15,5,89.76
T1000461,S006,P0107,C00725,2024-05-13,8,80.03
T1000462,S004,P0089,C00983,2024-01-05,6,434.4
T1000463,S002,P0156,C00973,2025-08-10,3,460.02
T1000464,S008,P0088,C00729,2024-09-09,2,335.04
T1000465,S001,P0063,C00027,2025-04-16,7,210.24
T1000466,S006,P0168,C00939,2024-04-24,5,251.51
T1000467,S013,P0116,C00241,2024-04-25,5,33.51
T1000468,S016,P0107,C00121,2025-02-26,1,431.16
T1000469,S009,P0179,C00483,2025-08-15,8,164.23
T1000470,S001,P0147,C00579,2024-10-07,4,398.85
T1000471,S015,P0062,C00951,2025-03-30,3,316.32
T1000472,S002,P0042,C00097,2024-11-19,2,49.94
T1000473,S007,P0033,C00670,2024-05-13,4,34.34
T1000474,S013,P0040,C00801,2025-06-04,5,143.14
T1000475,S011,P0111,C00079,2024-02-21,2,414.07
T1000476,S014,P0080,C00152,2024-05-16,7,58.87
T1000477,S006,P0019,C00781,2024-11-01,8,122.79
T1000478,S012,P0089,C00077,2025-01-30,9,214.57
T1000479,S010,P0012,C00772,2025-09-23,2,22.93
T1000480,S004,P0173,C00383,2025-02-16,1,279.19
T1000481,S003,P0036,C00331,2025-03-07,8,181.55
T1000482,S010,P0169,C00158,2025-05-03,6,270.94
T1000483,S020,P0165,C00898,2024-03-18,6,483.52
T1000484,S001,P0047,C00656,2025-07-20,6,243.05
T1000485,S019,P0043,C00215,2024-09-02,2,187.25
T1000486,S020,P0041,C00142,2025-04-11,6,130.89
T1000487,S010,P0125,C00205,2024-02-21,6,419.55
T1000488,S005,P0167,C00717,2024-06-18,2,256.32
T1000489,S004,P0138,C00344,2024-11-05,1,99.62
T1000490,S010,P0146,C00549,2025-02-05,8,378.25
T1000491,S001,P0055,C00406,2024-10-15,9,162.03
T1000492,S018,P0012,C00428,2024-05-15,4,18.27
T1000493,S004,P0047,C00217,2025-08-16,4,414.82
T1000494,S004,P0109,C00953,2024-03-07,8,375.96
T1000495,S013,P0050,C00406,2025-03-24,3,325.13
T1000496,S006,P0170,C00241,2025-04-19,5,219.06
T1000497,S010,P0031,C00716,2024-06-28,2,198.56
T1000498,S010,P0113,C00016,2024-09-11,6,263.96
T1000499,S002,P0171,C00735,2025-04-30,5,146.16
T1000500,S014,P0075,C00678,2024-06-29,3,398.54
T1000501,S013,P0173,C00319,2024-11-14,6,186.1
T1000502,S019,P0091,C00904,2025-08-18,3,301.27
T1000503,S011,P0186,C00097,2024-09-13,6,333.48
T1000504,S006,P0194,C00531,2025-05-14,9,288.65
T1000505,S019,P0026,C00401,2024-04-15,7,383.47
T1000506,S017,P0017,C00218,2024-01-12,4,87.46
T1000507,S008,P0064,C00924,2024-01-02,7,16.38
T1000508,S012,P0032,C00874,2025-02-15,1,84.31
T1000509,S006,P0025,C00703,2025-01-16,4,298.49
T1000510,S003,P0149,C00185,2024-12-17,9,293.49
T1000511,S015,P0023,C00838,2024-10-26,3,180.5
T1000512,S002,P0063,C00348,2025-09-02,6,275.9
T1000513,S012,P0067,C00875,2024-05-06,2,144.62
T1000514,S019,P0157,C00456,2025-05-10,7,6.73
T1000515,S011,P0115,C00192,2024-09-14,5,92.99
T1000516,S010,P0060,C00265,2024-06-27,7,36.45
T1000517,S003,P0083,C00064,2024-08-29,5,17.21
T1000518,S011,P0078,C00789,2024-12-24,5,454.23
T1000519,S008,P0113,C00083,2025-09-08,2,333.35
T1000520,S012,P0178,C00254,2025-08-11,4,442.32
T1000521,S020,P0003,C00441,2025-05-06,7,95.95
T1000522,S012,P0035,C00599,2024-08-30,1,170.39
T1000523,S013,P0045,C00884,2024-08-16,5,150.01
T1000524,S013,P0177,C00803,2024-03-27,2,365.83
T1000525,S003,P0053,C00623,2024-05-16,6,286.21
T1000526,S019,P0169,C00432,2025-08-16,6,332.88
T1000527,S005,P0161,C00804,2024-05-03,6,304.84
T1000528,S009,P0038,C00078,2024-10-20,6,417.12
T1000529,S014,P0128,C00225,2024-10-22,4,391.19
T1000530,S013,P0024,C00884,2025-09-28,6,186.05
T1000531,S004,P0047,C00803,2024-01-15,3,473.39
T1000532,S002,P0034,C00310,2025-05-27,3,495.1
T1000533,S008,P0166,C00007,2025-06-18,1,39.67
T1000534,S020,P0146,C00245,2024-11-14,7,305.1
T1000535,S015,P0012,C00816,2024-09-19,5,274.56
T1000536,S009,P0045,C00046,2025-07-03,2,282.51
T1000537,S015,P0044,C00588,2024-09-26,6,247.68
T1000538,S012,P0160,C00797,2025-05-15,6,296.73
T1000539,S018,P0008,C00320,2025-02-14,4,392.7
T1000540,S019,P0121,C00235,2024-11-11,5,230.54
T1000541,S013,P0044,C00535,2025-04-29,8,278.94
T1000542,S019,P0075,C00898,2025-03-29,6,454.76
T1000543,S009,P0035,C00363,2024-06-30,4,79.37
T1000544,S009,P0009,C00985,2024-09-19,9,107.24
T1000545,S004,P0123,C00432,2025-04-23,9,356.18
T1000546,S008,P0063,C00406,2024-12-06,3,185.44
T1000547,S004,P0009,C00838,2024-09-20,5,458.55
T1000548,S007,P0109,C00348,2025-04-01,9,279.75
T1000549,S013,P0019,C00987,2024-07-21,6,444.72
T1000550,S005,P0054,C00865,2025-03-04,3,444.59
T1000551,S004,P0091,C00457,2024-05-17,5,393.22
T1000552,S020,P0182,C00837,2024-08-12,1,37.86
T1000553,S006,P0134,C00931,2024-01-08,8,355.35
T1000554,S009,P0034,C00172,2025-09-22,4,281.09
T1000555,S001,P0135,C00797,2025-05-18,1,76.82
T1000556,S011,P0197,C00839,2024-08-08,8,150.29
T1000557,S005,P0071,C00659,2024-11-11,1,141.18
T1000558,S018,P0070,C00497,2024-09-05,7,292.67
T1000559,S014,P0089,C00988,2025-07-26,4,74.66
T1000560,S004,P0017,C00954,2024-09-01,4,384.01
T1000561,S019,P0170,C00191,2025-06-08,6,37.68
T1000562,S007,P0179,C00142,2024-10-05,2,213.21
T1000563,S005,P0080,C00361,2024-07-08,1,433.23
T1000564,S011,P0131,C00316,2024-09-07,3,32.06
T1000565,S013,P0027,C00344,2024-02-28,5,24.89
T1000566,S017,P0022,C00736,2024-08-20,3,9.45
T1000567,S001,P0151,C00094,2025-09-10,7,71.48
T1000568,S004,P0101,C00957,2024-04-25,4,402.2
T1000569,S010,P0083,C00560,2025-07-20,5,298.89
T1000570,S006,P0053,C00465,2024-03-31,2,87.09
T1000571,S005,P0179,C00605,2024-04-17,5,249.96
T1000572,S012,P0089,C00026,2024-12-10,8,325.52
T1000573,S011,P0064,C00368,2024-08-12,3,468.42
T1000574,S007,P0154,C00663,2024-02-11,7,160.39
T1000575,S012,P0030,C00428,2025-07-11,5,164.28
T1000576,S007,P0020,C00813,2025-06-04,5,37.42
T1000577,S005,P0183,C00364,2024-09-11,6,344.81
T1000578,S003,P0109,C00119,2024-08-11,5,127.57
T1000579,S002,P0142,C00897,2024-10-27,3,416.39
T1000580,S006,P0080,C00989,2025-09-15,1,253.68
T1000581,S002,P0149,C00526,2024-01-28,6,417.26
T1000582,S016,P0162,C00391,2025-08-14,9,130.34
T1000583,S015,P0188,C00471,2025-06-24,3,35.51
T1000584,S009,P0175,C00894,2025-06-02,2,184.87
T1000585,S009,P0140,C00007,2024-03-25,8,292.1
T1000586,S009,P0187,C00153,2024-05-28,5,201.86
T1000587,S004,P0063,C00670,2025-04-09,9,489.2
T1000588,S001,P0005,C00981,2024-05-22,8,494.3
T1000589,S009,P0032,C00244,2025-01-26,5,261.44
T1000590,S003,P0012,C00842,2025-03-20,3,394.5
T1000591,S007,P0103,C00552,2024-12-03,8,497.47
T1000592,S017,P0191,C00775,2025-08-22,3,169.63
T1000593,S014,P0192,C00849,2024-11-21,1,482.35
T1000594,S013,P0055,C00809,2025-03-21,6,419.25
T1000595,S003,P0011,C00726,2024-11-12,1,161.53
T1000596,S009,P0051,C00692,2024-12-10,8,44.74
T1000597,S018,P0057,C00032,2025-05-02,9,196.85
T1000598,S009,P0110,C00025,2024-11-30,8,95.15
T1000599,S018,P0114,C00385,2024-05-16,5,301.44
T1000600,S002,P0166,C00547,2024-03-21,2,182.92
T1000601,S019,P0179,C00088,2025-08-02,2,120.3
T1000602,S006,P0050,C00215,2025-07-06,3,387.39
T1000603,S013,P0097,C00333,2024-03-15,5,264.19
T1000604,S020,P0054,C00555,2024-02-23,1,50.59
T1000605,S006,P0142,C00996,2025-07-08,4,169.57
T1000606,S012,P0200,C00203,2024-03-01,7,210.23
T1000607,S001,P0017,C00205,2025-03-12,8,254.14
T1000608,S012,P0034,C00489,2024-02-13,5,91.49
T1000609,S009,P0100,C00644,2024-05-14,3,467.85
T1000610,S005,P0168,C00296,2025-06-28,3,416.82
T1000611,S012,P0196,C00842,2025-06-27,1,113.53
T1000612,S017,P0077,C00300,2024-05-13,5,149.09
T1000613,S018,P0158,C00671,2025-02-02,5,110.69
T1000614,S001,P0173,C00008,2025-04-06,3,253.02
T1000615,S009,P0157,C00032,2025-03-07,1,95.82
T1000616,S009,P0058,C00622,2025-07-13,3,300.71
T1000617,S015,P0175,C00132,2024-12-29,4,421.41
T1000618,S020,P0090,C00778,2024-11-19,7,267.28
T1000619,S014,P0174,C00379,2024-12-08,9,476.6
T1000620,S005,P0137,C00182,2025-09-11,5,315.1
T1000621,S007,P0198,C00687,2024-02-10,7,372.5
T1000622,S020,P0138,C00501,2024-06-13,6,184.28
T1000623,S012,P0060,C00451,2024-04-05,6,78.29
T1000624,S019,P0058,C00277,2025-05-27,2,360.67
T1000625,S010,P0192,C00443,2024-07-19,8,236.35
T1000626,S007,P0072,C00192,2024-04-15,1,318.26
T1000627,S009,P0125,C00281,2025-06-30,4,18.15
T1000628,S010,P0109,C00572,2025-09-29,5,70.91
T1000629,S015,P0169,C00004,2025-03-16,5,278.63
T1000630,S016,P0051,C00728,2024-09-10,3,247.85
T1000631,S016,P0050,C00419,2024-07-11,9,46.83
T1000632,S007,P0188,C00131,2025-02-21,1,408.26
T1000633,S013,P0100,C00023,2024-07-08,5,274.71
T1000634,S004,P0181,C00384,2024-06-09,7,470.9
T1000635,S009,P0117,C00787,2024-01-06,2,407.87
T1000636,S015,P0086,C00343,2025-03-19,2,243.98
T1000637,S004,P0178,C00206,2024-06-17,4,80.73
T1000638,S004,P0072,C00928,2024-10-24,9,72.84
T1000639,S017,P0025,C00815,2024-06-13,7,190.12
T1000640,S008,P0181,C00538,2024-09-03,5,466.09
T1000641,S020,P0159,C00222,2025-04-16,6,279.51
T1000642,S005,P0128,C00923,2024-05-18,7,475.98
T1000643,S014,P0050,C00774,2024-05-04,8,112.14
T1000644,S013,P0022,C00626,2024-02-11,7,324.44
T1000645,S001,P0161,C00572,2025-02-09,3,439.61
T1000646,S018,P0044,C00374,2024-06-01,5,212.82
T1000647,S004,P0027,C00168,2025-03-16,1,423.26
T1000648,S018,P0199,C00331,2025-08-28,6,315.31
T1000649,S011,P0132,C00078,2024-11-29,4,343.62
T1000650,S003,P0088,C00072,2024-02-02,2,71.63
T1000651,S005,P0125,C00684,2025-04-01,9,135.09
T1000652,S002,P0111,C00990,2025-09-04,5,105.47
T1000653,S009,P0074,C00480,2025-08-28,3,489.26
T1000654,S008,P0167,C00742,2025-01-08,6,23.84
T1000655,S006,P0022,C00225,2025-09-07,9,121.72
T1000656,S013,P0017,C00942,2025-01-27,4,476.97
T1000657,S018,P0110,C00292,2024-07-24,8,366.15
T1000658,S004,P0053,C00826,2024-07-27,8,261.92
T1000659,S010,P0173,C00599,2024-07-02,4,123.46
T1000660,S013,P0099,C00495,2024-04-25,9,407.2
T1000661,S001,P0095,C00025,2025-08-08,4,396.0
T1000662,S009,P0088,C00892,2024-05-25,6,64.5
T1000663,S014,P0133,C00720,2025-05-12,8,354.07
T1000664,S019,P0188,C00885,2024-05-12,3,25.68
T1000665,S018,P0046,C00936,2025-03-15,1,292.37
T1000666,S008,P0177,C00250,2025-06-22,9,227.06
T1000667,S019,P0112,C00980,2025-09-27,5,476.91
T1000668,S014,P0128,C00104,2024-03-28,1,463.33
T1000669,S013,P0004,C00248,2024-01-12,7,58.51
T1000670,S020,P0017,C00124,2024-11-02,6,290.63
T1000671,S012,P0074,C00916,2024-03-10,8,102.42
T1000672,S007,P0108,C00193,2025-08-30,9,394.1
T1000673,S011,P0160,C00433,2025-09-16,8,68.14
T1000674,S005,P0079,C00429,2025-01-26,3,432.0
T1000675,S006,P0058,C00372,2025-01-22,5,249.39
T1000676,S019,P0191,C00592,2024-07-23,6,124.13
T1000677,S015,P0060,C00194,2025-04-25,6,171.86
T1000678,S018,P0143,C00693,2025-05-03,5,433.1
T1000679,S007,P0021,C00554,2024-10-28,6,431.13
T1000680,S019,P0087,C00492,2024-09-18,9,151.81
T1000681,S006,P0052,C00461,2025-01-17,5,422.87
T1000682,S001,P0003,C00885,2024-07-05,9,315.3
T1000683,S004,P0037,C00280,2024-11-25,2,310.14
T1000684,S006,P0001,C00597,2025-08-26,2,315.7
T1000685,S011,P0198,C00025,2024-09-04,8,257.66
T1000686,S002,P0133,C00254,2024-06-28,5,414.03
T1000687,S016,P0004,C00391,2025-01-05,8,430.1
T1000688,S001,P0090,C00612,2025-04-27,9,469.91
T1000689,S017,P0085,C00427,2025-01-12,1,498.98
T1000690,S003,P0151,C00702,2025-09-22,1,71.28
T1000691,S002,P0124,C00590,2024-03-09,8,28.33
T1000692,S013,P0133,C00300,2024-07-27,8,171.24
T1000693,S007,P0140,C00963,2024-03-16,7,187.05
T1000694,S006,P0145,C00250,2024-02-21,6,446.72
T1000695,S001,P0169,C00748,2025-04-20,4,9.39
T1000696,S004,P0139,C00748,2024-01-18,9,145.74
T1000697,S013,P0122,C00963,2024-11-16,8,50.18
T1000698,S005,P0125,C00148,2024-01-05,7,10.94
T1000699,S008,P0091,C00053,2025-04-17,5,464.61
T1000700,S015,P0132,C00714,2024-10-31,8,352.56
T1000701,S020,P0177,C00781,2024-06-19,2,359.01
T1000702,S008,P0177,C00931,2024-11-27,5,147.63
T1000703,S007,P0055,C00736,2025-08-03,4,19.41
T1000704,S004,P0162,C00208,2024-08-13,7,446.44
T1000705,S011,P0017,C00868,2024-03-12,5,102.64
T1000706,S015,P0184,C00761,2024-05-12,8,306.76
T1000707,S002,P0057,C00344,2024-06-01,4,313.55
T1000708,S017,P0084,C00537,2025-04-24,5,248.99
T1000709,S006,P0088,C00511,2024-01-19,1,268.47
T1000710,S010,P0082,C00696,2024-07-28,5,482.62
T1000711,S009,P0128,C00016,2025-04-16,4,496.83
T1000712,S006,P0029,C00709,2025-01-13,4,216.91
T1000713,S018,P0066,C00758,2024-11-11,8,405.26
T1000714,S007,P0054,C00416,2024-01-12,1,126.96
T1000715,S005,P0161,C00592,2025-01-23,6,95.77
T1000716,S001,P0193,C00479,2025-01-21,4,285.03
T1000717,S012,P0023,C00036,2024-07-02,6,199.76
T1000718,S004,P0053,C00193,2024-06-09,2,181.31
T1000719,S015,P0049,C00215,2024-03-27,6,83.05
T1000720,S003,P0091,C00573,2024-02-17,3,20.51
T1000721,S005,P0045,C00458,2024-03-31,1,136.3
T1000722,S003,P0160,C00448,2024-10-22,7,414.37
T1000723,S005,P0106,C00520,2024-12-07,6,383.17
T1000724,S012,P0155,C00399,2025-06-03,2,289.96
T1000725,S001,P0025,C00725,2025-06-30,2,155.24
T1000726,S007,P0078,C00830,2024-04-30,9,155.12
T1000727,S012,P0165,C00728,2024-11-08,8,323.57
T1000728,S013,P0069,C00227,2024-01-16,1,112.72
T1000729,S013,P0161,C00849,2025-01-22,7,400.05
T1000730,S019,P0183,C00149,2024-02-15,3,217.37
T1000731,S019,P0082,C00307,2024-05-11,1,426.28
T1000732,S010,P0103,C00564,2025-04-18,1,280.74
T1000733,S005,P0135,C00701,2024-11-09,8,240.5
T1000734,S017,P0097,C00909,2024-11-16,6,35.76
T1000735,S008,P0038,C00693,2025-02-13,3,157.0
T1000736,S009,P0082,C00570,2025-05-25,7,341.57
T1000737,S001,P0193,C00726,2024-03-28,3,268.52
T1000738,S001,P0009,C00265,2025-01-06,7,58.22
T1000739,S014,P0018,C00796,2025-05-23,3,493.08
T1000740,S020,P0198,C00717,2025-02-09,4,138.8
T1000741,S015,P0011,C00539,2024-08-22,9,385.63
T1000742,S016,P0161,C00388,2025-06-18,8,385.23
T1000743,S003,P0054,C00796,2025-06-19,5,136.78
T1000744,S001,P0170,C00327,2025-07-20,9,471.66
T1000745,S005,P0087,C00563,2025-07-02,4,284.18
T1000746,S007,P0181,C00334,2024-06-03,5,23.37
T1000747,S015,P0131,C00535,2024-10-30,9,355.49
T1000748,S019,P0151,C00123,2024-10-13,3,199.88
T1000749,S016,P0159,C00243,2025-03-07,7,172.85
T1000750,S019,P0010,C00199,2025-05-20,7,103.22
T1000751,S008,P0190,C00893,2025-05-17,6,393.55
T1000752,S009,P0131,C00086,2024-05-07,6,216.52
T1000753,S008,P0162,C01000,2024-09-11,2,134.63
T1000754,S002,P0141,C00850,2025-05-04,9,83.13
T1000755,S015,P0191,C00542,2025-01-21,3,488.89
T1000756,S018,P0053,C00307,2024-09-09,1,466.79
T1000757,S003,P0149,C00099,2024-06-30,4,409.42
T1000758,S015,P0199,C00161,2025-01-04,5,209.31
T1000759,S009,P0098,C00228,2025-05-15,6,451.34
T1000760,S009,P0048,C00403,2024-09-08,6,341.76
T1000761,S008,P0047,C00270,2025-04-15,4,143.03
T1000762,S011,P0152,C00171,2024-04-05,7,475.4
T1000763,S017,P0027,C00332,2024-07-13,9,43.02
T1000764,S015,P0079,C00041,2024-07-13,8,96.5
T1000765,S009,P0119,C00058,2025-01-22,1,487.63
T1000766,S013,P0066,C00641,2025-03-12,5,414.57
T1000767,S007,P0036,C00164,2025-01-05,4,370.28
T1000768,S017,P0195,C00834,2025-07-10,6,102.72
T1000769,S015,P0118,C00341,2025-04-05,6,28.45
T1000770,S005,P0193,C00760,2024-03-25,7,42.37
T1000771,S013,P0193,C00460,2024-02-14,2,179.17
T1000772,S005,P0023,C00761,2025-08-04,5,203.57
T1000773,S006,P0146,C00795,2025-05-13,8,167.35
T1000774,S001,P0187,C00086,2024-12-15,4,418.69
T1000775,S007,P0069,C00692,2025-03-28,6,102.58
T1000776,S009,P0049,C00690,2024-03-01,1,73.79
T1000777,S017,P0036,C00944,2024-03-11,4,134.5
T1000778,S016,P0080,C00936,2024-03-10,5,46.52
T1000779,S003,P0199,C00697,2025-07-13,9,47.09
T1000780,S003,P0113,C00931,2024-10-06,6,396.74
T1000781,S015,P0047,C00725,2025-08-12,4,345.98
T1000782,S012,P0001,C00583,2024-05-01,2,186.36
T1000783,S013,P0115,C00776,2025-06-27,4,453.58
T1000784,S018,P0082,C00612,2025-08-23,2,87.54
T1000785,S003,P0159,C00335,2025-05-25,8,364.94
T1000786,S001,P0144,C00572,2024-08-03,7,270.92
T1000787,S014,P0113,C00505,2025-09-21,9,85.64
T1000788,S017,P0028,C00033,2024-09-26,2,379.62
T1000789,S004,P0075,C00229,2024-05-21,4,238.54
T1000790,S004,P0182,C00243,2025-09-30,3,475.02
T1000791,S018,P0136,C00547,2025-04-07,9,309.32
T1000792,S014,P0032,C00826,2024-03-17,1,16.38
T1000793,S004,P0103,C00152,2024-06-22,5,485.15
T1000794,S007,P0185,C00760,2025-09-17,6,488.58
T1000795,S002,P0153,C00100,2024-04-07,1,492.11
T1000796,S012,P0179,C00750,2025-01-05,2,144.61
T1000797,S001,P0094,C00345,2024-09-20,3,98.46
T1000798,S020,P0051,C00280,2025-08-06,6,476.02
T1000799,S018,P0173,C00067,2025-02-01,5,359.68
T1000800,S002,P0008,C00848,2025-06-14,8,312.98
T1000801,S003,P0148,C00414,2024-03-24,6,264.72
T1000802,S004,P0127,C00077,2025-05-09,8,340.74
T1000803,S006,P0069,C00468,2024-02-04,1,465.07
T1000804,S018,P0151,C00060,2025-04-17,7,55.87
T1000805,S007,P0016,C00859,2025-03-29,3,498.19
T1000806,S001,P0071,C00468,2024-05-30,5,473.64
T1000807,S012,P0092,C00712,2024-09-30,7,102.95
T1000808,S008,P0118,C00129,2024-06-30,6,459.13
T1000809,S002,P0051,C00394,2024-01-06,4,496.13
T1000810,S003,P0067,C00004,2024-08-24,7,473.36
T1000811,S007,P0199,C00212,2025-01-12,9,112.39
T1000812,S008,P0072,C00148,2024-11-25,1,110.55
T1000813,S014,P0101,C00155,2025-04-25,3,364.18
T1000814,S019,P0181,C00460,2024-02-01,9,385.62
T1000815,S006,P0171,C00393,2024-12-14,3,47.65
T1000816,S020,P0078,C00719,2025-03-19,3,236.92
T1000817,S018,P0016,C00002,2025-01-10,6,408.16
T1000818,S018,P0173,C00095,2025-05-25,5,96.12
T1000819,S020,P0165,C00172,2024-07-29,7,161.72
T1000820,S002,P0033,C00444,2025-09-09,3,22.16
T1000821,S002,P0025,C00336,2024-05-15,5,414.9
T1000822,S011,P0186,C00965,2024-04-08,4,219.07
T1000823,S008,P0036,C00638,2024-10-21,2,54.27
T1000824,S003,P0142,C00015,2024-06-22,8,61.5
T1000825,S008,P0132,C00022,2024-03-18,5,430.35
T1000826,S009,P0072,C00452,2024-10-02,1,481.83
T1000827,S005,P0170,C00420,2024-07-18,6,8.41
T1000828,S006,P0174,C00418,2025-04-22,1,217.29
T1000829,S003,P0088,C00788,2025-03-21,1,255.77
T1000830,S010,P0134,C00556,2024-07-01,8,490.61
T1000831,S018,P0136,C00141,2024-11-22,9,328.44
T1000832,S020,P0155,C00200,2025-05-07,2,147.49
T1000833,S005,P0093,C00626,2025-06-03,7,136.79
T1000834,S017,P0048,C00254,2024-09-04,5,368.56
T1000835,S010,P0134,C00684,2024-11-07,5,189.64
T1000836,S005,P0023,C00069,2025-09-27,2,188.65
T1000837,S004,P0109,C00764,2025-05-21,6,499.24
T1000838,S015,P0094,C00436,2025-05-28,3,379.74
T1000839,S017,P0116,C00063,2024-07-03,8,484.21
T1000840,S005,P0052,C00026,2024-01-12,3,416.34
T1000841,S007,P0068,C00762,2024-08-27,6,229.41
T1000842,S010,P0199,C00623,2025-01-09,7,235.76
T1000843,S007,P0091,C00338,2025-03-04,3,348.0
T1000844,S007,P0043,C00993,2024-03-22,9,310.49
T1000845,S005,P0116,C00489,2024-10-27,8,248.46
T1000846,S014,P0160,C00107,2024-02-27,3,324.47
T1000847,S009,P0080,C00362,2024-08-18,8,147.26
T1000848,S016,P0062,C00900,2024-11-08,4,51.73
T1000849,S015,P0116,C00173,2024-06-26,9,194.39
T1000850,S013,P0165,C00549,2024-02-06,9,200.05
T1000851,S004,P0172,C00134,2024-04-24,2,179.18
T1000852,S016,P0185,C00717,2024-12-24,6,255.58
T1000853,S003,P0132,C00259,2024-04-18,3,362.74
T1000854,S020,P0003,C00096,2025-09-17,5,247.48
T1000855,S001,P0052,C00485,2024-10-17,2,242.62
T1000856,S015,P0019,C00816,2025-02-28,4,282.82
T1000857,S003,P0168,C00863,2024-09-08,6,139.88
T1000858,S010,P0089,C00429,2024-12-04,3,132.14
T1000859,S009,P0049,C00961,2025-07-21,8,10.38
T1000860,S007,P0107,C00817,2025-08-27,3,258.31
T1000861,S005,P0093,C00454,2024-02-16,2,49.08
T1000862,S014,P0021,C00559,2025-09-27,7,277.56
T1000863,S003,P0197,C00068,2024-12-11,3,362.43
T1000864,S009,P0070,C00569,2024-11-09,4,81.88
T1000865,S009,P0135,C00959,2025-02-05,3,23.09
T1000866,S019,P0155,C00336,2024-06-10,6,166.17
T1000867,S007,P0102,C00077,2024-09-29,3,309.55
T1000868,S017,P0114,C00625,2025-03-26,3,147.23
T1000869,S016,P0149,C00874,2024-12-04,8,98.66
T1000870,S014,P0026,C00272,2024-11-09,9,406.89
T1000871,S017,P0010,C00244,2024-07-11,2,393.43
T1000872,S015,P0114,C00410,2024-04-10,2,366.01
T1000873,S019,P0078,C00289,2024-02-28,7,153.74
T1000874,S010,P0106,C00019,2024-07-26,9,30.82
T1000875,S011,P0193,C00834,2025-03-16,2,237.72
T1000876,S002,P0103,C00325,2024-04-09,3,437.29
T1000877,S020,P0033,C00466,2024-06-16,4,126.02
T1000878,S001,P0185,C00929,2024-02-14,4,470.35
T1000879,S004,P0198,C00645,2024-03-06,7,190.63
T1000880,S012,P0111,C00272,2025-01-20,5,36.9
T1000881,S015,P0165,C00948,2025-01-25,8,368.47
T1000882,S016,P0067,C00867,2024-03-26,8,205.56
T1000883,S008,P0094,C00033,2024-07-06,2,159.3
T1000884,S011,P0147,C00568,2024-03-15,1,70.25
T1000885,S016,P0037,C00430,2025-08-05,5,349.65
T1000886,S020,P0155,C00080,2024-11-09,9,472.55
T1000887,S014,P0034,C00276,2024-01-07,3,206.39
T1000888,S019,P0160,C00460,2025-06-17,9,170.02
T1000889,S002,P0059,C00089,2024-04-01,4,467.18
T1000890,S004,P0095,C00645,2025-02-26,7,176.71
T1000891,S008,P0163,C00670,2025-05-06,3,29.69
T1000892,S002,P0151,C00808,2024-12-03,5,471.56
T1000893,S006,P0072,C00093,2024-01-22,4,187.22
T1000894,S007,P0085,C00368,2024-01-30,3,242.27
T1000895,S008,P0169,C00357,2025-03-24,3,473.67
T1000896,S002,P0024,C00235,2025-01-17,8,354.48
T1000897,S001,P0104,C00093,2025-01-11,7,428.52
T1000898,S007,P0044,C00262,2024-06-16,5,319.79
T1000899,S007,P0104,C00958,2025-06-23,1,239.33
T1000900,S020,P0048,C00430,2024-12-30,7,221.27
T1000901,S006,P0156,C00593,2024-02-03,4,193.84
T1000902,S016,P0139,C00288,2024-02-01,1,425.13
T1000903,S012,P0089,C00694,2024-09-02,8,207.11
T1000904,S014,P0092,C00528,2024-03-31,1,88.45
T1000905,S009,P0078,C00725,2025-08-30,4,428.4
T1000906,S010,P0172,C00267,2024-08-27,5,366.92
T1000907,S010,P0181,C00993,2025-09-06,8,380.08
T1000908,S002,P0185,C00429,2024-05-08,6,441.96
T1000909,S013,P0158,C00085,2025-01-29,3,257.3
T1000910,S003,P0067,C00629,2024-01-21,6,198.72
T1000911,S016,P0159,C00729,2024-06-15,3,173.47
T1000912,S013,P0147,C00116,2024-03-12,9,150.55
T1000913,S019,P0188,C00415,2024-05-03,1,61.09
T1000914,S018,P0102,C00889,2024-03-21,2,423.9
T1000915,S005,P0175,C00019,2024-05-11,4,485.17
T1000916,S010,P0007,C00476,2025-07-26,9,433.72
T1000917,S012,P0109,C00791,2025-09-11,1,44.12
T1000918,S016,P0076,C00711,2024-05-17,9,444.0
T1000919,S020,P0038,C00985,2024-05-05,9,84.73
T1000920,S004,P0072,C00669,2024-08-27,5,44.68
T1000921,S017,P0039,C00316,2024-07-07,1,466.57
T1000922,S008,P0075,C00336,2025-01-01,9,270.52
T1000923,S013,P0095,C00721,2025-01-11,8,175.78
T1000924,S015,P0160,C00397,2024-12-17,8,230.68
T1000925,S013,P0156,C00969,2024-04-15,3,254.58
T1000926,S010,P0029,C00067,2025-05-05,7,47.85
T1000927,S006,P0074,C00743,2025-05-10,2,417.07
T1000928,S012,P0128,C00424,2025-09-05,4,166.28
T1000929,S010,P0027,C00203,2024-11-19,4,272.68
T1000930,S009,P0164,C00795,2025-02-03,6,127.92
T1000931,S003,P0053,C00745,2025-04-13,5,475.84
T1000932,S002,P0084,C00927,2025-06-12,4,216.5
T1000933,S003,P0089,C00385,2024-07-24,6,100.88
T1000934,S015,P0189,C00524,2024-05-15,4,353.4
T1000935,S013,P0197,C00807,2024-08-04,9,204.8
T1000936,S008,P0061,C00381,2024-09-04,6,487.49
T1000937,S007,P0129,C00970,2024-02-20,7,86.68
T1000938,S005,P0157,C00543,2024-06-04,2,482.75
T1000939,S004,P0047,C00198,2025-09-08,8,264.97
T1000940,S008,P0043,C00294,2024-10-30,4,14.79
T1000941,S014,P0156,C00342,2024-12-10,7,180.91
T1000942,S003,P0072,C00037,2025-03-06,4,140.22
T1000943,S014,P0084,C00204,2025-08-13,4,260.45
T1000944,S019,P0180,C00323,2024-01-11,1,99.13
T1000945,S011,P0196,C00328,2025-05-11,2,438.14
T1000946,S019,P0172,C00446,2025-03-31,4,343.93
T1000947,S004,P0117,C00301,2024-09-03,9,182.47
T1000948,S003,P0144,C00917,2024-04-21,8,381.1
T1000949,S019,P0081,C00276,2024-06-24,8,146.69
T1000950,S019,P0094,C00864,2024-12-08,6,155.28
T1000951,S018,P0038,C00900,2024-04-04,3,309.51
T1000952,S006,P0176,C00772,2025-04-11,6,182.63
T1000953,S019,P0171,C00497,2025-02-27,9,224.38
T1000954,S017,P0155,C00330,2025-04-06,3,234.92
T1000955,S003,P0019,C00633,2025-04-04,2,360.38
T1000956,S010,P0181,C00499,2024-10-28,6,463.38
T1000957,S001,P0195,C00320,2025-03-13,2,251.59
T1000958,S018,P0164,C00808,2025-01-01,5,100.69
T1000959,S020,P0198,C00109,2024-03-17,1,329.56
T1000960,S020,P0007,C00648,2024-02-09,8,385.78
T1000961,S016,P0094,C00476,2024-10-20,3,487.81
T1000962,S001,P0092,C00402,2025-02-13,3,296.3
T1000963,S010,P0116,C00605,2024-02-20,1,282.23
T1000964,S003,P0099,C00762,2025-03-23,7,332.98
T1000965,S005,P0029,C00733,2024-06-29,3,396.56
T1000966,S002,P0173,C00251,2025-06-06,4,309.86
T1000967,S020,P0107,C00064,2024-01-13,8,470.65
T1000968,S012,P0065,C00439,2025-09-02,2,254.94
T1000969,S014,P0029,C00953,2024-08-29,6,7.09
T1000970,S010,P0075,C00002,2025-04-04,2,441.42
T1000971,S006,P0179,C00357,2025-01-10,1,365.8
T1000972,S012,P0122,C00944,2025-08-03,5,363.37
T1000973,S002,P0039,C00774,2024-02-10,7,457.6
T1000974,S008,P0165,C00741,2024-04-29,3,325.67
T1000975,S012,P0122,C00139,2024-04-29,6,211.44
T1000976,S004,P0142,C00124,2025-08-13,8,201.46
T1000977,S001,P0148,C00392,2024-11-26,4,389.55
T1000978,S003,P0084,C00357,2024-01-07,9,102.42
T1000979,S013,P0169,C00695,2025-03-17,1,343.37
T1000980,S009,P0098,C00487,2024-01-31,7,453.91
T1000981,S013,P0111,C00233,2024-06-13,4,321.06
T1000982,S008,P0027,C00973,2024-12-01,2,245.76
T1000983,S016,P0099,C00068,2024-01-22,9,389.29
T1000984,S001,P0076,C00840,2024-09-15,1,326.85
T1000985,S011,P0172,C00519,2024-04-14,7,145.73
T1000986,S020,P0111,C00042,2024-03-19,2,381.67
T1000987,S008,P0190,C00073,2025-03-18,4,344.03
T1000988,S004,P0134,C00936,2024-04-21,1,170.76
T1000989,S006,P0073,C00351,2025-09-30,6,178.81
T1000990,S016,P0115,C00490,2024-02-28,9,130.14
T1000991,S014,P0112,C00592,2025-05-25,7,102.53
T1000992,S019,P0073,C00070,2024-01-05,2,433.49
T1000993,S003,P0199,C00109,2024-12-29,4,463.16
T1000994,S013,P0111,C00150,2025-01-02,5,12.64
T1000995,S013,P0033,C00879,2024-08-21,3,243.56
T1000996,S010,P0036,C00538,2025-05-18,6,149.41
T1000997,S004,P0059,C00772,2024-12-26,7,158.17
T1000998,S010,P0102,C00446,2024-04-02,4,105.19
T1000999,S016,P0041,C00502,2025-02-12,8,304.73
T1001000,S003,P0085,C00611,2024-11-20,9,21.7
T1001001,S001,P0021,C00728,2024-06-05,7,239.5
T1001002,S005,P0037,C00277,2024-06-24,3,473.23
T1001003,S012,P0099,C00419,2025-09-26,4,161.15
T1001004,S011,P0091,C00950,2025-03-08,9,488.17
T1001005,S014,P0015,C00001,2025-07-16,1,58.86
T1001006,S014,P0047,C00804,2025-07-11,6,102.4
T1001007,S007,P0014,C00278,2024-08-13,1,294.8
T1001008,S008,P0004,C00301,2025-05-17,4,33.97
T1001009,S007,P0119,C00841,2025-02-11,4,185.63
T1001010,S014,P0088,C00689,2024-12-15,2,432.9
T1001011,S004,P0032,C00012,2024-12-18,1,409.79
T1001012,S002,P0116,C00099,2025-03-13,7,484.12
T1001013,S015,P0010,C00633,2024-09-25,9,367.47
T1001014,S020,P0052,C00281,2025-05-23,4,204.8
T1001015,S003,P0046,C00180,2025-02-25,8,441.53
T1001016,S011,P0015,C00735,2024-10-15,1,338.07
T1001017,S006,P0027,C00873,2024-11-28,7,476.7
T1001018,S010,P0026,C00324,2025-01-24,6,109.6
T1001019,S009,P0045,C00041,2025-03-09,7,271.97
T1001020,S008,P0125,C00172,2024-02-02,1,215.65
T1001021,S014,P0093,C00114,2024-09-23,3,267.4
T1001022,S006,P0045,C00927,2024-08-07,3,283.26
T1001023,S007,P0061,C00459,2024-12-30,4,188.96
T1001024,S005,P0083,C00529,2024-10-27,8,204.87
T1001025,S009,P0027,C00787,2025-04-06,6,186.77
T1001026,S006,P0189,C00302,2024-04-15,2,130.14
T1001027,S003,P0093,C00869,2025-08-30,8,45.86
T1001028,S015,P0112,C00662,2025-07-12,5,50.35
T1001029,S006,P0095,C00509,2025-07-20,2,425.01
T1001030,S007,P0016,C00998,2024-09-11,8,405.56
T1001031,S008,P0017,C00770,2025-07-28,7,258.77
T1001032,S003,P0085,C00335,2024-03-01,5,104.48
T1001033,S004,P0145,C00862,2024-02-18,5,211.92
T1001034,S017,P0069,C00900,2025-07-15,5,342.43
T1001035,S020,P0106,C00998,2024-06-27,3,117.55
T1001036,S015,P0055,C00339,2025-04-03,7,404.98
T1001037,S002,P0072,C00069,2025-07-03,3,451.98
T1001038,S010,P0195,C00030,2025-05-02,6,328.33
T1001039,S015,P0189,C00594,2024-01-21,8,240.86
T1001040,S002,P0117,C00977,2024-11-14,3,299.33
T1001041,S003,P0062,C00175,2024-06-30,4,177.87
T1001042,S019,P0084,C00801,2025-05-05,4,406.09
T1001043,S014,P0119,C00608,2025-01-24,6,393.25
T1001044,S006,P0154,C00066,2025-05-28,2,79.37
T1001045,S009,P0156,C00940,2025-09-13,5,36.91
T1001046,S006,P0075,C00429,2024-08-14,8,224.35
T1001047,S014,P0182,C00085,2024-08-10,6,132.56
T1001048,S013,P0097,C00881,2024-02-15,8,312.03
T1001049,S018,P0098,C00088,2024-05-10,1,27.25
T1001050,S008,P0066,C00736,2025-08-07,6,379.53
T1001051,S002,P0115,C00564,2025-02-20,4,369.47
T1001052,S016,P0082,C00556,2024-01-23,4,230.55
T1001053,S012,P0015,C00869,2025-01-21,3,319.61
T1001054,S003,P0018,C00297,2024-09-09,3,143.07
T1001055,S012,P0050,C00360,2025-10-01,3,34.38
T1001056,S006,P0122,C00621,2024-07-20,8,287.76
T1001057,S005,P0171,C00396,2024-02-19,4,36.21
T1001058,S010,P0120,C00848,2024-02-12,4,107.58
T1001059,S008,P0122,C00153,2024-10-02,7,480.7
T1001060,S013,P0140,C00125,2024-08-07,6,44.39
T1001061,S009,P0059,C00889,2024-12-04,4,423.91
T1001062,S008,P0139,C00531,2025-05-12,3,479.94
T1001063,S006,P0112,C00306,2024-07-25,7,331.96
T1001064,S001,P0123,C00011,2024-08-25,6,97.02
T1001065,S004,P0195,C00687,2025-06-29,1,31.64
T1001066,S004,P0117,C00164,2024-05-31,2,183.27
T1001067,S014,P0151,C00517,2024-05-02,2,86.38
T1001068,S009,P0113,C00055,2025-06-13,5,52.97
T1001069,S020,P0028,C00055,2025-02-18,8,131.85
T1001070,S008,P0169,C00536,2024-10-16,8,225.25
T1001071,S001,P0069,C00399,2025-03-04,5,322.95
T1001072,S002,P0095,C00195,2024-04-15,3,346.71
T1001073,S004,P0019,C00606,2024-07-19,2,38.84
T1001074,S005,P0119,C00860,2024-10-18,8,92.85
T1001075,S017,P0188,C00649,2024-10-05,7,86.28
T1001076,S017,P0148,C00474,2025-02-10,3,150.61
T1001077,S017,P0078,C00962,2024-08-20,5,150.35
T1001078,S006,P0061,C00789,2025-08-04,8,343.34
T1001079,S009,P0118,C00897,2024-08-29,9,440.37
T1001080,S009,P0132,C00496,2025-04-29,2,423.4
T1001081,S007,P0015,C00192,2025-04-06,6,368.96
T1001082,S008,P0115,C00717,2024-03-09,8,453.73
T1001083,S004,P0012,C00405,2025-02-27,7,53.53
T1001084,S012,P0095,C00734,2025-08-21,4,95.27
T1001085,S006,P0035,C00824,2025-08-29,2,94.58
T1001086,S004,P0022,C00620,2024-12-13,7,406.56
T1001087,S016,P0056,C00022,2024-12-06,3,35.77
T1001088,S007,P0050,C00947,2024-05-05,4,131.07
T1001089,S004,P0004,C00226,2024-05-20,3,299.02
T1001090,S014,P0091,C00951,2025-07-22,6,317.36
T1001091,S012,P0123,C00458,2025-04-19,9,139.48
T1001092,S017,P0073,C00703,2024-12-03,1,367.3
T1001093,S005,P0166,C00048,2025-08-09,7,478.92
T1001094,S020,P0005,C00699,2025-06-12,8,217.89
T1001095,S012,P0074,C00891,2024-01-21,4,218.76
T1001096,S004,P0152,C00518,2025-02-06,2,108.87
T1001097,S004,P0091,C00962,2025-06-10,4,368.98
T1001098,S020,P0040,C00828,2024-01-18,6,381.96
T1001099,S010,P0169,C00687,2025-01-06,8,322.36
T1001100,S010,P0195,C00436,2025-02-01,7,226.47
T1001101,S004,P0159,C00814,2024-07-18,9,230.17
T1001102,S007,P0016,C00803,2024-01-23,7,128.46
T1001103,S005,P0019,C00478,2024-11-24,4,226.0
T1001104,S006,P0036,C00051,2024-03-28,6,266.6
T1001105,S020,P0005,C00766,2024-08-16,6,173.81
T1001106,S003,P0011,C00550,2024-03-04,8,210.77
T1001107,S011,P0171,C00898,2025-05-31,1,17.18
T1001108,S015,P0082,C00703,2024-06-01,4,205.38
T1001109,S020,P0004,C00726,2025-06-07,5,129.9
T1001110,S012,P0012,C00686,2025-01-18,7,104.95
T1001111,S001,P0112,C00848,2024-02-17,7,318.43
T1001112,S011,P0174,C00313,2024-10-04,7,37.65
T1001113,S018,P0195,C00312,2025-02-18,4,461.53
T1001114,S009,P0057,C00769,2025-03-27,5,125.94
T1001115,S002,P0026,C00827,2025-05-31,6,353.92
T1001116,S019,P0036,C00934,2025-05-29,1,350.57
T1001117,S017,P0200,C00604,2025-02-06,7,208.26
T1001118,S016,P0144,C00475,2024-03-16,8,441.34
T1001119,S012,P0120,C00430,2025-05-02,3,331.81
T1001120,S003,P0050,C00727,2024-12-08,8,381.47
T1001121,S007,P0181,C00555,2025-09-11,5,254.49
T1001122,S015,P0065,C00202,2025-08-09,5,295.83
T1001123,S002,P0104,C00470,2024-10-14,8,37.78
T1001124,S009,P0200,C00532,2025-01-25,5,135.47
T1001125,S001,P0193,C00242,2024-10-26,5,421.22
T1001126,S010,P0047,C00854,2024-06-03,4,199.76
T1001127,S002,P0090,C00858,2024-06-08,8,382.31
T1001128,S004,P0163,C00448,2024-01-06,5,10.65
T1001129,S016,P0053,C00606,2024-04-01,7,370.39
T1001130,S017,P0007,C00462,2024-12-29,9,209.79
T1001131,S015,P0126,C00545,2024-02-18,2,89.0
T1001132,S008,P0190,C00058,2024-06-16,2,229.08
T1001133,S003,P0188,C00045,2025-06-03,4,324.66
T1001134,S008,P0034,C00696,2024-12-17,4,359.29
T1001135,S004,P0114,C00530,2024-04-15,2,148.83
T1001136,S019,P0073,C00129,2025-03-07,2,156.83
T1001137,S015,P0155,C00455,2025-09-02,1,122.19
T1001138,S019,P0041,C00753,2024-11-19,2,11.03
T1001139,S020,P0188,C00232,2024-11-16,6,342.04
T1001140,S014,P0127,C00274,2024-04-22,6,215.88
T1001141,S009,P0105,C00905,2024-12-29,1,417.7
T1001142,S011,P0064,C00138,2024-07-14,1,431.41
T1001143,S013,P0006,C00711,2024-09-09,4,366.63
T1001144,S001,P0015,C00106,2024-03-16,5,299.13
T1001145,S001,P0156,C00926,2024-11-15,8,235.15
T1001146,S008,P0181,C00975,2024-12-22,2,280.77
T1001147,S015,P0082,C00044,2025-03-23,1,154.95
T1001148,S010,P0147,C00832,2024-01-27,1,392.58
T1001149,S016,P0069,C00972,2025-06-27,2,253.63
T1001150,S003,P0183,C00048,2024-05-09,9,422.43
T1001151,S005,P0088,C00035,2024-11-13,9,494.48
T1001152,S001,P0085,C00600,2024-12-11,5,379.31
T1001153,S008,P0124,C00414,2024-12-11,5,235.2
T1001154,S013,P0155,C00341,2025-05-05,3,250.94
T1001155,S004,P0184,C00874,2024-02-22,2,413.9
T1001156,S008,P0042,C00178,2025-07-19,9,452.56
T1001157,S017,P0010,C00438,2025-03-20,2,473.02
T1001158,S019,P0046,C00538,2025-05-22,6,58.31
T1001159,S019,P0122,C00883,2025-07-10,8,347.23
T1001160,S006,P0017,C00064,2025-06-27,9,430.84
T1001161,S010,P0134,C00744,2024-09-18,1,262.44
T1001162,S009,P0008,C00116,2024-05-20,1,246.8
T1001163,S001,P0199,C00846,2024-01-28,9,472.27
T1001164,S009,P0185,C00652,2025-03-02,7,315.65
T1001165,S019,P0123,C00568,2024-03-30,9,73.75
T1001166,S012,P0126,C00438,2024-05-19,5,117.39
T1001167,S004,P0178,C00888,2025-08-27,1,66.07
T1001168,S012,P0053,C00787,2024-04-08,1,9.35
T1001169,S006,P0177,C00320,2025-09-05,2,496.28
T1001170,S012,P0086,C00611,2025-07-28,6,283.95
T1001171,S013,P0023,C00783,2025-07-02,7,161.68
T1001172,S015,P0148,C00102,2024-04-12,3,118.93
T1001173,S013,P0022,C00070,2024-08-18,1,459.58
T1001174,S010,P0112,C00100,2025-05-17,2,394.46
T1001175,S014,P0133,C00632,2024-06-15,5,324.87
T1001176,S017,P0183,C00817,2025-08-28,1,62.48
T1001177,S011,P0098,C00471,2025-03-15,5,230.78
T1001178,S009,P0129,C00900,2024-06-09,5,418.06
T1001179,S010,P0060,C00462,2025-02-22,6,99.32
T1001180,S011,P0142,C00917,2024-06-19,9,450.2
T1001181,S013,P0111,C00134,2024-08-16,8,152.15
T1001182,S013,P0010,C00565,2025-03-01,8,205.33
T1001183,S009,P0185,C00529,2024-10-10,8,150.32
T1001184,S017,P0198,C00138,2024-12-16,6,324.91
T1001185,S015,P0048,C00912,2025-04-30,9,115.44
T1001186,S003,P0186,C00202,2024-06-10,5,22.76
T1001187,S002,P0023,C00432,2025-08-31,2,327.73
T1001188,S009,P0028,C00997,2024-11-25,2,94.6
T1001189,S014,P0013,C00251,2024-10-25,4,324.53
T1001190,S012,P0192,C00985,2025-03-05,2,44.75
T1001191,S004,P0150,C00799,2025-03-08,5,34.91
T1001192,S001,P0185,C00342,2024-11-30,6,274.77
T1001193,S007,P0166,C00721,2024-10-06,2,351.2
T1001194,S018,P0029,C00587,2024-06-06,1,182.88
T1001195,S018,P0154,C00796,2024-09-19,9,305.46
T1001196,S002,P0035,C00891,2024-08-16,4,318.54
T1001197,S009,P0145,C00533,2024-05-04,2,278.66
T1001198,S008,P0165,C00444,2025-09-22,9,278.81
T1001199,S019,P0009,C00263,2024-03-07,2,182.17
T1001200,S006,P0056,C00069,2024-08-13,4,221.18
T1001201,S006,P0117,C00519,2024-09-14,4,6.98
T1001202,S018,P0085,C00616,2025-08-02,7,117.75
T1001203,S020,P0051,C00617,2025-08-17,8,484.17
T1001204,S012,P0182,C00323,2025-02-08,6,203.76
T1001205,S009,P0069,C00752,2024-04-05,8,341.85
T1001206,S019,P0188,C00424,2025-08-01,8,344.32
T1001207,S015,P0122,C00621,2024-10-30,4,257.55
T1001208,S016,P0079,C00335,2024-03-12,7,342.73
T1001209,S008,P0074,C00298,2025-09-30,4,315.61
T1001210,S011,P0158,C00740,2024-05-10,6,253.78
T1001211,S015,P0126,C00687,2024-04-27,3,398.66
T1001212,S017,P0049,C00264,2024-03-12,6,104.48
T1001213,S010,P0086,C00565,2024-08-04,9,51.17
T1001214,S006,P0188,C00137,2025-04-07,5,332.13
T1001215,S018,P0180,C00435,2025-08-19,5,194.86
T1001216,S010,P0110,C00523,2025-03-17,3,103.48
T1001217,S013,P0030,C00963,2024-10-16,1,77.4
T1001218,S001,P0110,C00425,2025-01-06,9,200.5
T1001219,S007,P0018,C00624,2024-03-27,1,446.19
T1001220,S011,P0149,C00913,2024-06-14,9,99.63
T1001221,S008,P0036,C00076,2024-04-23,4,68.83
T1001222,S020,P0008,C00013,2024-12-06,6,479.09
T1001223,S011,P0049,C01000,2024-09-22,9,40.46
T1001224,S015,P0189,C00730,2024-03-20,3,254.91
T1001225,S018,P0126,C00201,2024-07-03,9,323.28
T1001226,S012,P0176,C00641,2025-04-28,2,428.56
T1001227,S004,P0059,C00803,2024-10-31,2,92.59
T1001228,S011,P0060,C00052,2024-02-02,2,484.85
T1001229,S003,P0115,C00108,2024-08-07,8,476.79
T1001230,S006,P0127,C00546,2024-05-12,9,101.44
T1001231,S002,P0092,C00051,2025-09-05,3,468.3
T1001232,S020,P0095,C00152,2024-08-30,6,295.9
T1001233,S019,P0106,C00528,2025-01-22,6,332.31
T1001234,S018,P0199,C00780,2024-02-11,7,63.3
T1001235,S011,P0109,C00676,2024-04-15,6,363.11
T1001236,S009,P0190,C00416,2024-11-30,3,419.39
T1001237,S001,P0165,C00237,2024-05-25,8,103.6
T1001238,S018,P0113,C00900,2024-04-09,8,90.0
T1001239,S011,P0198,C00629,2024-08-18,9,72.47
T1001240,S012,P0041,C00922,2025-01-06,2,437.14
T1001241,S017,P0157,C00338,2025-03-09,4,340.27
T1001242,S015,P0055,C00521,2025-05-19,8,467.72
T1001243,S010,P0182,C00950,2025-06-08,6,376.55
T1001244,S014,P0109,C00305,2024-07-07,2,362.18
T1001245,S010,P0187,C00554,2024-10-14,7,181.29
T1001246,S007,P0034,C00597,2024-05-28,5,178.36
T1001247,S013,P0161,C00423,2024-05-13,7,285.07
T1001248,S013,P0054,C00549,2024-09-03,3,114.9
T1001249,S012,P0111,C00155,2025-02-09,4,317.09
T1001250,S012,P0074,C00955,2025-07-12,6,466.04
T1001251,S016,P0071,C00926,2025-05-06,8,220.48
T1001252,S011,P0129,C00378,2025-01-03,3,401.49
T1001253,S008,P0066,C00651,2025-01-15,7,255.4
T1001254,S004,P0031,C00065,2024-09-24,5,456.93
T1001255,S009,P0144,C00335,2025-07-31,2,18.23
T1001256,S011,P0105,C00063,2024-02-14,6,232.05
T1001257,S009,P0164,C00333,2024-06-23,4,270.36
T1001258,S019,P0149,C00475,2024-05-01,3,472.91
T1001259,S009,P0064,C00162,2025-01-18,4,235.46
T1001260,S010,P0196,C00172,2025-07-04,1,290.73
T1001261,S002,P0043,C00032,2025-07-08,6,297.01
T1001262,S010,P0155,C00734,2024-08-15,8,422.02
T1001263,S009,P0057,C00086,2024-01-21,6,315.95
T1001264,S001,P0041,C00567,2025-01-20,7,253.97
T1001265,S016,P0018,C00779,2025-08-21,7,59.03
T1001266,S019,P0096,C00202,2025-08-28,4,138.38
T1001267,S006,P0023,C00282,2024-05-03,5,43.63
T1001268,S001,P0012,C00643,2024-01-07,3,262.43
T1001269,S003,P0014,C00561,2024-01-22,5,123.32
T1001270,S019,P0009,C00736,2024-10-17,5,164.9
T1001271,S012,P0134,C00664,2024-08-22,3,6.22
T1001272,S011,P0119,C00904,2024-01-18,4,478.7
T1001273,S017,P0171,C00142,2025-05-14,1,52.79
T1001274,S015,P0171,C00286,2025-08-11,8,284.37
T1001275,S005,P0093,C00573,2025-01-29,1,330.0
T1001276,S008,P0039,C00098,2024-05-31,5,434.93
T1001277,S010,P0108,C00804,2025-02-22,7,124.67
T1001278,S016,P0151,C00732,2025-01-28,3,168.29
T1001279,S009,P0196,C00030,2025-04-26,3,132.09
T1001280,S004,P0197,C00567,2024-02-12,6,34.47
T1001281,S003,P0059,C00872,2024-10-27,2,35.83
T1001282,S014,P0159,C00401,2025-04-09,9,465.28
T1001283,S017,P0158,C00973,2024-10-25,3,236.99
T1001284,S007,P0135,C00845,2024-04-11,8,278.82
T1001285,S017,P0092,C00706,2024-06-06,9,93.92
T1001286,S013,P0008,C00785,2024-05-30,7,161.81
T1001287,S012,P0175,C00645,2024-10-29,7,326.38
T1001288,S009,P0037,C00380,2024-02-15,2,115.23
T1001289,S007,P0004,C00948,2024-12-03,3,184.57
T1001290,S010,P0116,C00611,2025-08-10,1,317.88
T1001291,S015,P0095,C00173,2025-04-16,7,42.7
T1001292,S011,P0100,C00734,2025-07-15,1,152.02
T1001293,S006,P0127,C00200,2024-04-08,3,88.04
T1001294,S007,P0081,C00104,2025-08-13,3,278.87
T1001295,S019,P0164,C00418,2024-12-01,2,217.22
T1001296,S015,P0200,C00172,2025-07-01,3,104.2
T1001297,S008,P0107,C00749,2025-04-25,7,60.54
T1001298,S001,P0195,C00397,2024-02-21,1,138.63
T1001299,S007,P0075,C00974,2025-04-10,8,438.46
T1001300,S011,P0180,C00167,2025-02-06,7,113.05
T1001301,S002,P0101,C00578,2025-02-19,6,61.82
T1001302,S001,P0036,C00069,2025-07-12,5,369.52
T1001303,S002,P0148,C00567,2025-09-15,5,260.71
T1001304,S008,P0151,C00991,2025-09-21,3,49.86
T1001305,S010,P0183,C00927,2024-11-29,3,328.04
T1001306,S015,P0067,C00151,2025-05-03,5,390.04
T1001307,S019,P0029,C00144,2024-06-19,1,413.51
T1001308,S017,P0169,C00205,2024-04-30,4,167.28
T1001309,S008,P0073,C00319,2025-05-27,1,22.57
T1001310,S010,P0074,C00482,2024-04-23,9,191.68
T1001311,S004,P0164,C00688,2025-06-03,7,318.08
T1001312,S011,P0055,C00043,2025-07-03,9,264.57
T1001313,S015,P0165,C00346,2024-08-12,5,170.16
T1001314,S006,P0038,C00701,2024-01-19,8,285.59
T1001315,S016,P0012,C00253,2025-06-22,5,353.74
T1001316,S006,P0159,C00359,2025-05-18,5,173.46
T1001317,S018,P0137,C00904,2024-01-06,5,188.81
T1001318,S010,P0065,C00844,2025-01-05,8,469.61
T1001319,S012,P0065,C00547,2024-03-13,2,45.23
T1001320,S016,P0080,C00720,2025-07-29,7,291.84
T1001321,S003,P0046,C00557,2025-09-13,6,336.75
T1001322,S016,P0023,C00401,2025-01-02,3,101.47
T1001323,S008,P0030,C00158,2025-03-17,1,299.53
T1001324,S002,P0089,C00459,2024-09-12,2,315.79
T1001325,S011,P0064,C00212,2025-08-11,1,196.31
T1001326,S009,P0173,C00780,2024-08-18,8,208.97
T1001327,S014,P0105,C00374,2024-12-16,8,342.42
T1001328,S015,P0073,C00788,2024-05-13,3,296.33
T1001329,S016,P0174,C00628,2025-01-05,8,438.89
T1001330,S001,P0044,C00766,2024-02-22,4,66.99
T1001331,S009,P0122,C00156,2025-05-22,6,379.15
T1001332,S006,P0099,C00630,2025-02-01,8,477.05
T1001333,S012,P0048,C00727,2024-08-05,7,205.2
T1001334,S013,P0070,C00737,2024-01-15,7,143.87
T1001335,S014,P0174,C00138,2024-03-07,9,69.67
T1001336,S002,P0149,C00306,2024-12-16,5,12.46
T1001337,S014,P0181,C00913,2025-02-18,2,176.78
T1001338,S007,P0092,C00709,2025-06-06,6,80.67
T1001339,S009,P0162,C00501,2025-02-24,3,54.28
T1001340,S004,P0129,C00767,2024-03-25,3,88.92
T1001341,S009,P0109,C00833,2025-06-14,2,96.13
T1001342,S011,P0190,C00965,2024-11-22,6,382.13
T1001343,S002,P0075,C00709,2024-01-23,3,339.55
T1001344,S020,P0015,C00694,2024-09-10,6,86.19
T1001345,S016,P0035,C00970,2024-08-18,6,345.31
T1001346,S006,P0153,C00096,2024-04-03,3,233.32
T1001347,S009,P0022,C00524,2024-02-28,8,264.09
T1001348,S020,P0069,C00723,2025-08-20,6,228.88
T1001349,S006,P0041,C00740,2024-03-05,6,187.12
T1001350,S006,P0066,C00245,2024-06-14,3,222.54
T1001351,S015,P0161,C00765,2024-12-18,6,479.02
T1001352,S019,P0113,C00398,2024-10-12,7,361.88
T1001353,S007,P0024,C00856,2024-08-07,4,391.3
T1001354,S013,P0031,C00042,2024-12-24,1,310.9
T1001355,S013,P0151,C00913,2024-05-10,8,427.15
T1001356,S015,P0081,C00692,2024-09-14,5,157.08
T1001357,S003,P0145,C00460,2024-03-12,3,96.37
T1001358,S011,P0199,C00966,2024-06-16,2,312.32
T1001359,S020,P0131,C00717,2025-03-28,1,224.44
T1001360,S015,P0002,C00292,2025-03-15,6,6.37
T1001361,S017,P0135,C00440,2025-01-11,2,239.7
T1001362,S005,P0083,C00750,2024-07-23,6,21.62
T1001363,S004,P0060,C00448,2024-02-26,9,336.23
T1001364,S008,P0068,C00862,2024-11-05,3,339.69
T1001365,S013,P0005,C00885,2024-03-09,1,151.52
T1001366,S018,P0115,C00917,2025-02-26,4,88.9
T1001367,S003,P0060,C00388,2024-12-28,5,389.12
T1001368,S011,P0092,C00250,2024-12-03,7,177.95
T1001369,S018,P0048,C00299,2025-01-25,1,44.13
T1001370,S001,P0109,C00521,2024-05-29,1,268.68
T1001371,S006,P0052,C00404,2025-03-22,6,236.95
T1001372,S009,P0096,C00073,2024-05-15,5,164.81
T1001373,S004,P0128,C00291,2024-02-26,7,183.64
T1001374,S014,P0138,C00945,2024-11-21,1,474.1
T1001375,S013,P0042,C00469,2024-09-10,9,24.35
T1001376,S019,P0015,C00919,2024-06-17,1,322.08
T1001377,S017,P0162,C00942,2025-08-31,4,210.31
T1001378,S002,P0099,C00612,2025-01-17,1,109.76
T1001379,S010,P0029,C00444,2025-05-01,1,174.69
T1001380,S019,P0066,C00448,2025-04-17,2,347.36
T1001381,S016,P0020,C00526,2024-04-17,4,494.49
T1001382,S009,P0009,C00553,2025-09-12,8,311.21
T1001383,S012,P0120,C00239,2024-10-15,3,245.17
T1001384,S009,P0095,C00812,2024-11-04,2,397.0
T1001385,S012,P0096,C00430,2025-03-26,3,264.1
T1001386,S011,P0021,C00626,2024-07-12,9,159.01
T1001387,S010,P0129,C00955,2024-04-07,9,454.86
T1001388,S010,P0013,C00113,2025-04-01,5,153.9
T1001389,S006,P0123,C00659,2025-06-13,3,498.62
T1001390,S019,P0150,C00463,2025-02-09,4,45.33
T1001391,S006,P0183,C00339,2025-05-29,5,40.94
T1001392,S017,P0142,C00038,2024-11-20,5,173.28
T1001393,S019,P0090,C00561,2024-06-01,9,187.44
T1001394,S019,P0111,C00937,2025-05-22,3,432.99
T1001395,S012,P0111,C00427,2025-06-24,3,393.88
T1001396,S002,P0004,C00250,2024-05-09,7,332.43
T1001397,S005,P0077,C00199,2024-05-03,2,394.31
T1001398,S012,P0199,C00876,2024-05-17,5,412.88
T1001399,S005,P0147,C00198,2025-06-23,6,377.49
T1001400,S017,P0012,C00761,2024-01-01,8,182.11
T1001401,S015,P0011,C00416,2024-11-13,2,213.9
T1001402,S010,P0175,C00970,2025-06-07,5,168.97
T1001403,S006,P0121,C00684,2025-03-23,1,331.96
T1001404,S011,P0112,C00004,2025-03-17,5,17.71
T1001405,S002,P0026,C00518,2025-01-28,6,361.36
T1001406,S002,P0068,C00610,2024-06-26,4,31.91
T1001407,S007,P0131,C00823,2024-11-25,6,179.4
T1001408,S012,P0190,C00577,2024-11-04,8,295.25
T1001409,S019,P0050,C00303,2025-05-13,4,281.55
T1001410,S005,P0086,C00612,2024-07-26,3,313.06
T1001411,S003,P0143,C00104,2024-01-24,7,178.41
T1001412,S019,P0068,C00907,2025-09-30,8,450.41
T1001413,S013,P0084,C00831,2024-09-18,8,53.53
T1001414,S001,P0065,C00748,2024-10-18,5,155.49
T1001415,S018,P0056,C00935,2024-03-04,9,321.48
T1001416,S011,P0179,C00079,2024-07-31,3,142.47
T1001417,S003,P0172,C00213,2025-09-18,7,102.81
T1001418,S011,P0188,C00487,2024-12-31,4,258.04
T1001419,S005,P0076,C00787,2024-02-09,9,92.56
T1001420,S006,P0131,C00956,2025-09-10,9,382.71
T1001421,S008,P0065,C00906,2024-03-07,9,137.13
T1001422,S018,P0172,C00408,2024-06-12,8,388.11
T1001423,S016,P0196,C00901,2025-01-25,8,371.66
T1001424,S002,P0138,C00930,2025-09-30,6,318.39
T1001425,S005,P0070,C00694,2025-08-05,9,359.46
T1001426,S008,P0051,C00539,2024-02-29,2,487.96
T1001427,S009,P0004,C00450,2025-08-02,4,258.3
T1001428,S002,P0183,C00755,2024-03-01,9,485.36
T1001429,S020,P0060,C00039,2025-05-27,4,400.66
T1001430,S011,P0091,C00177,2025-02-13,2,47.64
T1001431,S014,P0015,C00392,2025-07-14,6,285.33
T1001432,S014,P0093,C00410,2024-03-17,3,146.4
T1001433,S001,P0070,C00253,2024-11-24,4,300.95
T1001434,S001,P0129,C00067,2025-09-15,2,237.16
T1001435,S003,P0171,C00078,2025-08-17,4,227.89
T1001436,S004,P0027,C00488,2024-10-15,9,181.51
T1001437,S015,P0152,C00791,2024-04-05,1,481.69
T1001438,S020,P0042,C00143,2024-08-11,2,121.16
T1001439,S004,P0044,C00779,2024-02-15,5,392.85
T1001440,S014,P0193,C00332,2025-05-26,1,18.87
T1001441,S006,P0072,C00649,2024-03-31,8,31.05
T1001442,S020,P0129,C00129,2024-02-21,5,490.66
T1001443,S010,P0185,C00800,2024-09-06,9,404.51
T1001444,S020,P0165,C00136,2024-08-12,2,456.85
T1001445,S009,P0057,C00075,2025-02-02,1,29.4
T1001446,S007,P0177,C00682,2025-09-19,8,285.4
T1001447,S017,P0149,C00652,2024-09-22,7,32.62
T1001448,S004,P0151,C00369,2025-03-09,1,497.5
T1001449,S002,P0108,C00579,2024-01-17,9,38.33
T1001450,S018,P0064,C00417,2024-12-18,2,377.37
T1001451,S014,P0184,C00740,2025-06-28,1,461.0
T1001452,S002,P0058,C00307,2025-04-07,1,338.56
T1001453,S011,P0085,C00196,2024-03-22,5,434.62
T1001454,S001,P0025,C00012,2025-02-15,8,159.15
T1001455,S004,P0077,C00548,2024-02-27,4,10.73
T1001456,S015,P0107,C00735,2024-12-06,4,388.3
T1001457,S012,P0177,C00173,2024-04-21,9,75.55
T1001458,S009,P0200,C00284,2024-03-02,7,45.12
T1001459,S009,P0097,C00256,2024-07-04,5,375.87
T1001460,S017,P0060,C00108,2024-06-20,7,46.17
T1001461,S006,P0059,C00629,2024-11-16,8,314.18
T1001462,S005,P0074,C00952,2024-04-06,1,132.78
T1001463,S005,P0160,C00719,2024-07-08,1,144.66
T1001464,S010,P0147,C00668,2024-06-16,3,247.11
T1001465,S013,P0099,C00690,2025-05-17,6,135.93
T1001466,S009,P0156,C00671,2024-02-02,8,206.08
T1001467,S006,P0171,C00345,2024-10-28,6,440.55
T1001468,S001,P0118,C00239,2024-09-22,9,334.18
T1001469,S017,P0189,C00890,2024-01-30,2,253.54
T1001470,S015,P0151,C00059,2025-08-02,4,494.34
T1001471,S017,P0182,C00317,2025-07-03,5,267.8
T1001472,S006,P0131,C00266,2024-11-23,2,65.41
T1001473,S017,P0023,C00014,2024-03-17,9,275.83
T1001474,S020,P0030,C00971,2024-06-03,5,306.73
T1001475,S019,P0143,C00842,2025-06-09,4,345.01
T1001476,S016,P0165,C00220,2025-03-13,5,340.04
T1001477,S010,P0006,C00435,2025-09-13,1,396.98
T1001478,S009,P0105,C00461,2024-09-07,7,389.03
T1001479,S014,P0041,C00266,2024-05-15,4,122.5
T1001480,S005,P0199,C00136,2024-03-28,1,381.6
T1001481,S003,P0112,C00060,2025-08-05,3,369.69
T1001482,S018,P0100,C00115,2024-07-19,1,95.69
T1001483,S020,P0048,C00923,2025-04-10,7,27.44
T1001484,S006,P0017,C00937,2025-09-06,9,296.59
T1001485,S012,P0069,C00507,2024-06-12,5,371.27
T1001486,S006,P0041,C00814,2024-08-13,7,242.61
T1001487,S005,P0160,C00363,2024-01-27,3,193.51
T1001488,S011,P0149,C00447,2025-05-24,5,33.66
T1001489,S020,P0051,C00948,2024-09-16,8,331.04
T1001490,S012,P0066,C00859,2025-09-23,1,117.16
T1001491,S001,P0121,C00829,2024-05-11,4,128.16
T1001492,S019,P0014,C00446,2025-08-25,8,217.22
T1001493,S012,P0022,C00348,2025-06-19,4,69.95
T1001494,S001,P0189,C00815,2024-09-05,8,230.02
T1001495,S018,P0134,C00882,2024-05-02,4,460.72
T1001496,S014,P0117,C00060,2024-01-01,6,274.21
T1001497,S008,P0103,C00324,2024-02-18,4,429.19
T1001498,S004,P0086,C00284,2025-03-30,1,228.08
T1001499,S011,P0022,C00296,2025-01-23,8,66.41
T1001500,S009,P0086,C00065,2025-06-04,7,43.83
T1001501,S012,P0095,C00995,2025-07-06,8,303.14
T1001502,S012,P0093,C00508,2024-08-30,9,88.68
T1001503,S001,P0052,C00857,2025-08-08,2,193.59
T1001504,S010,P0045,C00040,2024-02-01,8,43.51
T1001505,S001,P0080,C00894,2025-06-24,6,466.39
T1001506,S011,P0113,C00241,2025-04-14,9,365.7
T1001507,S008,P0095,C00939,2024-12-28,8,64.95
T1001508,S007,P0114,C00908,2024-05-11,1,212.88
T1001509,S001,P0139,C00759,2025-04-02,7,255.46
T1001510,S015,P0118,C00071,2024-06-16,9,431.57
T1001511,S015,P0008,C00352,2025-07-04,8,205.65
T1001512,S011,P0200,C00953,2024-07-02,8,107.43
T1001513,S003,P0066,C00946,2025-04-19,1,34.57
T1001514,S004,P0019,C00717,2025-02-10,1,406.48
T1001515,S013,P0056,C00061,2024-06-20,6,489.83
T1001516,S018,P0035,C00885,2024-01-16,1,179.15
T1001517,S011,P0050,C00107,2024-06-07,6,146.07
T1001518,S010,P0078,C00077,2025-04-10,2,359.62
T1001519,S003,P0081,C00393,2024-10-22,5,183.32
T1001520,S001,P0180,C00391,2025-02-23,3,201.37
T1001521,S016,P0046,C00333,2025-07-11,2,445.68
T1001522,S009,P0070,C00255,2025-01-15,9,406.18
T1001523,S006,P0165,C00879,2024-08-25,8,103.83
T1001524,S001,P0161,C00708,2024-04-02,1,70.87
T1001525,S013,P0087,C00742,2025-09-29,9,300.14
T1001526,S009,P0027,C00475,2025-03-28,2,279.59
T1001527,S006,P0100,C00647,2024-03-07,9,267.72
T1001528,S012,P0016,C00442,2025-09-18,2,77.48
T1001529,S003,P0166,C00393,2024-07-21,6,235.85
T1001530,S010,P0193,C00040,2024-05-16,5,129.65
T1001531,S008,P0187,C00109,2025-06-24,3,372.86
T1001532,S007,P0163,C00161,2024-07-02,4,467.62
T1001533,S001,P0164,C00773,2025-05-12,7,158.29
T1001534,S008,P0143,C00080,2024-03-18,2,448.81
T1001535,S020,P0073,C00827,2024-10-12,5,6.54
T1001536,S010,P0110,C00870,2024-01-24,8,270.6
T1001537,S016,P0120,C00067,2025-09-03,6,449.27
T1001538,S004,P0183,C00030,2024-09-19,3,175.27
T1001539,S009,P0034,C00202,2025-03-14,9,276.68
T1001540,S006,P0070,C00325,2024-01-19,5,293.44
T1001541,S019,P0086,C00223,2025-05-16,6,156.5
T1001542,S008,P0047,C00148,2025-01-26,3,291.2
T1001543,S003,P0186,C00673,2024-01-15,5,79.57
T1001544,S016,P0049,C00505,2024-11-22,9,338.69
T1001545,S017,P0144,C00304,2025-08-20,6,77.6
T1001546,S001,P0075,C00657,2024-02-25,2,329.63
T1001547,S010,P0111,C00891,2025-01-26,9,385.03
T1001548,S005,P0148,C00509,2024-06-20,8,405.88
T1001549,S018,P0102,C00781,2025-06-13,2,439.21
T1001550,S019,P0043,C00702,2025-09-24,5,206.51
T1001551,S013,P0028,C00128,2025-07-10,2,63.98
T1001552,S013,P0086,C00610,2025-08-12,9,185.81
T1001553,S018,P0135,C00208,2024-01-16,8,65.25
T1001554,S010,P0144,C00189,2025-05-03,5,383.03
T1001555,S002,P0005,C00419,2024-10-09,7,68.48
T1001556,S007,P0149,C00334,2024-04-11,2,122.26
T1001557,S018,P0006,C00802,2024-01-16,7,479.94
T1001558,S012,P0069,C00457,2024-05-15,2,398.94
T1001559,S017,P0133,C00601,2024-01-09,5,431.63
T1001560,S003,P0074,C00460,2024-03-15,7,12.23
T1001561,S018,P0089,C00594,2024-12-07,6,383.38
T1001562,S004,P0117,C00624,2024-10-08,1,315.96
T1001563,S019,P0126,C00568,2025-07-26,3,341.46
T1001564,S004,P0059,C00226,2024-07-01,4,188.6
T1001565,S019,P0046,C00153,2024-06-08,8,410.65
T1001566,S012,P0072,C00192,2024-10-20,5,393.4
T1001567,S006,P0119,C00434,2024-01-14,1,191.88
T1001568,S010,P0086,C00213,2024-06-12,8,441.6
T1001569,S004,P0103,C00334,2025-09-08,8,409.82
T1001570,S007,P0038,C00694,2024-03-26,8,234.09
T1001571,S013,P0113,C00697,2024-08-24,8,320.94
T1001572,S011,P0110,C00181,2024-01-02,4,70.28
T1001573,S020,P0146,C00229,2024-09-02,5,186.52
T1001574,S019,P0061,C00676,2025-09-08,5,92.84
T1001575,S013,P0030,C00284,2025-05-25,9,5.51
T1001576,S014,P0004,C00014,2025-08-30,3,374.87
T1001577,S016,P0113,C00621,2024-11-18,7,92.85
T1001578,S010,P0123,C00147,2024-12-18,8,278.46
T1001579,S017,P0105,C00644,2025-04-14,1,90.34
T1001580,S002,P0124,C00749,2024-06-11,1,172.44
T1001581,S016,P0176,C00459,2024-07-29,6,188.56
T1001582,S010,P0194,C00424,2024-01-16,7,379.55
T1001583,S006,P0160,C00369,2025-03-22,6,454.6
T1001584,S008,P0053,C00998,2025-09-11,3,150.42
T1001585,S008,P0077,C00881,2024-01-03,2,47.78
T1001586,S008,P0105,C00426,2025-03-12,6,321.03
T1001587,S014,P0174,C00425,2025-03-08,5,406.16
T1001588,S005,P0180,C00132,2025-02-23,6,356.59
T1001589,S016,P0135,C00659,2024-11-17,2,54.46
T1001590,S004,P0168,C00099,2024-06-28,8,75.43
T1001591,S014,P0056,C00359,2024-06-19,4,61.68
T1001592,S018,P0119,C00254,2025-04-17,7,291.15
T1001593,S018,P0177,C00197,2024-11-28,9,143.33
T1001594,S016,P0163,C00518,2025-09-29,9,249.43
T1001595,S001,P0055,C00483,2024-01-23,2,70.65
T1001596,S017,P0158,C00169,2024-11-01,1,447.85
T1001597,S010,P0104,C00282,2025-01-07,9,218.67
T1001598,S001,P0191,C00346,2024-04-17,3,228.89
T1001599,S003,P0091,C00364,2025-03-21,8,420.68
T1001600,S017,P0185,C00059,2024-11-16,8,475.76
T1001601,S003,P0159,C00794,2025-09-07,8,441.12
T1001602,S002,P0199,C00587,2024-12-13,8,158.17
T1001603,S002,P0013,C00263,2024-08-26,9,482.94
T1001604,S003,P0120,C00490,2025-01-08,8,153.16
T1001605,S013,P0179,C00947,2024-08-07,3,250.9
T1001606,S011,P0026,C00228,2025-08-07,7,346.82
T1001607,S014,P0093,C00269,2024-05-19,3,379.56
T1001608,S007,P0146,C00630,2024-06-08,8,287.77
T1001609,S017,P0016,C00309,2024-03-20,4,255.91
T1001610,S003,P0089,C00912,2025-09-04,3,381.06
T1001611,S001,P0151,C00441,2024-12-01,7,44.92
T1001612,S012,P0092,C00089,2025-06-16,6,450.61
T1001613,S006,P0183,C00102,2024-12-03,7,56.54
T1001614,S004,P0150,C00919,2024-04-11,2,140.87
T1001615,S006,P0090,C00237,2024-07-04,3,107.64
T1001616,S007,P0085,C00568,2025-07-21,6,496.79
T1001617,S008,P0038,C00690,2024-11-17,6,268.32
T1001618,S002,P0113,C00667,2024-11-19,9,117.76
T1001619,S017,P0047,C00187,2025-06-13,3,482.62
T1001620,S020,P0109,C00849,2024-01-27,8,243.21
T1001621,S009,P0161,C00061,2024-12-14,4,21.52
T1001622,S009,P0106,C00905,2025-04-24,9,452.26
T1001623,S005,P0179,C00244,2025-06-22,8,499.51
T1001624,S017,P0031,C00880,2025-07-19,4,166.21
T1001625,S013,P0070,C00355,2024-03-16,2,187.7
T1001626,S008,P0127,C00622,2025-04-22,1,352.92
T1001627,S009,P0174,C00821,2025-01-21,7,107.23
T1001628,S005,P0159,C00039,2024-06-08,7,93.08
T1001629,S019,P0065,C00982,2024-01-12,6,187.02
T1001630,S015,P0094,C00433,2025-08-25,8,471.55
T1001631,S002,P0039,C00011,2025-02-08,4,19.73
T1001632,S012,P0113,C00528,2024-04-29,4,311.74
T1001633,S001,P0103,C00401,2024-10-29,4,414.89
T1001634,S019,P0011,C00206,2024-08-08,1,244.19
T1001635,S019,P0144,C00377,2024-09-30,5,340.14
T1001636,S018,P0149,C00054,2024-09-18,5,344.06
T1001637,S007,P0048,C00241,2024-01-06,5,213.93
T1001638,S010,P0124,C00739,2024-08-21,5,429.66
T1001639,S015,P0051,C00056,2024-04-16,2,153.86
T1001640,S015,P0170,C00784,2025-08-12,8,453.04
T1001641,S013,P0065,C00185,2025-04-23,2,43.86
T1001642,S005,P0108,C00837,2025-08-03,7,353.6
T1001643,S006,P0128,C00167,2024-10-29,9,319.53
T1001644,S008,P0055,C00040,2025-05-26,8,484.29
T1001645,S005,P0097,C00925,2025-08-08,9,195.6
T1001646,S012,P0191,C00296,2025-06-05,8,143.86
T1001647,S001,P0107,C00844,2024-06-28,6,232.02
T1001648,S008,P0051,C00568,2025-07-22,4,331.88
T1001649,S015,P0146,C00083,2024-02-17,4,462.76
T1001650,S010,P0018,C00324,2025-09-07,9,485.5
T1001651,S007,P0013,C00074,2025-09-20,5,53.63
T1001652,S007,P0007,C00895,2024-09-21,7,456.6
T1001653,S018,P0105,C00266,2024-04-21,4,152.24
T1001654,S010,P0051,C00165,2025-07-12,9,394.16
T1001655,S015,P0118,C00529,2024-11-07,2,405.96
T1001656,S003,P0018,C00887,2025-01-16,6,89.64
T1001657,S006,P0186,C00345,2024-09-11,9,480.61
T1001658,S008,P0122,C00355,2024-11-22,2,244.24
T1001659,S004,P0160,C00749,2025-07-26,8,72.38
T1001660,S020,P0182,C00732,2024-07-12,8,376.51
T1001661,S018,P0181,C00520,2025-01-03,9,71.37
T1001662,S017,P0071,C00302,2024-11-27,5,19.26
T1001663,S016,P0129,C00314,2025-01-30,8,462.13
T1001664,S002,P0100,C00206,2024-08-29,2,17.42
T1001665,S011,P0021,C00794,2025-05-10,1,16.4
T1001666,S005,P0124,C00746,2024-09-04,4,399.2
T1001667,S004,P0133,C00988,2024-11-16,8,95.01
T1001668,S002,P0104,C00269,2024-10-22,2,21.56
T1001669,S004,P0170,C00304,2024-06-22,1,476.89
T1001670,S001,P0032,C00860,2025-03-28,7,306.12
T1001671,S001,P0069,C00825,2025-02-27,7,58.43
T1001672,S006,P0080,C00827,2024-07-18,1,352.33
T1001673,S016,P0045,C00998,2025-01-05,6,380.45
T1001674,S018,P0169,C00395,2025-05-25,2,464.47
T1001675,S012,P0002,C00752,2024-03-28,4,295.74
T1001676,S009,P0144,C00230,2025-08-20,9,248.04
T1001677,S018,P0038,C00616,2025-08-23,5,11.21
T1001678,S015,P0014,C00093,2025-02-04,1,7.7
T1001679,S019,P0077,C00286,2024-05-23,7,451.79
T1001680,S017,P0126,C00574,2025-06-19,5,361.23
T1001681,S011,P0138,C00029,2025-01-01,7,133.03
T1001682,S018,P0183,C00649,2025-05-29,2,440.56
T1001683,S015,P0154,C00037,2024-06-28,4,8.29
T1001684,S001,P0085,C00093,2024-06-07,9,422.98
T1001685,S010,P0199,C00478,2024-03-30,1,206.66
T1001686,S002,P0036,C00977,2025-09-01,3,388.12
T1001687,S018,P0051,C00051,2024-03-15,5,14.36
T1001688,S008,P0151,C00341,2024-07-23,6,224.35
T1001689,S011,P0013,C00194,2024-08-12,4,219.96
T1001690,S011,P0028,C00244,2024-09-14,8,204.85
T1001691,S008,P0032,C00378,2024-10-10,2,314.64
T1001692,S011,P0032,C00240,2024-09-10,3,414.67
T1001693,S019,P0042,C00669,2024-04-14,1,37.74
T1001694,S016,P0186,C00637,2024-12-31,8,292.35
T1001695,S001,P0131,C00236,2025-08-13,2,496.14
T1001696,S020,P0094,C00730,2025-05-24,3,407.15
T1001697,S002,P0158,C00278,2025-01-19,2,423.7
T1001698,S005,P0118,C00496,2024-09-30,2,269.21
T1001699,S001,P0147,C00832,2025-05-03,3,429.8
T1001700,S010,P0088,C00014,2025-06-22,6,397.71
T1001701,S011,P0145,C00455,2024-05-24,4,365.5
T1001702,S002,P0154,C00886,2025-06-13,6,165.67
T1001703,S008,P0029,C00138,2024-01-11,7,251.32
T1001704,S009,P0046,C00254,2025-02-05,8,211.76
T1001705,S005,P0051,C00371,2024-04-04,9,466.38
T1001706,S013,P0136,C00372,2024-08-30,6,493.35
T1001707,S019,P0123,C00202,2024-11-06,3,499.77
T1001708,S006,P0196,C00619,2025-05-10,1,172.14
T1001709,S018,P0018,C00373,2025-03-13,5,464.49
T1001710,S014,P0001,C00950,2025-08-01,6,264.69
T1001711,S007,P0027,C00887,2025-08-07,8,443.76
T1001712,S014,P0192,C00827,2024-12-04,6,77.95
T1001713,S017,P0125,C00730,2024-12-10,7,289.97
T1001714,S003,P0103,C00153,2024-02-03,6,348.62
T1001715,S014,P0186,C00003,2025-08-07,4,172.74
T1001716,S012,P0027,C00146,2024-12-02,3,94.75
T1001717,S006,P0046,C00415,2025-04-09,6,37.68
T1001718,S008,P0044,C00690,2024-05-31,2,179.3
T1001719,S001,P0169,C00680,2024-04-05,4,302.25
T1001720,S018,P0178,C00435,2024-12-31,7,45.38
T1001721,S014,P0164,C00319,2024-02-29,3,246.57
T1001722,S003,P0160,C00275,2024-06-28,6,427.45
T1001723,S007,P0191,C00148,2024-03-16,3,250.42
T1001724,S020,P0089,C00065,2025-01-25,3,152.09
T1001725,S002,P0166,C00984,2024-08-07,4,283.15
T1001726,S015,P0192,C00097,2025-07-16,6,222.84
T1001727,S012,P0026,C00708,2024-03-31,8,413.45
T1001728,S012,P0049,C00179,2024-03-23,2,138.77
T1001729,S006,P0016,C00877,2024-03-17,1,228.33
T1001730,S002,P0102,C00167,2024-09-25,4,423.31
T1001731,S012,P0086,C00263,2024-08-14,8,323.52
T1001732,S006,P0003,C00447,2024-08-18,1,110.71
T1001733,S012,P0100,C00526,2024-12-14,8,168.0
T1001734,S003,P0058,C00039,2025-10-01,9,454.23
T1001735,S001,P0003,C00148,2024-09-09,4,346.5
T1001736,S005,P0151,C00019,2025-07-21,9,461.19
T1001737,S019,P0091,C00517,2024-03-13,5,413.88
T1001738,S017,P0007,C00744,2024-04-13,7,327.88
T1001739,S003,P0179,C00357,2024-03-06,7,194.55
T1001740,S001,P0138,C00166,2025-01-02,6,162.69
T1001741,S004,P0083,C00345,2024-07-12,9,50.98
T1001742,S009,P0012,C00230,2025-03-27,1,193.69
T1001743,S002,P0188,C00635,2024-02-13,4,159.77
T1001744,S019,P0172,C00942,2025-04-01,7,21.32
T1001745,S018,P0060,C00917,2025-08-26,5,54.5
T1001746,S020,P0019,C00927,2025-01-08,9,254.29
T1001747,S018,P0122,C00537,2024-05-20,4,230.54
T1001748,S004,P0164,C00061,2024-08-24,1,156.67
T1001749,S009,P0135,C00403,2024-06-12,9,183.66
T1001750,S016,P0128,C00770,2024-10-26,7,14.62
T1001751,S001,P0128,C00430,2024-12-08,3,299.46
T1001752,S007,P0075,C00338,2025-07-12,4,379.4
T1001753,S019,P0094,C00896,2024-08-20,2,302.19
T1001754,S019,P0121,C00112,2024-01-31,9,22.1
T1001755,S012,P0176,C00743,2025-02-27,1,97.05
T1001756,S010,P0143,C00477,2024-06-09,4,148.84
T1001757,S006,P0007,C00335,2024-09-01,4,279.07
T1001758,S002,P0096,C00162,2024-11-09,2,128.63
T1001759,S019,P0051,C00166,2025-04-14,1,156.12
T1001760,S016,P0154,C00065,2025-04-18,6,198.13
T1001761,S016,P0107,C00221,2025-01-08,1,34.17
T1001762,S013,P0090,C00399,2025-03-26,4,365.45
T1001763,S008,P0112,C00209,2024-11-24,4,271.14
T1001764,S003,P0130,C00597,2024-10-25,7,469.56
T1001765,S016,P0150,C00224,2024-08-12,5,302.12
T1001766,S005,P0092,C00835,2025-05-27,3,193.88
T1001767,S002,P0155,C00201,2025-01-07,6,480.0
T1001768,S006,P0153,C00444,2025-03-11,4,480.1
T1001769,S001,P0195,C00938,2025-02-14,2,445.16
T1001770,S015,P0122,C00771,2024-02-04,4,49.6
T1001771,S011,P0099,C00332,2024-02-18,3,10.67
T1001772,S015,P0053,C00048,2024-10-08,1,106.35
T1001773,S020,P0136,C00195,2024-02-18,2,169.86
T1001774,S003,P0103,C00821,2025-04-10,1,88.74
T1001775,S015,P0101,C00968,2025-05-27,9,179.25
T1001776,S006,P0113,C00138,2025-04-10,6,120.63
T1001777,S012,P0042,C00878,2024-09-14,6,207.66
T1001778,S019,P0062,C00528,2025-03-17,1,464.02
T1001779,S006,P0009,C00365,2024-02-28,2,336.31
T1001780,S018,P0007,C00304,2024-07-26,3,312.9
T1001781,S015,P0036,C00828,2025-08-28,6,174.95
T1001782,S017,P0187,C00009,2024-09-10,2,280.53
T1001783,S017,P0056,C00427,2024-02-19,9,303.04
T1001784,S003,P0061,C00076,2025-08-26,6,445.27
T1001785,S017,P0167,C00381,2025-05-13,5,416.6
T1001786,S011,P0030,C00055,2025-04-13,3,250.8
T1001787,S006,P0005,C00976,2024-01-24,9,431.74
T1001788,S003,P0177,C00637,2025-09-17,2,19.41
T1001789,S005,P0102,C00142,2025-01-29,6,452.94
T1001790,S015,P0029,C00436,2025-07-05,3,271.46
T1001791,S015,P0068,C00605,2024-09-07,9,101.94
T1001792,S010,P0062,C00206,2025-01-09,2,73.06
T1001793,S008,P0193,C00860,2024-01-20,2,410.64
T1001794,S015,P0041,C00391,2025-08-19,4,296.08
T1001795,S015,P0145,C00972,2025-09-28,4,252.29
T1001796,S008,P0153,C00891,2024-07-12,3,139.9
T1001797,S019,P0105,C00738,2025-06-03,8,172.47
T1001798,S014,P0048,C00953,2025-01-21,8,176.89
T1001799,S003,P0148,C00202,2024-01-31,3,93.19
T1001800,S013,P0065,C00422,2024-11-20,6,495.39
T1001801,S015,P0157,C00620,2025-02-27,3,453.59
T1001802,S019,P0015,C00911,2025-08-23,8,219.19
T1001803,S014,P0113,C00973,2024-07-26,4,170.6
T1001804,S005,P0009,C00820,2024-07-03,8,143.23
T1001805,S007,P0048,C00901,2024-02-16,1,467.54
T1001806,S013,P0011,C00707,2025-03-02,1,254.87
T1001807,S016,P0021,C00154,2024-12-19,1,38.15
T1001808,S011,P0063,C00617,2024-05-24,3,64.93
T1001809,S013,P0119,C00751,2025-09-27,2,252.12
T1001810,S001,P0162,C00723,2024-04-05,1,350.49
T1001811,S001,P0101,C00670,2024-05-01,6,340.5
T1001812,S018,P0089,C00239,2025-06-30,9,352.71
T1001813,S014,P0080,C00293,2024-06-07,9,8.27
T1001814,S014,P0175,C00119,2024-05-17,8,494.18
T1001815,S020,P0169,C00935,2025-02-13,7,7.38
T1001816,S014,P0006,C00173,2024-02-11,6,26.12
T1001817,S008,P0109,C00569,2025-05-25,9,230.61
T1001818,S001,P0030,C00956,2025-06-19,9,264.83
T1001819,S012,P0033,C00979,2025-04-14,8,262.45
T1001820,S001,P0176,C00396,2024-05-22,8,52.3
T1001821,S015,P0109,C00429,2025-01-17,3,191.02
T1001822,S019,P0019,C00612,2025-09-18,6,37.08
T1001823,S015,P0058,C00427,2024-11-09,4,377.21
T1001824,S020,P0190,C00757,2024-01-15,6,219.2
T1001825,S019,P0125,C00274,2024-12-13,3,5.9
T1001826,S003,P0039,C00429,2024-06-24,2,394.08
T1001827,S013,P0160,C00380,2024-08-09,5,146.55
T1001828,S018,P0019,C00117,2024-01-29,6,172.17
T1001829,S002,P0022,C00956,2024-01-23,7,241.17
T1001830,S010,P0026,C00025,2024-12-27,2,455.71
T1001831,S014,P0033,C00655,2024-07-13,4,29.03
T1001832,S013,P0001,C00874,2024-06-22,2,313.85
T1001833,S004,P0076,C00485,2025-07-21,2,87.41
T1001834,S019,P0086,C00429,2024-07-16,3,293.07
T1001835,S013,P0060,C00261,2024-09-22,1,38.2
T1001836,S019,P0071,C00735,2024-03-20,3,497.71
T1001837,S007,P0093,C00556,2024-12-18,2,186.97
T1001838,S006,P0067,C00167,2024-09-23,8,301.11
T1001839,S001,P0048,C00342,2025-08-22,2,87.6
T1001840,S003,P0073,C00605,2025-04-13,9,180.65
T1001841,S010,P0119,C00096,2024-06-14,6,70.21
T1001842,S004,P0137,C00683,2024-05-09,4,346.81
T1001843,S010,P0182,C00297,2025-03-23,2,473.54
T1001844,S003,P0009,C00402,2024-04-27,4,450.28
T1001845,S016,P0184,C00539,2024-06-30,8,266.69
T1001846,S012,P0116,C00698,2025-03-15,8,39.17
T1001847,S017,P0071,C00597,2025-03-29,9,430.3
T1001848,S003,P0150,C00482,2024-11-18,8,473.22
T1001849,S007,P0161,C00248,2025-07-30,5,267.12
T1001850,S014,P0087,C00943,2024-04-26,5,475.72
T1001851,S015,P0145,C00030,2025-09-27,7,128.44
T1001852,S011,P0163,C00707,2024-12-17,6,35.8
T1001853,S018,P0114,C00973,2024-08-03,7,81.77
T1001854,S010,P0123,C00254,2025-08-07,3,12.31
T1001855,S016,P0107,C00484,2024-12-17,8,18.5
T1001856,S015,P0081,C00656,2025-08-31,1,166.31
T1001857,S015,P0166,C00119,2025-06-07,1,66.31
T1001858,S008,P0005,C00547,2024-03-23,6,161.96
T1001859,S010,P0056,C00842,2024-12-02,8,278.37
T1001860,S016,P0160,C00804,2025-05-11,2,238.2
T1001861,S005,P0122,C00983,2024-08-12,3,122.23
T1001862,S011,P0180,C00190,2025-03-21,2,58.52
T1001863,S005,P0101,C00780,2025-06-10,2,334.63
T1001864,S014,P0029,C00427,2024-02-06,8,412.53
T1001865,S001,P0087,C00757,2025-08-22,6,234.74
T1001866,S006,P0193,C00839,2024-09-10,7,474.46
T1001867,S009,P0102,C00437,2025-01-30,8,169.21
T1001868,S002,P0144,C00860,2025-02-16,8,255.82
T1001869,S015,P0192,C00794,2025-03-19,3,323.82
T1001870,S004,P0088,C00448,2025-05-28,3,253.95
T1001871,S011,P0130,C00444,2024-09-29,6,113.45
T1001872,S014,P0109,C00244,2024-10-07,3,380.94
T1001873,S020,P0004,C00044,2024-06-09,4,12.6
T1001874,S018,P0133,C00552,2025-09-19,7,440.43
T1001875,S003,P0035,C00385,2025-01-19,5,461.63
T1001876,S016,P0021,C00305,2024-06-13,3,33.76
T1001877,S004,P0020,C00367,2024-08-07,8,35.57
T1001878,S019,P0049,C00182,2025-06-07,7,219.69
T1001879,S011,P0055,C00550,2024-11-12,2,284.97
T1001880,S013,P0059,C00068,2025-04-16,7,163.78
T1001881,S020,P0199,C00297,2024-07-13,3,247.37
T1001882,S007,P0199,C00012,2025-06-12,9,7.88
T1001883,S006,P0016,C00314,2024-09-02,7,382.52
T1001884,S013,P0178,C00456,2025-08-14,2,324.97
T1001885,S017,P0105,C00743,2025-07-26,4,429.11
T1001886,S014,P0009,C00414,2024-05-15,2,307.99
T1001887,S019,P0020,C00652,2024-11-01,5,59.57
T1001888,S003,P0042,C00267,2024-02-13,2,469.95
T1001889,S002,P0051,C00505,2025-05-26,6,46.27
T1001890,S011,P0190,C00222,2025-09-17,3,442.38
T1001891,S005,P0142,C00641,2025-03-31,8,58.35
T1001892,S006,P0065,C00449,2024-08-01,2,261.82
T1001893,S013,P0123,C00528,2024-12-18,3,225.2
T1001894,S007,P0104,C00837,2025-08-09,5,15.86
T1001895,S016,P0143,C00291,2024-05-30,7,42.17
T1001896,S001,P0130,C00379,2025-04-01,7,33.75
T1001897,S017,P0100,C00999,2024-09-26,8,44.49
T1001898,S015,P0103,C00222,2024-03-19,2,180.19
T1001899,S012,P0132,C00858,2025-03-07,8,152.68
T1001900,S005,P0023,C00075,2024-08-15,1,53.21
T1001901,S009,P0082,C00394,2024-05-20,4,75.85
T1001902,S016,P0018,C00061,2024-11-14,5,302.89
T1001903,S002,P0171,C00148,2025-06-09,4,201.51
T1001904,S018,P0106,C00053,2024-08-30,8,458.92
T1001905,S006,P0144,C00368,2025-01-09,3,211.53
T1001906,S008,P0138,C00987,2024-10-20,2,434.74
T1001907,S018,P0021,C00235,2025-09-25,5,235.4
T1001908,S020,P0191,C00532,2025-06-12,8,101.52
T1001909,S004,P0060,C00180,2025-07-05,5,279.02
T1001910,S020,P0131,C00031,2024-08-19,2,39.66
T1001911,S015,P0026,C00171,2024-09-07,6,245.67
T1001912,S003,P0106,C00366,2024-02-28,8,389.29
T1001913,S002,P0011,C00968,2025-04-24,7,73.14
T1001914,S006,P0019,C00919,2025-02-11,5,73.34
T1001915,S020,P0088,C00489,2024-03-11,7,58.74
T1001916,S015,P0159,C00031,2025-04-06,6,139.16
T1001917,S002,P0132,C00809,2024-07-28,2,175.74
T1001918,S016,P0173,C00593,2025-03-08,8,50.11
T1001919,S011,P0053,C00375,2025-07-03,2,480.75
T1001920,S005,P0125,C00191,2024-05-23,8,461.01
T1001921,S005,P0041,C00446,2025-01-12,5,271.89
T1001922,S013,P0168,C00031,2024-10-26,7,301.5
T1001923,S016,P0148,C00782,2024-06-30,2,371.01
T1001924,S003,P0029,C00052,2025-06-15,8,131.82
T1001925,S008,P0029,C00031,2024-01-06,1,493.64
T1001926,S018,P0073,C00765,2025-05-07,5,230.57
T1001927,S001,P0156,C00647,2025-09-28,1,140.17
T1001928,S016,P0101,C00838,2025-07-17,8,382.46
T1001929,S001,P0049,C00446,2025-08-19,8,380.57
T1001930,S010,P0149,C00228,2025-08-13,3,444.62
T1001931,S020,P0021,C00170,2024-07-16,6,483.52
T1001932,S003,P0074,C00099,2024-03-10,5,54.26
T1001933,S015,P0072,C00422,2025-01-23,8,277.36
T1001934,S012,P0156,C00547,2025-05-16,1,101.97
T1001935,S011,P0055,C00759,2024-12-26,9,63.82
T1001936,S017,P0140,C00277,2025-01-30,3,290.33
T1001937,S016,P0196,C00922,2024-09-18,7,495.85
T1001938,S010,P0179,C00226,2025-03-16,1,478.86
T1001939,S001,P0083,C00082,2024-04-28,5,349.32
T1001940,S007,P0067,C00475,2024-09-30,6,79.23
T1001941,S019,P0011,C00399,2024-04-30,5,397.89
T1001942,S020,P0014,C00528,2024-02-04,2,394.45
T1001943,S012,P0190,C00653,2025-07-30,1,143.22
T1001944,S020,P0199,C00547,2024-07-03,8,106.5
T1001945,S016,P0185,C00070,2024-05-19,5,256.69
T1001946,S001,P0165,C00363,2024-09-03,7,295.87
T1001947,S019,P0183,C00667,2025-04-06,6,142.52
T1001948,S020,P0197,C00898,2024-10-15,2,340.37
T1001949,S002,P0145,C00340,2025-05-06,5,239.3
T1001950,S011,P0126,C00593,2024-07-21,6,288.11
T1001951,S014,P0049,C00275,2024-07-27,5,300.83
T1001952,S004,P0117,C00574,2024-09-13,5,220.47
T1001953,S001,P0183,C00280,2024-07-21,4,350.8
T1001954,S001,P0198,C00796,2024-02-24,9,382.96
T1001955,S003,P0003,C00221,2024-08-16,4,456.35
T1001956,S006,P0006,C00418,2024-03-13,1,107.41
T1001957,S017,P0141,C00203,2025-03-27,8,404.67
T1001958,S015,P0115,C00035,2025-02-17,1,433.74
T1001959,S004,P0008,C00495,2024-11-03,4,311.91
T1001960,S014,P0066,C00614,2024-09-26,8,192.57
T1001961,S012,P0119,C00361,2025-01-11,7,198.56
T1001962,S017,P0015,C00730,2025-07-27,2,43.62
T1001963,S018,P0142,C00868,2024-05-24,9,250.77
T1001964,S006,P0119,C00155,2024-07-27,3,256.46
T1001965,S014,P0069,C00004,2025-08-01,2,356.09
T1001966,S015,P0028,C00594,2025-05-25,6,178.39
T1001967,S020,P0086,C00732,2024-02-13,8,259.19
T1001968,S010,P0154,C00358,2024-10-06,7,201.47
T1001969,S010,P0071,C00514,2024-10-12,5,189.78
T1001970,S006,P0040,C00117,2024-03-13,4,475.18
T1001971,S006,P0002,C00082,2024-04-23,7,477.22
T1001972,S007,P0135,C00943,2024-10-18,6,127.03
T1001973,S010,P0015,C00370,2024-02-28,2,29.23
T1001974,S007,P0118,C00642,2024-07-12,3,455.57
T1001975,S001,P0176,C00820,2025-05-23,6,364.2
T1001976,S009,P0164,C00200,2025-09-28,5,411.0
T1001977,S003,P0065,C00371,2025-05-25,6,365.25
T1001978,S014,P0099,C00086,2024-08-14,4,342.21
T1001979,S006,P0097,C00940,2024-11-02,6,492.41
T1001980,S008,P0147,C00049,2024-06-13,3,477.42
T1001981,S007,P0169,C00317,2025-09-03,1,213.23
T1001982,S014,P0166,C00299,2025-04-15,1,13.6
T1001983,S018,P0103,C00043,2024-05-09,9,96.43
T1001984,S007,P0052,C00805,2025-02-01,7,22.01
T1001985,S016,P0120,C00198,2024-08-29,2,433.93
T1001986,S003,P0171,C00012,2024-02-19,2,424.83
T1001987,S007,P0126,C00678,2025-03-05,4,222.2
T1001988,S015,P0052,C00203,2025-03-31,5,137.75
T1001989,S002,P0032,C00743,2025-07-22,6,96.49
T1001990,S009,P0153,C00998,2024-11-02,5,339.07
T1001991,S013,P0109,C00651,2025-09-18,6,480.04
T1001992,S014,P0197,C00487,2024-05-21,5,323.52
T1001993,S011,P0112,C00270,2024-10-08,9,272.72
T1001994,S018,P0166,C00734,2025-07-17,6,167.63
T1001995,S003,P0019,C00707,2024-02-09,3,270.74
T1001996,S010,P0195,C00530,2024-04-26,9,208.47
T1001997,S001,P0017,C00044,2025-07-21,5,74.42
T1001998,S003,P0010,C00284,2025-04-11,8,382.84
T1001999,S013,P0159,C00187,2024-12-10,8,472.37
T1002000,S014,P0146,C00954,2024-09-23,6,317.4
T1002001,S005,P0194,C00401,2024-02-07,3,301.52
T1002002,S003,P0156,C00834,2025-04-12,1,273.45
T1002003,S009,P0111,C00965,2025-09-07,2,72.2
T1002004,S008,P0114,C00073,2025-09-11,2,431.04
T1002005,S015,P0154,C00458,2024-10-17,9,418.69
T1002006,S015,P0139,C00632,2025-03-08,5,185.37
T1002007,S017,P0191,C00405,2024-05-15,9,17.61
T1002008,S004,P0098,C00218,2025-02-15,4,299.58
T1002009,S015,P0187,C00595,2024-03-31,9,146.82
T1002010,S020,P0096,C00654,2024-01-19,1,317.09
T1002011,S009,P0160,C00623,2024-04-14,5,27.04
T1002012,S012,P0183,C00608,2025-06-19,7,362.94
T1002013,S008,P0127,C00040,2024-06-26,1,286.17
T1002014,S011,P0030,C00691,2025-06-14,4,477.86
T1002015,S003,P0019,C00235,2025-09-05,1,165.42
T1002016,S005,P0147,C00222,2025-03-23,2,440.87
T1002017,S009,P0046,C00263,2024-01-24,9,320.13
T1002018,S003,P0049,C00657,2024-03-27,9,159.43
T1002019,S018,P0132,C00878,2025-05-21,9,446.9
T1002020,S019,P0032,C00799,2024-12-29,4,81.73
T1002021,S012,P0070,C00751,2024-01-28,1,43.47
T1002022,S010,P0048,C00798,2025-03-09,4,287.74
T1002023,S020,P0105,C00857,2024-10-27,4,373.3
T1002024,S002,P0006,C00077,2024-07-25,4,126.31
T1002025,S001,P0037,C00421,2025-04-11,8,62.6
T1002026,S011,P0199,C00189,2025-05-22,1,456.27
T1002027,S002,P0106,C00231,2024-11-22,2,301.74
T1002028,S008,P0064,C00047,2024-03-20,2,35.1
T1002029,S016,P0187,C00974,2025-01-20,5,445.83
T1002030,S020,P0179,C00203,2024-08-09,2,222.84
T1002031,S015,P0154,C00723,2024-04-10,8,36.8
T1002032,S010,P0032,C00380,2024-07-10,9,60.1
T1002033,S009,P0177,C00658,2024-12-18,9,291.58
T1002034,S006,P0124,C00117,2025-03-21,3,450.79
T1002035,S002,P0012,C00604,2025-02-28,3,274.5
T1002036,S007,P0037,C00182,2025-07-29,2,491.38
T1002037,S014,P0085,C00630,2024-03-20,1,160.7
T1002038,S007,P0161,C00440,2024-02-08,3,43.92
T1002039,S005,P0068,C00104,2025-07-23,8,7.63
T1002040,S015,P0001,C00397,2025-09-05,8,107.25
T1002041,S019,P0010,C00378,2024-08-25,3,373.97
T1002042,S001,P0077,C00762,2024-06-21,5,436.41
T1002043,S018,P0077,C00187,2024-11-12,6,395.65
T1002044,S001,P0047,C00782,2024-01-13,2,239.39
T1002045,S008,P0017,C00825,2025-03-03,3,244.65
T1002046,S016,P0023,C00498,2024-12-07,3,402.22
T1002047,S012,P0186,C00647,2025-04-04,1,300.13
T1002048,S008,P0054,C00954,2025-01-05,8,100.24
T1002049,S016,P0090,C00396,2024-07-19,5,58.83
T1002050,S017,P0144,C00053,2025-05-03,5,287.69
T1002051,S014,P0078,C00750,2024-12-15,7,425.28
T1002052,S001,P0141,C00245,2025-07-31,6,397.87
T1002053,S008,P0091,C00001,2025-06-12,9,157.91
T1002054,S006,P0190,C00439,2024-02-27,1,336.37
T1002055,S010,P0022,C00013,2024-08-19,8,465.48
T1002056,S005,P0101,C00064,2024-01-29,7,192.47
T1002057,S014,P0129,C00258,2025-04-09,7,120.79
T1002058,S009,P0193,C00334,2024-09-06,9,170.33
T1002059,S004,P0009,C00498,2024-03-23,3,322.12
T1002060,S014,P0169,C00492,2024-10-13,8,28.47
T1002061,S019,P0183,C00221,2024-12-02,1,24.95
T1002062,S003,P0038,C00728,2025-05-20,8,427.92
T1002063,S008,P0022,C00603,2024-03-20,9,368.71
T1002064,S012,P0016,C00153,2025-05-12,8,138.44
T1002065,S014,P0050,C00187,2025-07-07,7,303.16
T1002066,S018,P0041,C00687,2024-12-23,9,81.88
T1002067,S020,P0085,C00345,2024-05-19,1,497.93
T1002068,S008,P0048,C00674,2024-07-10,4,429.53
T1002069,S016,P0171,C00581,2025-02-07,9,17.38
T1002070,S008,P0176,C00153,2025-02-26,2,63.12
T1002071,S003,P0019,C00642,2024-11-06,9,272.66
T1002072,S013,P0184,C00201,2024-04-09,3,103.36
T1002073,S003,P0084,C00197,2024-07-12,7,302.2
T1002074,S015,P0165,C00381,2025-01-29,9,83.14
T1002075,S008,P0153,C00481,2024-07-31,5,306.47
T1002076,S006,P0038,C00547,2025-01-22,9,112.13
T1002077,S001,P0185,C00203,2025-05-24,7,450.6
T1002078,S012,P0056,C00678,2025-02-10,6,432.23
T1002079,S009,P0170,C00131,2024-03-16,7,476.71
T1002080,S004,P0150,C00466,2024-03-04,3,201.86
T1002081,S014,P0157,C00488,2024-11-05,4,89.82
T1002082,S005,P0115,C00693,2024-01-31,2,371.65
T1002083,S001,P0132,C00223,2024-09-25,1,266.85
T1002084,S016,P0134,C00633,2025-04-08,1,273.28
T1002085,S005,P0150,C00295,2024-08-09,8,220.8
T1002086,S009,P0009,C00982,2025-04-16,9,421.82
T1002087,S015,P0189,C00766,2024-07-14,1,138.1
T1002088,S001,P0064,C00840,2024-05-01,7,427.81
T1002089,S005,P0058,C00399,2025-06-19,1,496.09
T1002090,S020,P0133,C00992,2024-05-24,7,365.37
T1002091,S007,P0044,C00445,2024-02-25,9,152.44
T1002092,S014,P0004,C00780,2024-07-23,6,272.63
T1002093,S007,P0152,C00358,2025-07-05,6,321.81
T1002094,S015,P0112,C00589,2025-08-13,1,94.36
T1002095,S012,P0119,C00326,2024-02-15,8,471.43
T1002096,S007,P0003,C00628,2024-05-15,3,43.79
T1002097,S014,P0102,C00153,2024-01-12,9,377.53
T1002098,S006,P0158,C00434,2024-04-02,1,347.18
T1002099,S015,P0120,C00835,2024-04-28,6,332.8
T1002100,S007,P0126,C00823,2024-03-22,8,441.36
T1002101,S019,P0022,C00960,2024-05-13,8,147.2
T1002102,S001,P0035,C00608,2024-12-20,5,260.0
T1002103,S010,P0029,C00895,2025-08-22,4,416.46
T1002104,S013,P0138,C00996,2025-05-18,8,175.53
T1002105,S006,P0109,C00461,2024-11-19,3,298.24
T1002106,S004,P0033,C00394,2024-08-06,7,499.22
T1002107,S008,P0034,C00690,2025-09-04,1,61.84
T1002108,S001,P0184,C00047,2024-03-30,2,146.5
T1002109,S018,P0089,C00759,2024-08-23,9,127.29
T1002110,S010,P0157,C00055,2025-06-24,6,156.74
T1002111,S008,P0175,C00506,2024-07-20,4,11.23
T1002112,S008,P0142,C00289,2025-09-27,9,82.43
T1002113,S016,P0146,C00782,2024-05-31,2,448.2
T1002114,S007,P0072,C00294,2025-06-27,7,56.54
T1002115,S007,P0069,C00677,2025-08-28,4,438.88
T1002116,S014,P0105,C00709,2025-08-15,5,489.82
T1002117,S016,P0170,C00744,2025-03-30,8,475.6
T1002118,S007,P0097,C00088,2024-10-01,8,87.29
T1002119,S006,P0134,C00109,2025-07-08,7,74.81
T1002120,S013,P0022,C00745,2025-07-03,8,460.59
T1002121,S003,P0175,C00707,2024-02-11,4,369.72
T1002122,S015,P0145,C00884,2024-06-02,3,157.76
T1002123,S006,P0022,C00378,2025-06-04,6,414.74
T1002124,S015,P0177,C00563,2025-05-19,9,330.27
T1002125,S010,P0084,C00065,2024-09-17,7,120.85
T1002126,S012,P0110,C00532,2025-01-27,7,126.38
T1002127,S010,P0022,C00663,2024-05-10,2,22.42
T1002128,S006,P0063,C00617,2024-05-18,3,145.29
T1002129,S010,P0180,C00064,2024-03-04,6,210.84
T1002130,S011,P0169,C00562,2024-12-03,3,297.53
T1002131,S016,P0105,C00136,2024-02-03,9,212.56
T1002132,S003,P0098,C00106,2025-08-12,2,158.1
T1002133,S013,P0012,C00954,2024-03-22,5,346.77
T1002134,S019,P0046,C00110,2024-01-26,6,43.91
T1002135,S017,P0193,C00596,2024-08-25,2,100.47
T1002136,S004,P0008,C00959,2024-11-21,4,217.15
T1002137,S004,P0037,C00677,2025-05-04,9,324.11
T1002138,S016,P0008,C00394,2025-05-13,6,167.84
T1002139,S017,P0092,C00641,2024-11-01,8,230.39
T1002140,S011,P0050,C00818,2024-10-03,4,10.94
T1002141,S011,P0185,C00283,2024-03-23,5,336.85
T1002142,S006,P0115,C00714,2024-10-23,4,260.95
T1002143,S020,P0137,C00507,2024-10-01,6,429.2
T1002144,S008,P0002,C00827,2025-08-13,9,261.28
T1002145,S006,P0159,C00780,2024-02-11,2,216.82
T1002146,S007,P0070,C00799,2024-05-28,3,39.45
T1002147,S011,P0058,C00814,2025-06-05,3,293.78
T1002148,S015,P0180,C00774,2024-07-26,2,134.43
T1002149,S011,P0047,C00741,2024-02-08,2,121.94
T1002150,S007,P0100,C00840,2025-07-14,4,96.65
T1002151,S003,P0192,C00898,2024-09-13,4,394.5
T1002152,S014,P0123,C00909,2024-08-25,6,369.82
T1002153,S002,P0002,C00855,2024-07-23,8,439.17
T1002154,S004,P0041,C00745,2025-05-28,2,287.45
T1002155,S003,P0057,C00534,2025-02-19,1,493.85
T1002156,S010,P0002,C00095,2024-01-15,4,48.25
T1002157,S016,P0026,C00832,2025-03-22,6,212.51
T1002158,S017,P0084,C00304,2024-07-15,9,446.05
T1002159,S003,P0149,C00291,2025-08-15,8,334.13
T1002160,S017,P0026,C00455,2024-10-26,4,76.98
T1002161,S019,P0119,C00073,2024-04-08,6,114.66
T1002162,S006,P0152,C00926,2025-04-10,3,168.29
T1002163,S013,P0135,C00702,2024-11-09,3,362.27
T1002164,S019,P0199,C00576,2025-08-02,4,319.05
T1002165,S010,P0114,C00009,2024-09-14,3,141.77
T1002166,S015,P0072,C00217,2025-08-04,2,423.82
T1002167,S003,P0090,C00889,2024-10-24,5,378.64
T1002168,S010,P0053,C00233,2024-02-11,1,359.56
T1002169,S020,P0003,C00105,2024-07-29,1,289.79
T1002170,S003,P0143,C00929,2024-04-30,1,394.16
T1002171,S019,P0098,C00595,2024-11-13,1,259.23
T1002172,S007,P0138,C00850,2024-10-26,3,181.97
T1002173,S017,P0115,C00584,2024-07-24,4,349.65
T1002174,S006,P0071,C00170,2025-04-25,1,427.52
T1002175,S009,P0166,C00826,2024-11-02,6,236.59
T1002176,S014,P0025,C00808,2024-08-05,5,374.58
T1002177,S018,P0099,C00894,2024-12-29,4,332.74
T1002178,S020,P0023,C00381,2025-05-29,5,444.36
T1002179,S020,P0173,C00756,2024-12-11,2,39.9
T1002180,S013,P0095,C00226,2024-02-08,4,130.8
T1002181,S009,P0116,C00048,2024-10-21,5,174.9
T1002182,S008,P0178,C00640,2024-05-05,5,320.13
T1002183,S013,P0049,C00286,2024-07-21,2,281.82
T1002184,S014,P0034,C00519,2024-05-31,2,308.94
T1002185,S014,P0115,C00354,2025-04-09,2,208.61
T1002186,S018,P0039,C00178,2025-09-13,8,380.07
T1002187,S019,P0150,C00548,2024-05-21,3,443.79
T1002188,S014,P0033,C00601,2025-04-20,7,13.92
T1002189,S005,P0024,C00837,2024-06-19,7,425.42
T1002190,S016,P0199,C00964,2024-09-06,7,229.51
T1002191,S016,P0197,C00647,2024-09-19,1,369.03
T1002192,S018,P0146,C00183,2024-02-05,1,30.17
T1002193,S004,P0042,C00095,2024-07-15,8,127.27
T1002194,S001,P0024,C00094,2024-01-16,5,141.91
T1002195,S008,P0163,C00986,2025-01-09,5,462.01
T1002196,S009,P0195,C00261,2024-04-20,5,108.54
T1002197,S004,P0189,C00856,2024-11-09,9,248.44
T1002198,S009,P0191,C00932,2024-08-29,2,331.81
T1002199,S014,P0163,C00372,2024-02-22,5,126.19
T1002200,S019,P0175,C00878,2025-07-29,9,394.03
T1002201,S008,P0195,C00513,2024-03-01,4,107.44
T1002202,S019,P0148,C00769,2024-02-05,2,264.9
T1002203,S003,P0001,C00061,2024-09-16,1,315.48
T1002204,S012,P0121,C00920,2024-03-21,1,277.73
T1002205,S006,P0181,C00568,2024-10-11,2,210.99
T1002206,S014,P0147,C00963,2024-05-20,2,212.72
T1002207,S003,P0182,C00023,2024-03-28,8,204.54
T1002208,S004,P0071,C00832,2024-08-19,8,75.11
T1002209,S018,P0098,C00025,2025-04-17,8,482.44
T1002210,S011,P0198,C00320,2024-10-30,7,236.54
T1002211,S010,P0112,C00988,2025-07-20,3,151.16
T1002212,S002,P0185,C00604,2024-02-14,5,173.53
T1002213,S007,P0172,C00598,2024-08-06,9,364.2
T1002214,S017,P0048,C00329,2024-06-04,6,485.51
T1002215,S016,P0074,C00538,2025-08-21,8,295.36
T1002216,S011,P0119,C00411,2024-06-30,5,481.74
T1002217,S010,P0006,C00360,2024-02-14,5,309.99
T1002218,S017,P0114,C00208,2025-09-04,6,265.74
T1002219,S005,P0157,C00237,2024-06-28,1,347.26
T1002220,S009,P0152,C00297,2024-11-28,3,116.53
T1002221,S019,P0138,C00104,2024-12-12,7,100.1
T1002222,S014,P0008,C00094,2025-03-26,4,176.22
T1002223,S016,P0053,C00948,2024-04-06,5,440.75
T1002224,S013,P0064,C00499,2025-03-31,8,384.69
T1002225,S011,P0040,C00520,2024-08-30,8,415.23
T1002226,S017,P0115,C00961,2025-09-18,1,129.59
T1002227,S019,P0098,C00711,2024-02-24,5,317.99
T1002228,S019,P0133,C00621,2025-08-11,6,196.63
T1002229,S009,P0011,C00233,2025-04-15,8,280.3
T1002230,S010,P0011,C00730,2025-07-31,3,316.37
T1002231,S009,P0091,C00721,2025-05-24,6,289.03
T1002232,S010,P0169,C00662,2024-06-18,4,375.84
T1002233,S008,P0126,C00151,2025-02-06,8,422.92
T1002234,S001,P0083,C00711,2024-08-07,8,289.98
T1002235,S019,P0141,C00296,2025-01-09,3,136.92
T1002236,S012,P0057,C00697,2025-06-12,6,263.18
T1002237,S005,P0147,C00470,2024-08-10,2,279.06
T1002238,S012,P0122,C00214,2024-08-30,1,411.08
T1002239,S006,P0046,C00030,2024-04-22,9,222.27
T1002240,S009,P0172,C00129,2024-07-10,4,405.25
T1002241,S003,P0049,C00654,2024-12-28,9,490.58
T1002242,S017,P0069,C00173,2025-01-28,6,410.83
T1002243,S008,P0162,C00331,2025-01-20,2,113.0
T1002244,S020,P0144,C00687,2025-07-15,9,127.86
T1002245,S019,P0005,C00271,2024-01-29,3,121.55
T1002246,S003,P0121,C00727,2025-04-17,5,464.58
T1002247,S004,P0141,C00798,2024-03-13,8,269.63
T1002248,S002,P0104,C00954,2024-03-23,1,33.01
T1002249,S009,P0107,C00159,2024-11-09,2,287.18
T1002250,S012,P0104,C00589,2024-12-01,9,327.42
T1002251,S005,P0095,C00345,2024-06-26,4,74.08
T1002252,S010,P0009,C00308,2024-02-09,2,351.96
T1002253,S005,P0040,C00762,2024-08-27,4,334.83
T1002254,S008,P0071,C00157,2024-04-17,5,77.32
T1002255,S008,P0152,C00292,2024-08-03,4,280.91
T1002256,S014,P0062,C00045,2025-03-27,3,497.6
T1002257,S007,P0134,C00694,2024-07-31,4,81.31
T1002258,S011,P0096,C00118,2024-11-05,6,483.15
T1002259,S016,P0106,C00907,2024-07-18,3,164.99
T1002260,S005,P0055,C00235,2024-06-27,7,159.16
T1002261,S007,P0042,C00070,2025-04-06,6,35.82
T1002262,S015,P0131,C00855,2025-04-16,6,326.9
T1002263,S007,P0001,C00120,2025-02-14,8,40.31
T1002264,S015,P0067,C00682,2025-02-24,3,207.7
T1002265,S014,P0026,C00379,2024-01-08,5,210.53
T1002266,S010,P0105,C00655,2025-08-10,6,161.64
T1002267,S003,P0195,C00869,2024-12-08,2,139.14
T1002268,S007,P0061,C00233,2025-08-02,2,24.92
T1002269,S015,P0050,C00762,2024-02-09,8,306.87
T1002270,S016,P0032,C00770,2024-02-07,8,245.14
T1002271,S014,P0071,C00675,2024-12-28,7,491.4
T1002272,S017,P0004,C00254,2025-01-29,5,181.21
T1002273,S012,P0115,C00709,2024-03-16,7,284.44
T1002274,S009,P0082,C00227,2024-06-10,2,441.96
T1002275,S011,P0012,C00169,2024-08-06,8,248.69
T1002276,S004,P0002,C00529,2025-01-25,7,210.9
T1002277,S016,P0011,C00082,2024-10-30,9,178.3
T1002278,S010,P0045,C00268,2025-08-26,9,411.89
T1002279,S018,P0056,C00639,2024-04-06,5,28.18
T1002280,S010,P0050,C00660,2024-02-06,2,426.63
T1002281,S018,P0077,C00196,2024-10-05,2,399.26
T1002282,S002,P0196,C00896,2024-12-10,6,168.22
T1002283,S018,P0072,C00316,2025-01-16,8,234.58
T1002284,S014,P0056,C00317,2025-01-17,7,94.63
T1002285,S017,P0009,C00025,2024-03-19,6,364.33
T1002286,S005,P0109,C00744,2024-07-13,4,102.86
T1002287,S017,P0002,C00231,2025-07-26,2,151.77
T1002288,S006,P0120,C00729,2025-01-04,7,316.32
T1002289,S014,P0105,C00715,2024-08-04,7,189.11
T1002290,S003,P0200,C00800,2025-01-03,7,155.22
T1002291,S009,P0168,C00360,2024-12-03,6,240.64
T1002292,S018,P0143,C00952,2025-03-18,3,245.99
T1002293,S002,P0194,C00192,2024-04-30,4,100.3
T1002294,S015,P0087,C00019,2025-05-01,6,53.86
T1002295,S013,P0093,C00162,2024-06-03,3,228.66
T1002296,S015,P0157,C00497,2025-06-11,4,156.25
T1002297,S009,P0130,C00407,2025-02-25,1,121.67
T1002298,S015,P0161,C00643,2025-03-26,1,51.46
T1002299,S014,P0166,C00476,2024-12-29,8,267.25
T1002300,S006,P0194,C00680,2025-06-04,9,471.01
T1002301,S019,P0171,C00368,2025-06-13,9,368.06
T1002302,S016,P0187,C00970,2024-01-16,1,20.69
T1002303,S009,P0023,C00082,2025-06-21,3,147.61
T1002304,S002,P0175,C00038,2024-01-19,8,121.14
T1002305,S015,P0126,C00274,2025-01-15,2,99.66
T1002306,S004,P0087,C00947,2025-05-04,9,203.17
T1002307,S010,P0026,C00152,2024-08-31,5,61.0
T1002308,S020,P0109,C00255,2025-01-22,8,265.3
T1002309,S014,P0096,C00563,2024-04-27,4,413.97
T1002310,S019,P0108,C00439,2025-07-06,8,472.97
T1002311,S005,P0128,C00340,2024-11-16,5,342.42
T1002312,S019,P0088,C00889,2025-09-21,6,424.39
T1002313,S014,P0015,C00628,2024-10-02,2,6.99
T1002314,S007,P0110,C00753,2025-05-29,8,80.04
T1002315,S002,P0097,C00682,2025-04-17,3,66.73
T1002316,S004,P0178,C00892,2024-05-19,6,272.04
T1002317,S014,P0013,C00018,2024-02-26,3,416.07
T1002318,S007,P0135,C00551,2024-05-17,8,220.81
T1002319,S011,P0011,C00063,2025-03-10,2,470.2
T1002320,S011,P0019,C00252,2024-08-17,3,325.41
T1002321,S020,P0086,C00926,2024-01-27,3,228.39
T1002322,S008,P0166,C00888,2025-03-11,8,275.27
T1002323,S001,P0128,C00945,2025-05-11,6,285.62
T1002324,S015,P0171,C00889,2025-09-14,7,493.29
T1002325,S008,P0017,C00327,2025-04-17,9,470.96
T1002326,S010,P0044,C00647,2025-01-30,8,174.7
T1002327,S002,P0133,C00227,2025-03-19,7,433.06
T1002328,S020,P0120,C00531,2024-03-05,5,472.95
T1002329,S009,P0166,C00135,2024-03-28,7,461.9
T1002330,S011,P0125,C00173,2024-02-13,9,174.35
T1002331,S010,P0135,C00125,2025-06-24,3,172.57
T1002332,S002,P0024,C00067,2024-06-04,9,38.97
T1002333,S020,P0159,C00168,2025-06-21,6,445.41
T1002334,S016,P0176,C00553,2025-04-30,3,31.48
T1002335,S010,P0098,C00096,2025-08-08,5,386.49
T1002336,S011,P0186,C00926,2024-12-27,4,360.54
T1002337,S017,P0139,C00649,2024-10-28,1,480.09
T1002338,S002,P0079,C00574,2025-03-16,3,129.37
T1002339,S001,P0011,C00409,2024-04-17,4,269.38
T1002340,S019,P0089,C00467,2024-06-11,3,76.92
T1002341,S020,P0079,C00889,2024-12-21,2,340.04
T1002342,S011,P0179,C00288,2025-05-27,5,133.22
T1002343,S010,P0008,C00276,2025-07-07,5,438.67
T1002344,S006,P0183,C00614,2024-05-07,5,450.62
T1002345,S012,P0025,C00690,2024-11-23,6,152.2
T1002346,S013,P0008,C00436,2024-11-27,2,13.78
T1002347,S019,P0102,C00767,2025-08-23,6,362.39
T1002348,S014,P0028,C00895,2024-03-21,9,226.44
T1002349,S010,P0156,C00221,2024-04-01,4,78.5
T1002350,S016,P0055,C00793,2024-10-15,5,347.33
T1002351,S016,P0135,C00336,2024-12-17,5,75.09
T1002352,S001,P0070,C00992,2024-09-11,6,142.3
T1002353,S009,P0106,C00054,2024-12-16,9,169.05
T1002354,S008,P0054,C00302,2024-09-25,7,490.05
T1002355,S019,P0106,C00003,2025-01-31,7,377.25
T1002356,S010,P0152,C00399,2025-06-15,1,32.49
T1002357,S013,P0194,C00064,2024-02-28,8,141.51
T1002358,S003,P0068,C00508,2024-01-05,1,87.51
T1002359,S012,P0095,C00213,2024-09-01,2,25.78
T1002360,S020,P0147,C00387,2024-01-27,4,417.89
T1002361,S008,P0132,C00263,2024-05-26,2,215.75
T1002362,S004,P0087,C00808,2024-11-17,6,345.24
T1002363,S014,P0064,C00687,2025-06-18,1,157.69
T1002364,S006,P0127,C00851,2024-06-14,8,291.78
T1002365,S002,P0024,C00590,2024-06-19,3,49.1
T1002366,S007,P0041,C00199,2024-10-23,7,278.95
T1002367,S003,P0065,C00198,2025-06-08,7,132.74
T1002368,S012,P0068,C00496,2024-01-06,3,90.02
T1002369,S007,P0109,C00506,2024-08-28,1,194.25
T1002370,S015,P0154,C00554,2025-06-14,9,112.4
T1002371,S006,P0004,C00145,2025-05-09,7,60.8
T1002372,S012,P0185,C00618,2024-09-28,4,410.71
T1002373,S003,P0111,C00001,2025-01-07,1,352.05
T1002374,S002,P0036,C00755,2024-03-05,9,348.14
T1002375,S016,P0099,C00318,2024-03-16,1,32.66
T1002376,S014,P0002,C00374,2024-02-03,9,324.06
T1002377,S005,P0066,C00578,2025-02-24,6,261.87
T1002378,S017,P0107,C00656,2024-02-13,5,97.39
T1002379,S016,P0191,C00592,2025-08-11,6,455.39
T1002380,S005,P0146,C00894,2025-06-04,1,197.21
T1002381,S014,P0065,C00369,2024-01-31,2,347.04
T1002382,S020,P0016,C00208,2024-01-06,9,5.57
T1002383,S004,P0103,C00812,2024-10-16,7,27.6
T1002384,S016,P0166,C00339,2024-06-06,3,397.47
T1002385,S003,P0106,C00714,2024-02-18,3,111.86
T1002386,S017,P0149,C00909,2025-04-01,7,175.62
T1002387,S003,P0122,C00712,2024-12-08,6,226.5
T1002388,S014,P0033,C00755,2025-01-12,8,377.08
T1002389,S003,P0173,C00135,2024-05-10,8,363.09
T1002390,S004,P0098,C00250,2024-04-29,7,221.58
T1002391,S012,P0042,C00658,2025-01-19,8,234.84
T1002392,S006,P0128,C00447,2024-12-27,3,230.09
T1002393,S010,P0026,C00639,2024-03-02,7,218.83
T1002394,S018,P0139,C00312,2024-11-30,8,393.93
T1002395,S018,P0038,C00106,2024-12-18,7,431.26
T1002396,S009,P0037,C00342,2024-08-28,6,130.48
T1002397,S006,P0060,C00669,2025-08-20,4,341.44
T1002398,S002,P0102,C00913,2025-01-07,9,258.71
T1002399,S009,P0122,C00781,2025-05-28,5,287.38
T1002400,S013,P0089,C00085,2025-05-23,4,278.82
T1002401,S002,P0062,C00592,2025-08-27,5,191.88
T1002402,S008,P0149,C00843,2025-08-17,9,371.97
T1002403,S015,P0099,C00837,2024-04-29,6,392.53
T1002404,S013,P0136,C00911,2025-01-28,1,339.66
T1002405,S006,P0172,C00139,2024-08-01,1,400.22
T1002406,S009,P0151,C00344,2024-10-10,6,177.97
T1002407,S005,P0129,C00025,2024-03-07,2,194.72
T1002408,S006,P0086,C00620,2025-03-01,2,375.33
T1002409,S010,P0023,C00680,2025-01-10,7,80.94
T1002410,S010,P0197,C00745,2024-01-28,8,493.8
T1002411,S006,P0114,C00833,2025-08-09,3,440.1
T1002412,S001,P0128,C00057,2024-10-17,2,327.25
T1002413,S009,P0168,C00080,2025-01-12,3,254.87
T1002414,S004,P0079,C00043,2025-02-06,4,266.4
T1002415,S019,P0142,C00981,2025-02-25,4,399.42
T1002416,S015,P0073,C00928,2024-08-27,3,356.88
T1002417,S015,P0038,C00567,2025-08-23,8,105.04
T1002418,S009,P0054,C00895,2024-09-17,8,161.19
T1002419,S012,P0171,C00683,2024-06-29,8,58.74
T1002420,S009,P0027,C00975,2025-01-30,3,11.62
T1002421,S013,P0063,C00339,2024-10-20,5,87.62
T1002422,S007,P0056,C00567,2024-06-04,5,24.67
T1002423,S016,P0146,C00242,2024-03-06,4,114.83
T1002424,S015,P0024,C00169,2024-03-08,4,268.6
T1002425,S014,P0198,C00772,2024-05-22,1,308.25
T1002426,S012,P0159,C00387,2025-02-21,9,198.98
T1002427,S010,P0047,C00470,2025-06-19,3,207.26
T1002428,S016,P0043,C00030,2025-04-27,3,38.68
T1002429,S019,P0122,C00852,2024-08-16,9,415.42
T1002430,S005,P0156,C00808,2024-03-22,8,385.41
T1002431,S001,P0042,C00025,2024-05-16,8,291.56
T1002432,S012,P0090,C00095,2024-03-23,5,239.91
T1002433,S011,P0071,C00727,2025-09-19,4,246.88
T1002434,S009,P0019,C00266,2024-06-24,3,84.65
T1002435,S002,P0059,C00322,2025-01-07,7,345.94
T1002436,S005,P0192,C00867,2024-08-14,2,376.49
T1002437,S017,P0108,C00981,2025-07-13,4,115.92
T1002438,S007,P0138,C00752,2025-09-17,2,304.83
T1002439,S012,P0157,C00867,2025-05-05,9,351.13
T1002440,S017,P0183,C00786,2025-01-19,4,398.44
T1002441,S010,P0011,C00995,2025-07-18,2,167.63
T1002442,S006,P0063,C00757,2024-07-24,1,76.83
T1002443,S018,P0057,C00410,2025-07-22,1,253.5
T1002444,S012,P0132,C00656,2024-04-15,2,9.26
T1002445,S011,P0162,C00392,2024-05-16,4,270.72
T1002446,S012,P0162,C00435,2025-02-27,8,246.21
T1002447,S013,P0003,C00607,2024-09-18,7,370.83
T1002448,S005,P0189,C00353,2025-02-25,9,222.11
T1002449,S010,P0116,C00269,2025-04-01,8,265.26
T1002450,S020,P0091,C00298,2025-09-04,3,422.12
T1002451,S007,P0114,C00383,2025-03-17,7,277.94
T1002452,S018,P0035,C00540,2024-01-31,6,409.97
T1002453,S015,P0068,C00640,2024-04-25,9,430.45
T1002454,S008,P0145,C00458,2024-06-09,6,219.88
T1002455,S010,P0049,C00309,2024-07-25,4,126.13
T1002456,S015,P0065,C00346,2025-05-13,1,6.01
T1002457,S010,P0093,C00710,2024-06-08,2,26.66
T1002458,S015,P0038,C00119,2025-04-29,8,448.12
T1002459,S012,P0100,C00685,2025-03-07,1,390.3
T1002460,S011,P0058,C00433,2025-08-15,9,468.6
T1002461,S020,P0045,C00976,2024-04-27,5,89.09
T1002462,S007,P0065,C00904,2024-05-16,1,70.55
T1002463,S014,P0054,C00247,2024-09-10,9,60.25
T1002464,S001,P0159,C00411,2025-04-29,9,314.15
T1002465,S014,P0002,C00806,2024-03-23,9,410.32
T1002466,S016,P0083,C00290,2025-07-18,8,303.23
T1002467,S005,P0077,C00989,2025-03-28,3,173.19
T1002468,S009,P0161,C00952,2025-03-11,5,465.77
T1002469,S017,P0077,C00579,2025-02-14,1,331.9
T1002470,S016,P0070,C00320,2024-02-02,4,209.79
T1002471,S005,P0176,C00780,2024-12-24,3,368.71
T1002472,S015,P0098,C00837,2024-08-14,6,100.45
T1002473,S006,P0135,C00484,2025-06-30,2,490.99
T1002474,S005,P0103,C00707,2025-05-24,8,77.39
T1002475,S007,P0087,C00728,2025-01-18,9,327.48
T1002476,S008,P0036,C00763,2025-08-13,9,203.67
T1002477,S015,P0143,C00514,2024-10-23,8,203.83
T1002478,S010,P0022,C00593,2025-07-23,7,10.3
T1002479,S019,P0092,C00669,2024-10-14,7,72.18
T1002480,S016,P0032,C00935,2024-11-18,5,43.78
T1002481,S004,P0005,C00212,2025-06-04,1,48.09
T1002482,S010,P0106,C00707,2025-08-03,2,40.83
T1002483,S014,P0038,C00733,2025-03-13,2,71.56
T1002484,S005,P0167,C00587,2025-04-11,2,495.37
T1002485,S018,P0174,C00580,2025-01-10,2,247.38
T1002486,S013,P0035,C00502,2025-05-20,5,423.51
T1002487,S009,P0026,C00670,2024-09-01,1,428.11
T1002488,S015,P0139,C00512,2024-03-12,4,452.28
T1002489,S007,P0068,C00767,2025-06-27,8,449.03
T1002490,S008,P0180,C00345,2024-05-09,3,324.81
T1002491,S013,P0175,C00387,2024-10-21,3,221.24
T1002492,S013,P0088,C00177,2024-02-22,4,483.13
T1002493,S020,P0119,C00647,2024-05-23,5,312.19
T1002494,S018,P0014,C00988,2024-09-17,1,187.94
T1002495,S019,P0016,C00733,2024-03-28,2,424.95
T1002496,S016,P0164,C00964,2025-06-25,1,210.85
T1002497,S010,P0122,C00556,2025-04-21,6,110.62
T1002498,S007,P0168,C00191,2024-09-14,5,22.06
T1002499,S016,P0144,C00379,2025-08-29,2,28.79
T1002500,S014,P0141,C00894,2024-04-01,4,180.71
T1002501,S017,P0107,C00938,2025-03-29,6,123.81
T1002502,S011,P0054,C00741,2024-07-21,5,257.09
T1002503,S004,P0134,C00251,2024-12-31,3,22.86
T1002504,S007,P0112,C00382,2024-06-24,8,374.21
T1002505,S005,P0170,C00642,2024-11-23,7,229.87
T1002506,S002,P0165,C00601,2025-02-27,7,344.28
T1002507,S002,P0170,C00284,2025-01-02,2,347.49
T1002508,S010,P0167,C00464,2024-02-04,5,228.08
T1002509,S006,P0093,C00136,2024-05-06,9,105.35
T1002510,S004,P0056,C00673,2024-01-08,7,466.96
T1002511,S004,P0089,C00224,2025-03-09,2,436.94
T1002512,S009,P0007,C00754,2024-07-29,7,119.26
T1002513,S019,P0091,C00357,2025-06-27,4,117.63
T1002514,S017,P0059,C00833,2025-05-07,2,293.23
T1002515,S015,P0104,C00144,2024-03-13,8,310.89
T1002516,S010,P0110,C00452,2025-05-08,4,470.9
T1002517,S016,P0168,C00523,2024-04-14,9,168.04
T1002518,S015,P0164,C00622,2024-12-31,5,65.4
T1002519,S015,P0137,C00532,2025-03-16,6,85.58
T1002520,S007,P0001,C00022,2024-04-18,3,143.02
T1002521,S003,P0020,C00032,2024-05-06,1,33.62
T1002522,S012,P0087,C00925,2025-06-28,9,274.47
T1002523,S001,P0001,C00309,2025-02-15,9,94.89
T1002524,S001,P0125,C00691,2024-11-23,5,481.36
T1002525,S019,P0109,C00156,2024-11-07,9,416.55
T1002526,S014,P0027,C00074,2024-02-08,7,429.94
T1002527,S020,P0108,C00033,2024-05-29,7,227.07
T1002528,S017,P0034,C00021,2024-11-29,5,490.57
T1002529,S018,P0030,C00476,2024-02-27,1,339.21
T1002530,S015,P0197,C00566,2024-06-29,6,314.43
T1002531,S013,P0103,C00556,2024-06-27,4,49.49
T1002532,S011,P0195,C00962,2024-10-03,1,84.38
T1002533,S017,P0126,C00640,2025-08-21,8,22.97
T1002534,S003,P0106,C00678,2024-12-11,1,385.43
T1002535,S020,P0181,C00662,2024-07-08,8,457.23
T1002536,S001,P0152,C00816,2024-03-26,7,151.99
T1002537,S016,P0067,C00247,2024-10-20,3,362.59
T1002538,S004,P0114,C00715,2025-05-11,3,301.62
T1002539,S020,P0046,C00697,2025-03-19,1,498.37
T1002540,S005,P0198,C00331,2024-01-11,2,297.78
T1002541,S006,P0037,C00384,2024-12-05,8,418.64
T1002542,S010,P0132,C00167,2024-07-15,6,459.09
T1002543,S015,P0126,C00329,2024-04-05,2,447.93
T1002544,S010,P0113,C00485,2024-05-31,1,67.8
T1002545,S011,P0141,C00307,2025-10-01,1,146.8
T1002546,S012,P0018,C00405,2024-04-12,1,173.98
T1002547,S014,P0193,C00815,2024-02-11,3,240.02
T1002548,S015,P0020,C00237,2024-06-16,2,368.57
T1002549,S006,P0034,C00722,2024-07-05,1,348.71
T1002550,S013,P0163,C00393,2024-06-01,5,23.78
T1002551,S009,P0155,C00467,2025-04-12,7,265.7
T1002552,S009,P0191,C00631,2025-09-08,4,491.62
T1002553,S012,P0010,C00326,2025-07-28,2,404.36
T1002554,S012,P0039,C00959,2024-11-13,8,252.41
T1002555,S012,P0134,C00717,2025-05-29,2,164.1
T1002556,S019,P0167,C00589,2024-02-24,6,92.76
T1002557,S013,P0122,C00555,2025-08-20,2,293.46
T1002558,S011,P0196,C00752,2025-07-25,8,287.11
T1002559,S019,P0032,C00962,2025-08-19,7,122.25
T1002560,S019,P0122,C00834,2024-12-27,3,195.18
T1002561,S019,P0197,C00825,2024-08-21,7,143.41
T1002562,S010,P0004,C00625,2024-05-27,5,477.95
T1002563,S007,P0132,C00717,2024-11-20,2,48.66
T1002564,S003,P0132,C00419,2025-05-17,4,260.44
T1002565,S017,P0124,C00132,2025-06-27,4,191.76
T1002566,S015,P0007,C00795,2025-07-20,3,121.73
T1002567,S009,P0033,C00298,2025-05-02,7,66.91
T1002568,S008,P0125,C00146,2025-07-24,9,173.39
T1002569,S018,P0089,C00966,2024-02-29,3,341.82
T1002570,S015,P0056,C00663,2025-07-11,9,368.92
T1002571,S003,P0087,C00932,2025-03-09,7,406.67
T1002572,S014,P0045,C00779,2024-02-23,1,429.4
T1002573,S014,P0148,C00537,2024-10-20,8,335.1
T1002574,S016,P0062,C00198,2024-09-28,2,80.22
T1002575,S016,P0031,C00430,2024-07-28,7,302.15
T1002576,S004,P0158,C00580,2024-08-13,5,49.92
T1002577,S006,P0136,C00326,2024-06-08,5,366.81
T1002578,S019,P0091,C00898,2024-12-11,3,199.98
T1002579,S009,P0118,C00722,2024-03-14,7,216.08
T1002580,S018,P0045,C00712,2024-02-01,8,371.73
T1002581,S014,P0194,C00879,2024-01-27,3,198.46
T1002582,S005,P0032,C00904,2025-01-01,3,379.67
T1002583,S019,P0160,C00198,2024-04-01,6,483.01
T1002584,S001,P0054,C00775,2024-12-01,9,92.93
T1002585,S008,P0200,C00204,2024-07-11,1,177.65
T1002586,S005,P0096,C00416,2025-07-12,9,107.38
T1002587,S020,P0154,C00031,2024-02-12,1,229.41
T1002588,S009,P0089,C00230,2024-02-21,1,98.72
T1002589,S010,P0003,C00514,2025-09-12,9,227.67
T1002590,S020,P0085,C00106,2024-01-25,7,358.63
T1002591,S012,P0035,C00036,2024-05-23,3,490.17
T1002592,S001,P0179,C00626,2024-10-31,1,39.63
T1002593,S001,P0190,C00227,2025-02-06,1,64.65
T1002594,S019,P0059,C00617,2024-08-18,1,301.78
T1002595,S006,P0076,C00787,2025-02-20,8,372.5
T1002596,S019,P0158,C00057,2024-08-19,8,412.42
T1002597,S003,P0124,C00323,2024-03-08,8,7.11
T1002598,S003,P0030,C00847,2024-01-04,6,480.59
T1002599,S011,P0158,C00553,2025-01-11,8,44.57
T1002600,S005,P0156,C00184,2025-06-28,1,183.08
T1002601,S010,P0194,C00658,2025-08-10,8,97.02
T1002602,S016,P0036,C00078,2024-04-03,2,139.39
T1002603,S001,P0109,C00061,2024-06-23,6,475.52
T1002604,S004,P0148,C00468,2024-11-25,5,387.87
T1002605,S009,P0015,C00876,2025-09-19,1,85.98
T1002606,S011,P0078,C00700,2025-05-11,8,496.56
T1002607,S002,P0110,C00293,2024-06-15,5,265.1
T1002608,S005,P0085,C00191,2024-11-01,4,144.85
T1002609,S014,P0082,C00944,2024-09-04,4,244.01
T1002610,S007,P0178,C00850,2024-10-12,6,122.56
T1002611,S013,P0190,C00220,2025-05-21,3,129.35
T1002612,S011,P0048,C00968,2024-04-08,5,79.2
T1002613,S011,P0060,C00910,2025-08-16,2,301.93
T1002614,S010,P0109,C00145,2024-11-17,9,289.2
T1002615,S010,P0171,C00601,2024-12-12,4,445.07
T1002616,S010,P0078,C00537,2024-09-06,6,19.08
T1002617,S005,P0136,C00050,2025-02-02,7,371.83
T1002618,S015,P0116,C00208,2025-08-20,2,49.22
T1002619,S008,P0100,C00560,2024-12-01,7,427.85
T1002620,S002,P0173,C00413,2024-02-28,6,349.81
T1002621,S011,P0138,C00846,2024-01-11,3,158.29
T1002622,S011,P0043,C00643,2024-08-07,7,89.4
T1002623,S012,P0100,C00105,2024-11-03,1,330.44
T1002624,S010,P0193,C00689,2025-07-12,7,185.51
T1002625,S012,P0102,C00830,2024-02-22,3,174.64
T1002626,S015,P0182,C00260,2024-05-11,4,415.79
T1002627,S019,P0019,C00314,2024-08-31,8,74.49
T1002628,S009,P0174,C00600,2024-02-14,8,176.01
T1002629,S016,P0199,C00314,2025-03-05,3,50.12
T1002630,S012,P0152,C00629,2025-06-25,6,474.11
T1002631,S020,P0027,C00492,2024-01-28,3,315.37
T1002632,S019,P0107,C00514,2024-07-01,4,195.68
T1002633,S008,P0004,C00332,2025-03-27,9,303.85
T1002634,S007,P0057,C00455,2025-07-11,8,435.78
T1002635,S005,P0181,C00686,2024-04-17,7,267.06
T1002636,S012,P0004,C00571,2024-07-04,6,419.79
T1002637,S014,P0031,C00900,2025-01-22,2,358.14
T1002638,S002,P0061,C00742,2025-02-08,6,180.44
T1002639,S020,P0080,C00354,2025-07-12,9,378.58
T1002640,S009,P0058,C00751,2024-08-04,6,308.81
T1002641,S014,P0155,C00418,2025-07-04,3,111.28
T1002642,S003,P0022,C00546,2025-02-04,6,132.99
T1002643,S013,P0004,C00329,2025-05-16,6,411.85
T1002644,S003,P0146,C00932,2024-05-15,3,392.8
T1002645,S006,P0198,C00750,2024-05-30,4,259.36
T1002646,S010,P0063,C00420,2025-03-31,8,162.7
T1002647,S010,P0098,C00143,2025-09-14,9,147.85
T1002648,S011,P0032,C00998,2024-06-09,6,473.75
T1002649,S019,P0116,C00196,2025-08-22,9,145.34
T1002650,S006,P0110,C00085,2025-06-18,2,119.81
T1002651,S013,P0135,C00214,2025-05-07,3,167.01
T1002652,S001,P0179,C00609,2025-03-31,6,84.15
T1002653,S019,P0143,C00342,2024-07-16,7,305.84
T1002654,S006,P0025,C00900,2024-07-10,1,52.08
T1002655,S017,P0070,C00031,2024-01-25,9,126.81
T1002656,S014,P0100,C00930,2024-06-13,7,303.4
T1002657,S007,P0040,C00248,2025-03-04,1,418.83
T1002658,S011,P0047,C00276,2025-04-02,1,377.2
T1002659,S009,P0011,C00974,2025-08-06,5,410.77
T1002660,S004,P0140,C00580,2024-04-06,8,196.21
T1002661,S010,P0137,C00314,2025-01-14,2,431.1
T1002662,S011,P0108,C00136,2024-07-28,7,59.91
T1002663,S017,P0178,C00244,2024-02-27,6,57.74
T1002664,S009,P0200,C00204,2024-12-14,2,113.86
T1002665,S009,P0194,C00558,2024-03-26,2,173.25
T1002666,S008,P0119,C00197,2024-07-28,7,265.16
T1002667,S011,P0154,C00443,2025-05-30,2,424.66
T1002668,S012,P0097,C00246,2024-10-17,3,374.79
T1002669,S008,P0093,C00514,2025-09-01,4,361.25
T1002670,S011,P0194,C00312,2024-01-11,8,307.59
T1002671,S003,P0150,C00192,2024-02-17,6,463.73
T1002672,S019,P0197,C00600,2025-06-07,9,211.7
T1002673,S004,P0002,C00754,2025-04-09,7,423.55
T1002674,S006,P0151,C00740,2025-03-09,3,194.12
T1002675,S005,P0060,C00006,2024-01-21,9,424.49
T1002676,S014,P0108,C00498,2025-08-16,2,83.41
T1002677,S015,P0187,C00820,2024-12-21,1,262.42
T1002678,S003,P0123,C00978,2024-08-01,3,261.98
T1002679,S012,P0111,C00910,2024-03-26,2,304.91
T1002680,S007,P0146,C00806,2025-08-26,9,162.64
T1002681,S006,P0125,C00931,2025-07-13,9,25.18
T1002682,S001,P0120,C00253,2024-12-03,8,44.97
T1002683,S006,P0137,C00522,2024-09-13,2,231.58
T1002684,S002,P0032,C00863,2025-01-17,3,283.95
T1002685,S015,P0011,C00747,2024-08-01,8,372.28
T1002686,S005,P0133,C00826,2025-01-30,8,396.65
T1002687,S011,P0020,C00396,2025-06-24,9,387.52
T1002688,S008,P0127,C00409,2024-08-08,9,97.73
T1002689,S006,P0043,C00394,2025-07-09,7,210.23
T1002690,S019,P0162,C00313,2024-05-26,9,40.69
T1002691,S007,P0046,C00028,2025-05-02,3,22.42
T1002692,S005,P0187,C00034,2024-01-10,7,13.35
T1002693,S016,P0076,C00729,2024-03-28,1,242.77
T1002694,S005,P0112,C00008,2025-02-23,8,455.6
T1002695,S009,P0103,C00076,2024-04-01,5,56.96
T1002696,S018,P0170,C00956,2024-04-26,4,89.75
T1002697,S019,P0133,C00127,2025-05-19,2,67.92
T1002698,S001,P0157,C00240,2025-06-04,8,34.47
T1002699,S016,P0076,C00310,2025-05-21,8,257.87
T1002700,S009,P0184,C00834,2024-07-01,5,78.61
T1002701,S016,P0025,C00112,2025-08-15,9,398.31
T1002702,S018,P0053,C00909,2025-05-09,7,63.28
T1002703,S013,P0167,C00600,2025-06-17,7,485.72
T1002704,S012,P0193,C00091,2025-09-11,7,320.66
T1002705,S020,P0071,C00090,2025-06-21,8,187.21
T1002706,S017,P0104,C00333,2025-08-12,1,478.22
T1002707,S009,P0022,C00299,2024-11-20,1,216.65
T1002708,S006,P0010,C00001,2025-06-27,3,51.07
T1002709,S016,P0017,C00973,2025-01-03,2,432.79
T1002710,S011,P0082,C00383,2024-05-18,8,381.66
T1002711,S010,P0052,C00877,2025-07-30,2,80.52
T1002712,S017,P0179,C00968,2025-01-15,5,284.06
T1002713,S003,P0136,C00694,2024-02-24,9,376.47
T1002714,S013,P0136,C00731,2025-06-02,2,208.25
T1002715,S008,P0072,C00853,2025-05-02,6,306.71
T1002716,S004,P0033,C00850,2025-04-25,1,9.58
T1002717,S005,P0125,C00230,2025-03-02,6,405.5
T1002718,S017,P0016,C00770,2024-04-23,9,123.96
T1002719,S017,P0140,C00236,2024-05-04,9,87.15
T1002720,S008,P0030,C00752,2024-05-02,1,160.0
T1002721,S008,P0089,C00549,2024-12-18,9,72.43
T1002722,S012,P0193,C00339,2025-05-20,7,432.02
T1002723,S020,P0017,C00264,2025-01-02,4,257.5
T1002724,S006,P0154,C00816,2024-05-30,5,56.05
T1002725,S016,P0106,C00754,2024-05-06,6,354.54
T1002726,S012,P0055,C00990,2025-09-04,2,205.1
T1002727,S004,P0163,C00401,2025-01-23,1,468.3
T1002728,S006,P0075,C00766,2024-03-03,6,120.2
T1002729,S015,P0039,C00225,2024-12-27,8,275.2
T1002730,S015,P0138,C00657,2025-04-21,5,269.62
T1002731,S007,P0196,C00569,2024-07-17,4,232.75
T1002732,S008,P0140,C00008,2024-10-22,7,458.73
T1002733,S016,P0197,C00472,2025-09-25,9,490.8
T1002734,S008,P0023,C00682,2024-08-08,8,415.19
T1002735,S018,P0169,C00556,2024-11-03,1,276.36
T1002736,S019,P0055,C00863,2024-08-04,1,181.06
T1002737,S016,P0090,C00258,2025-02-03,1,242.65
T1002738,S018,P0060,C00765,2025-05-02,8,451.69
T1002739,S017,P0170,C00970,2025-02-08,5,386.8
T1002740,S009,P0008,C00434,2024-11-06,9,265.26
T1002741,S015,P0197,C00173,2024-08-22,7,359.86
T1002742,S008,P0069,C00246,2024-03-15,6,181.0
T1002743,S012,P0073,C00580,2025-06-19,6,121.21
T1002744,S001,P0066,C00720,2024-12-16,7,164.77
T1002745,S013,P0028,C00954,2025-04-13,8,339.22
T1002746,S015,P0062,C00597,2025-01-07,2,257.09
T1002747,S005,P0096,C00186,2024-12-30,6,275.08
T1002748,S014,P0133,C00447,2025-08-18,5,54.44
T1002749,S004,P0005,C00470,2025-03-05,2,58.95
T1002750,S014,P0018,C00329,2024-02-25,6,348.72
T1002751,S016,P0187,C00030,2024-06-28,9,156.32
T1002752,S004,P0044,C00234,2025-06-23,8,443.76
T1002753,S013,P0191,C00499,2025-07-23,8,434.32
T1002754,S010,P0123,C00064,2025-05-10,3,428.69
T1002755,S010,P0075,C00243,2024-09-20,3,16.9
T1002756,S013,P0153,C00213,2024-10-12,6,466.46
T1002757,S009,P0137,C00045,2024-06-16,2,263.88
T1002758,S016,P0062,C00810,2025-07-22,6,412.46
T1002759,S012,P0003,C00997,2024-05-17,3,277.14
T1002760,S016,P0198,C00710,2024-12-17,6,160.96
T1002761,S002,P0156,C00296,2024-12-22,2,484.63
T1002762,S017,P0194,C00290,2024-04-03,8,88.1
T1002763,S017,P0129,C00695,2024-09-13,6,39.44
T1002764,S018,P0029,C00987,2024-02-10,9,340.67
T1002765,S015,P0195,C00550,2025-02-11,7,341.53
T1002766,S009,P0029,C00648,2025-02-18,7,41.47
T1002767,S001,P0168,C00892,2024-09-03,4,160.68
T1002768,S012,P0103,C00825,2025-08-23,2,259.21
T1002769,S017,P0145,C00184,2025-05-08,6,347.06
T1002770,S019,P0072,C00636,2024-04-30,7,147.7
T1002771,S009,P0173,C00380,2024-07-12,3,275.26
T1002772,S009,P0147,C00577,2025-08-14,2,122.3
T1002773,S001,P0115,C00548,2024-08-17,3,166.85
T1002774,S015,P0031,C00302,2024-02-05,5,371.42
T1002775,S005,P0150,C01000,2024-04-10,3,313.07
T1002776,S013,P0010,C00407,2024-01-02,4,472.63
T1002777,S003,P0009,C00152,2025-06-29,4,117.82
T1002778,S003,P0009,C00242,2025-08-02,9,74.86
T1002779,S012,P0099,C00839,2025-09-11,1,358.5
T1002780,S015,P0107,C00755,2024-07-21,3,19.62
T1002781,S008,P0066,C00149,2024-01-03,1,394.4
T1002782,S007,P0105,C00747,2024-11-24,6,303.57
T1002783,S013,P0161,C00032,2025-01-27,9,84.43
T1002784,S006,P0153,C00171,2024-05-01,7,213.68
T1002785,S019,P0026,C00840,2025-05-24,1,115.68
T1002786,S017,P0104,C00403,2024-02-29,7,257.39
T1002787,S009,P0047,C00202,2024-06-03,2,41.34
T1002788,S002,P0020,C00802,2025-05-26,9,143.21
T1002789,S007,P0082,C00013,2024-03-05,5,407.82
T1002790,S017,P0131,C00134,2024-11-15,6,478.93
T1002791,S003,P0175,C00630,2025-04-29,4,156.01
T1002792,S003,P0078,C00577,2024-08-12,3,280.63
T1002793,S008,P0153,C00490,2024-09-19,1,122.13
T1002794,S003,P0024,C00835,2025-03-07,5,106.06
T1002795,S007,P0124,C00278,2025-05-11,8,130.61
T1002796,S011,P0154,C00972,2024-02-09,3,135.0
T1002797,S003,P0192,C00090,2025-06-29,1,98.15
T1002798,S019,P0174,C00086,2025-07-21,5,320.82
T1002799,S001,P0016,C00824,2024-08-08,3,421.19
T1002800,S013,P0154,C00997,2025-09-14,8,315.09
T1002801,S008,P0127,C00717,2024-07-22,6,260.45
T1002802,S001,P0187,C00419,2025-05-18,1,88.01
T1002803,S001,P0165,C00351,2025-02-06,8,389.99
T1002804,S020,P0121,C00534,2024-04-23,6,109.25
T1002805,S010,P0098,C00059,2024-07-26,3,261.99
T1002806,S018,P0009,C00625,2025-08-03,7,33.85
T1002807,S005,P0198,C00384,2024-07-28,3,432.61
T1002808,S005,P0149,C00661,2024-07-06,2,200.74
T1002809,S007,P0065,C00565,2025-03-29,3,417.43
T1002810,S009,P0091,C00863,2024-09-05,2,239.11
T1002811,S006,P0193,C00924,2024-12-01,4,462.27
T1002812,S013,P0154,C00682,2024-07-07,7,75.3
T1002813,S009,P0096,C00814,2024-05-30,1,133.19
T1002814,S014,P0125,C00807,2024-06-05,7,117.44
T1002815,S001,P0038,C00960,2025-03-17,7,293.96
T1002816,S006,P0127,C00928,2024-09-21,3,89.41
T1002817,S001,P0150,C00801,2024-10-14,6,45.2
T1002818,S012,P0012,C00354,2024-05-29,9,124.59
T1002819,S007,P0043,C00465,2025-04-10,3,179.09
T1002820,S002,P0112,C00124,2025-02-21,5,201.88
T1002821,S009,P0165,C00243,2024-05-01,1,250.4
T1002822,S004,P0080,C00460,2024-11-13,7,481.93
T1002823,S017,P0126,C00281,2024-01-19,9,402.88
T1002824,S001,P0173,C00934,2024-08-10,4,421.31
T1002825,S002,P0084,C00829,2024-10-02,7,85.57
T1002826,S017,P0157,C00255,2025-06-08,5,152.41
T1002827,S012,P0160,C00891,2024-03-22,4,235.1
T1002828,S018,P0121,C00430,2024-07-07,3,362.32
T1002829,S020,P0097,C00550,2024-02-16,1,94.02
T1002830,S008,P0172,C00877,2025-03-20,3,387.21
T1002831,S003,P0134,C00411,2025-07-29,2,291.11
T1002832,S003,P0126,C00226,2024-05-07,1,268.1
T1002833,S019,P0083,C00038,2024-11-14,1,145.7
T1002834,S020,P0084,C00350,2025-05-11,6,15.89
T1002835,S001,P0123,C00657,2025-03-21,6,418.6
T1002836,S006,P0115,C00602,2024-03-08,7,137.17
T1002837,S005,P0047,C00459,2024-01-27,5,195.95
T1002838,S017,P0135,C00609,2025-03-03,7,376.14
T1002839,S012,P0178,C00355,2024-05-24,7,235.87
T1002840,S011,P0105,C00733,2025-08-07,9,138.14
T1002841,S020,P0082,C00680,2024-12-31,1,257.97
T1002842,S013,P0015,C00037,2024-11-24,4,72.46
T1002843,S010,P0089,C00363,2025-01-01,5,485.3
T1002844,S005,P0137,C00903,2025-03-11,9,158.05
T1002845,S006,P0184,C00217,2024-12-18,3,189.69
T1002846,S006,P0142,C00802,2025-06-16,2,123.42
T1002847,S019,P0114,C00270,2024-08-20,9,215.62
T1002848,S016,P0040,C00949,2024-06-07,1,461.17
T1002849,S002,P0103,C00214,2024-08-10,9,259.71
T1002850,S009,P0058,C00258,2025-06-28,4,437.56
T1002851,S013,P0191,C00521,2025-07-12,5,79.2
T1002852,S010,P0171,C00213,2025-03-28,7,213.6
T1002853,S016,P0028,C00543,2024-03-08,6,72.71
T1002854,S016,P0015,C00388,2024-02-21,1,348.8
T1002855,S015,P0091,C00910,2024-11-13,9,332.06
T1002856,S012,P0016,C00314,2024-11-19,7,379.77
T1002857,S013,P0197,C00107,2025-04-23,9,56.1
T1002858,S017,P0177,C00930,2025-01-31,3,86.16
T1002859,S016,P0033,C00153,2024-06-07,7,12.88
T1002860,S005,P0062,C00164,2024-10-27,3,464.73
T1002861,S005,P0161,C00660,2025-01-28,7,273.85
T1002862,S005,P0111,C00044,2024-06-19,3,385.87
T1002863,S015,P0134,C00947,2024-08-27,6,465.63
T1002864,S002,P0157,C00309,2024-12-14,2,165.19
T1002865,S010,P0162,C00578,2024-07-22,7,358.17
T1002866,S015,P0116,C00274,2025-08-19,1,379.41
T1002867,S002,P0121,C00844,2024-02-26,5,103.36
T1002868,S002,P0099,C00169,2025-05-05,7,43.76
T1002869,S002,P0148,C00209,2025-04-21,4,433.04
T1002870,S020,P0179,C00719,2025-07-19,6,232.71
T1002871,S005,P0128,C00355,2025-09-21,8,326.69
T1002872,S010,P0007,C00063,2025-09-02,7,91.04
T1002873,S006,P0092,C00774,2024-02-07,9,205.26
T1002874,S016,P0104,C00059,2024-02-22,3,490.77
T1002875,S015,P0104,C00053,2024-06-13,8,103.56
T1002876,S008,P0161,C00852,2025-05-22,8,358.01
T1002877,S013,P0045,C00233,2024-12-10,4,115.38
T1002878,S017,P0173,C00967,2024-03-11,2,469.32
T1002879,S008,P0185,C00448,2025-08-12,4,337.53
T1002880,S002,P0189,C00105,2024-09-11,4,78.67
T1002881,S012,P0056,C00131,2025-05-19,9,496.68
T1002882,S008,P0037,C00975,2024-01-25,1,14.75
T1002883,S002,P0118,C00676,2024-03-10,7,297.5
T1002884,S013,P0082,C00501,2024-03-04,6,494.85
T1002885,S019,P0105,C00040,2025-02-12,6,357.91
T1002886,S016,P0109,C00577,2024-12-08,3,471.39
T1002887,S020,P0187,C00444,2024-08-08,7,15.86
T1002888,S001,P0053,C00269,2024-09-25,5,244.6
T1002889,S004,P0189,C00608,2024-08-19,8,496.93
T1002890,S017,P0100,C00014,2025-08-25,6,227.33
T1002891,S007,P0119,C00807,2024-07-29,2,342.04
T1002892,S005,P0076,C00373,2024-02-05,2,445.44
T1002893,S011,P0154,C00635,2025-02-15,3,276.05
T1002894,S006,P0006,C00783,2025-09-29,1,226.45
T1002895,S009,P0058,C00655,2025-01-12,7,346.37
T1002896,S011,P0046,C00124,2024-03-19,4,418.1
T1002897,S013,P0044,C00902,2024-02-04,7,406.95
T1002898,S014,P0066,C00709,2024-02-05,7,447.54
T1002899,S001,P0107,C00727,2024-05-17,7,40.34
T1002900,S010,P0017,C00996,2024-07-22,7,311.84
T1002901,S018,P0107,C00524,2024-11-09,1,199.82
T1002902,S014,P0081,C00268,2024-06-16,5,412.06
T1002903,S018,P0016,C00879,2024-11-14,2,447.48
T1002904,S011,P0097,C00522,2025-05-19,9,18.8
T1002905,S014,P0178,C00848,2024-07-21,9,63.65
T1002906,S020,P0049,C00660,2024-02-28,2,87.94
T1002907,S015,P0006,C00472,2024-09-30,8,52.69
T1002908,S004,P0182,C00878,2025-03-13,3,259.07
T1002909,S010,P0131,C00670,2024-02-29,7,30.15
T1002910,S017,P0133,C00567,2024-09-12,1,314.32
T1002911,S013,P0104,C00787,2025-04-18,8,185.15
T1002912,S007,P0168,C00573,2025-03-09,7,92.64
T1002913,S011,P0092,C00419,2025-08-29,8,218.51
T1002914,S008,P0155,C00449,2024-08-31,8,41.59
T1002915,S001,P0105,C00289,2025-06-13,3,307.48
T1002916,S011,P0128,C00705,2024-12-06,2,404.52
T1002917,S004,P0124,C00185,2024-12-22,1,414.63
T1002918,S001,P0173,C00779,2025-09-22,4,97.08
T1002919,S008,P0033,C00704,2025-04-05,2,202.6
T1002920,S005,P0009,C00077,2025-02-25,9,457.95
T1002921,S010,P0190,C00983,2024-12-01,4,484.79
T1002922,S009,P0183,C00773,2025-07-21,6,122.86
T1002923,S012,P0001,C00818,2025-01-23,8,482.48
T1002924,S017,P0150,C00577,2024-03-09,4,228.95
T1002925,S012,P0158,C00897,2024-02-24,8,261.03
T1002926,S004,P0175,C00075,2024-11-23,5,461.97
T1002927,S005,P0013,C00610,2024-04-15,2,287.81
T1002928,S019,P0138,C00011,2025-06-24,8,368.21
T1002929,S012,P0115,C00472,2025-06-18,4,271.1
T1002930,S019,P0067,C00952,2024-03-16,8,372.27
T1002931,S011,P0065,C00257,2024-10-18,4,285.72
T1002932,S019,P0039,C00020,2024-03-20,2,129.28
T1002933,S004,P0086,C00762,2024-07-09,3,192.89
T1002934,S012,P0179,C00802,2024-10-26,3,94.96
T1002935,S011,P0089,C00762,2025-03-12,2,212.18
T1002936,S006,P0200,C00329,2024-12-12,2,80.47
T1002937,S018,P0099,C00340,2024-09-22,8,91.87
T1002938,S008,P0200,C00602,2025-06-02,4,49.74
T1002939,S009,P0147,C00430,2024-09-24,5,428.8
T1002940,S012,P0129,C00143,2024-04-03,8,83.41
T1002941,S017,P0077,C00978,2025-01-06,3,445.51
T1002942,S019,P0164,C00245,2024-11-14,9,391.35
T1002943,S020,P0183,C00549,2024-04-22,4,187.47
T1002944,S011,P0051,C00131,2025-08-05,3,202.97
T1002945,S019,P0134,C00889,2025-06-05,9,288.49
T1002946,S013,P0083,C00419,2024-08-05,4,408.41
T1002947,S005,P0134,C00072,2024-03-27,9,216.36
T1002948,S008,P0117,C00714,2024-09-10,7,171.37
T1002949,S012,P0086,C00502,2024-10-23,6,320.98
T1002950,S010,P0063,C00481,2024-02-22,5,106.64
T1002951,S004,P0130,C00461,2024-08-22,3,215.25
T1002952,S015,P0161,C00327,2025-09-15,2,198.54
T1002953,S010,P0172,C00505,2025-08-30,3,494.7
T1002954,S008,P0099,C00012,2025-03-16,1,190.05
T1002955,S001,P0120,C00051,2024-03-29,8,380.24
T1002956,S020,P0108,C00120,2024-05-30,9,239.53
T1002957,S020,P0121,C00751,2024-12-27,7,340.86
T1002958,S019,P0168,C00667,2025-06-04,7,394.81
T1002959,S002,P0193,C00467,2024-02-04,8,76.33
T1002960,S012,P0130,C00266,2024-01-06,9,295.48
T1002961,S009,P0103,C00723,2024-06-19,6,311.37
T1002962,S004,P0014,C00303,2024-07-06,6,42.05
T1002963,S008,P0114,C00952,2025-08-04,5,219.59
T1002964,S005,P0142,C00429,2024-12-03,3,353.86
T1002965,S002,P0143,C00583,2025-03-06,3,412.08
T1002966,S019,P0066,C00605,2024-07-17,5,320.9
T1002967,S001,P0172,C00690,2024-09-18,4,362.15
T1002968,S005,P0175,C00893,2025-04-10,9,198.91
T1002969,S003,P0026,C00014,2025-02-15,6,336.15
T1002970,S009,P0129,C00733,2024-03-02,5,192.73
T1002971,S002,P0167,C00324,2025-03-12,8,426.8
T1002972,S005,P0123,C00270,2025-06-10,1,405.81
T1002973,S009,P0075,C00692,2025-03-15,6,18.86
T1002974,S012,P0116,C00506,2025-09-02,7,422.86
T1002975,S004,P0056,C00462,2024-02-23,9,113.91
T1002976,S011,P0179,C00441,2024-07-14,8,83.82
T1002977,S015,P0032,C00598,2024-02-13,3,321.52
T1002978,S013,P0164,C00807,2024-03-04,2,186.39
T1002979,S011,P0115,C00386,2024-06-18,7,433.46
T1002980,S016,P0150,C00296,2024-06-08,8,56.1
T1002981,S012,P0105,C00032,2024-10-25,6,410.26
T1002982,S008,P0161,C00439,2024-12-18,2,446.43
T1002983,S020,P0060,C00258,2025-02-05,7,24.64
T1002984,S003,P0019,C00589,2025-03-20,7,449.62
T1002985,S003,P0009,C00209,2025-09-21,3,152.63
T1002986,S015,P0176,C00737,2025-02-15,7,400.88
T1002987,S010,P0160,C00583,2025-05-23,7,259.56
T1002988,S009,P0128,C00548,2024-06-03,3,448.0
T1002989,S017,P0166,C00523,2024-01-08,7,428.6
T1002990,S005,P0117,C00599,2024-12-01,3,77.47
T1002991,S013,P0064,C00454,2024-05-25,7,365.2
T1002992,S015,P0198,C00902,2025-08-31,3,247.87
T1002993,S020,P0050,C00002,2024-11-13,7,450.02
T1002994,S011,P0115,C00421,2024-01-12,3,433.44
T1002995,S016,P0196,C00801,2025-04-26,6,417.97
T1002996,S016,P0058,C00100,2024-09-01,3,296.24
T1002997,S013,P0070,C00176,2025-03-27,9,145.66
T1002998,S003,P0142,C00711,2025-06-16,6,48.24
T1002999,S001,P0068,C00811,2024-12-26,1,271.57
T1003000,S009,P0120,C00830,2024-11-06,4,453.25
T1003001,S003,P0108,C00998,2025-01-08,3,91.99
T1003002,S005,P0097,C00184,2024-07-19,4,407.02
T1003003,S016,P0037,C00171,2024-01-10,3,34.17
T1003004,S017,P0182,C00031,2024-10-29,6,435.82
T1003005,S009,P0061,C00042,2025-05-15,4,323.87
T1003006,S008,P0069,C00342,2025-08-20,1,140.51
T1003007,S002,P0013,C00747,2025-08-18,3,98.88
T1003008,S009,P0154,C00550,2025-08-23,3,485.45
T1003009,S017,P0009,C00161,2024-10-28,4,249.61
T1003010,S012,P0173,C00729,2024-09-22,8,223.71
T1003011,S006,P0119,C00470,2024-02-11,6,423.64
T1003012,S013,P0158,C00966,2024-09-13,8,287.68
T1003013,S018,P0199,C00758,2024-07-19,5,396.07
T1003014,S014,P0142,C00102,2024-11-30,6,162.81
T1003015,S009,P0042,C00823,2024-05-08,2,359.39
T1003016,S009,P0172,C00225,2025-01-20,7,58.62
T1003017,S008,P0171,C00689,2024-06-25,2,480.06
T1003018,S012,P0013,C00743,2025-04-26,6,126.06
T1003019,S001,P0041,C00745,2025-01-19,4,123.31
T1003020,S015,P0001,C00294,2025-03-18,3,76.71
T1003021,S020,P0168,C00062,2024-02-19,8,307.55
T1003022,S002,P0109,C00208,2024-06-01,8,350.38
T1003023,S006,P0195,C00302,2025-07-08,2,64.73
T1003024,S014,P0093,C00279,2025-03-21,9,61.62
T1003025,S012,P0084,C00227,2025-07-07,2,288.07
T1003026,S017,P0054,C00445,2024-03-23,1,268.3
T1003027,S005,P0033,C00923,2024-11-06,4,262.66
T1003028,S002,P0132,C00598,2024-11-20,9,425.57
T1003029,S020,P0096,C00667,2025-04-29,4,487.02
T1003030,S005,P0076,C00505,2024-09-21,5,318.07
T1003031,S019,P0025,C00503,2024-03-29,3,211.2
T1003032,S005,P0124,C00773,2024-07-26,2,256.3
T1003033,S015,P0159,C00457,2024-12-11,8,236.88
T1003034,S011,P0147,C00240,2024-09-08,6,230.06
T1003035,S018,P0070,C00108,2024-05-19,1,271.97
T1003036,S006,P0179,C00326,2025-04-16,3,43.23
T1003037,S008,P0145,C00558,2024-01-17,2,446.22
T1003038,S013,P0194,C00958,2024-01-23,9,331.97
T1003039,S009,P0063,C00392,2025-09-23,5,34.92
T1003040,S007,P0019,C00316,2024-08-11,6,51.38
T1003041,S009,P0013,C00103,2025-01-14,3,332.32
T1003042,S014,P0072,C00049,2024-12-08,5,100.4
T1003043,S009,P0132,C00626,2024-11-14,2,278.96
T1003044,S014,P0069,C00958,2024-10-06,9,286.53
T1003045,S008,P0131,C00452,2024-12-06,3,422.28
T1003046,S015,P0002,C00360,2024-05-11,7,387.87
T1003047,S013,P0011,C00456,2025-08-04,8,183.65
T1003048,S001,P0174,C00342,2024-04-06,4,144.71
T1003049,S020,P0160,C00576,2024-08-02,9,317.17
T1003050,S018,P0013,C00090,2025-09-27,4,40.54
T1003051,S019,P0019,C00546,2024-12-09,8,338.97
T1003052,S016,P0154,C00663,2025-08-06,5,178.86
T1003053,S017,P0005,C00879,2024-01-28,9,332.44
T1003054,S006,P0034,C00994,2024-12-15,2,172.52
T1003055,S006,P0082,C00710,2025-05-17,9,228.61
T1003056,S016,P0021,C00653,2025-02-25,6,382.37
T1003057,S015,P0163,C00662,2025-02-09,7,242.44
T1003058,S006,P0137,C00598,2024-09-29,8,78.77
T1003059,S003,P0196,C00579,2025-09-26,1,61.53
T1003060,S003,P0089,C00139,2024-12-26,8,138.02
T1003061,S015,P0130,C00140,2024-07-12,9,404.21
T1003062,S007,P0101,C00451,2024-08-11,6,374.32
T1003063,S006,P0085,C00085,2024-04-05,9,88.15
T1003064,S009,P0148,C00750,2024-05-19,9,261.25
T1003065,S016,P0119,C00123,2025-01-11,5,400.21
T1003066,S018,P0087,C00662,2024-06-18,4,310.4
T1003067,S015,P0093,C00837,2025-07-23,5,365.46
T1003068,S010,P0163,C00057,2025-01-21,9,101.19
T1003069,S003,P0013,C00300,2024-02-03,1,25.56
T1003070,S013,P0027,C00977,2024-01-28,9,284.4
T1003071,S007,P0046,C00850,2024-04-19,5,181.68
T1003072,S007,P0151,C00232,2024-09-06,3,241.66
T1003073,S020,P0195,C00619,2025-03-20,6,8.17
T1003074,S019,P0147,C00244,2025-03-14,1,253.83
T1003075,S002,P0005,C00547,2024-08-07,4,13.37
T1003076,S013,P0045,C00440,2024-09-03,5,35.78
T1003077,S002,P0118,C00339,2025-05-03,8,375.29
T1003078,S015,P0161,C00684,2025-04-18,6,308.24
T1003079,S012,P0142,C00418,2024-03-13,9,230.66
T1003080,S006,P0105,C00215,2025-07-04,2,20.05
T1003081,S001,P0049,C00447,2025-07-10,1,77.24
T1003082,S003,P0181,C00387,2024-03-29,8,180.5
T1003083,S003,P0035,C00860,2024-01-13,8,284.46
T1003084,S013,P0072,C00944,2024-06-29,1,489.26
T1003085,S018,P0041,C00398,2024-01-24,8,411.47
T1003086,S017,P0022,C00852,2025-02-04,3,32.83
T1003087,S014,P0037,C00506,2025-07-22,1,390.22
T1003088,S009,P0056,C00004,2025-07-04,5,312.98
T1003089,S009,P0091,C00887,2025-01-04,7,26.79
T1003090,S007,P0080,C00395,2024-08-20,7,203.52
T1003091,S004,P0195,C00924,2025-03-19,6,282.42
T1003092,S013,P0048,C00935,2025-04-12,4,476.25
T1003093,S003,P0010,C00452,2024-01-30,5,53.63
T1003094,S002,P0047,C00643,2024-06-09,2,208.42
T1003095,S001,P0142,C00988,2025-04-10,3,60.63
T1003096,S004,P0002,C00384,2024-01-22,6,160.13
T1003097,S003,P0055,C00798,2024-11-05,5,354.88
T1003098,S008,P0070,C00325,2024-05-17,7,76.64
T1003099,S001,P0013,C00543,2024-11-29,1,202.91
T1003100,S009,P0007,C00325,2025-07-20,9,101.23
T1003101,S016,P0175,C00278,2024-07-25,5,431.74
T1003102,S010,P0179,C00292,2024-07-26,5,393.4
T1003103,S007,P0179,C00060,2024-02-28,7,371.77
T1003104,S014,P0068,C00639,2024-09-22,9,187.45
T1003105,S003,P0008,C00686,2024-08-15,3,409.96
T1003106,S014,P0178,C00126,2024-08-10,1,75.28
T1003107,S011,P0161,C00852,2024-03-18,6,173.01
T1003108,S014,P0026,C00876,2024-09-03,5,326.72
T1003109,S008,P0149,C00615,2024-10-11,6,370.85
T1003110,S004,P0021,C00581,2024-05-09,7,12.11
T1003111,S008,P0162,C00513,2024-02-29,3,8.62
T1003112,S013,P0091,C00125,2024-12-25,9,222.68
T1003113,S020,P0088,C00573,2025-03-31,9,186.95
T1003114,S015,P0119,C00044,2025-02-10,2,215.66
T1003115,S015,P0138,C00030,2025-03-30,6,479.73
T1003116,S020,P0179,C00949,2025-07-14,8,406.1
T1003117,S011,P0165,C00226,2025-06-20,9,387.12
T1003118,S020,P0117,C00041,2024-03-11,7,253.41
T1003119,S010,P0173,C00268,2024-11-02,9,262.36
T1003120,S002,P0133,C00388,2024-11-19,8,439.44
T1003121,S002,P0192,C00853,2025-01-13,3,94.8
T1003122,S006,P0032,C00357,2025-02-10,9,483.82
T1003123,S020,P0014,C00516,2024-01-25,8,296.28
T1003124,S014,P0119,C00648,2025-06-12,5,76.12
T1003125,S014,P0097,C00357,2025-05-15,5,393.02
T1003126,S019,P0098,C00061,2024-08-18,8,132.65
T1003127,S001,P0046,C00283,2025-03-29,7,172.22
T1003128,S011,P0008,C00444,2024-05-15,7,297.16
T1003129,S004,P0161,C00422,2025-09-11,6,495.9
T1003130,S009,P0046,C00667,2024-05-09,8,440.57
T1003131,S002,P0014,C00706,2025-04-10,7,163.79
T1003132,S009,P0022,C00949,2024-05-22,1,223.41
T1003133,S011,P0132,C00207,2025-06-17,4,169.17
T1003134,S012,P0035,C00539,2024-09-28,7,239.05
T1003135,S012,P0007,C00101,2024-09-05,9,283.3
T1003136,S008,P0186,C00579,2025-04-06,6,121.64
T1003137,S009,P0017,C00437,2024-11-10,1,146.1
T1003138,S005,P0117,C00532,2025-07-28,8,274.59
T1003139,S015,P0149,C00921,2025-09-14,7,360.88
T1003140,S009,P0063,C00018,2025-09-11,7,416.29
T1003141,S013,P0135,C00655,2025-07-22,5,13.25
T1003142,S019,P0132,C00654,2024-12-21,3,255.17
T1003143,S019,P0162,C00368,2025-02-19,6,349.99
T1003144,S016,P0126,C00903,2025-06-15,9,182.03
T1003145,S008,P0110,C00514,2024-07-22,8,238.95
T1003146,S019,P0035,C00433,2025-09-04,7,282.61
T1003147,S010,P0138,C00545,2024-01-01,8,312.87
T1003148,S002,P0108,C00455,2024-05-28,9,29.42
T1003149,S007,P0019,C00613,2024-06-09,4,355.48
T1003150,S002,P0015,C00633,2024-10-14,2,410.43
T1003151,S018,P0001,C00509,2025-09-12,5,358.64
T1003152,S004,P0060,C00018,2024-01-28,6,225.34
T1003153,S020,P0067,C00429,2024-08-22,7,117.65
T1003154,S003,P0045,C00384,2024-09-11,2,460.55
T1003155,S001,P0100,C00444,2024-08-16,3,167.66
T1003156,S004,P0174,C00852,2025-07-20,6,305.08
T1003157,S006,P0162,C00955,2024-05-07,8,331.69
T1003158,S005,P0046,C00699,2024-02-13,2,139.59
T1003159,S005,P0095,C00825,2024-04-26,4,402.53
T1003160,S012,P0108,C00155,2024-02-11,2,25.4
T1003161,S002,P0120,C00841,2025-01-27,8,56.78
T1003162,S006,P0003,C00868,2024-12-25,1,113.1
T1003163,S013,P0054,C00695,2025-06-17,8,171.36
T1003164,S001,P0023,C00865,2025-04-04,9,23.24
T1003165,S017,P0057,C00354,2024-04-09,9,306.73
T1003166,S009,P0164,C01000,2024-08-31,5,361.41
T1003167,S018,P0030,C00288,2024-09-13,3,44.99
T1003168,S001,P0081,C00822,2024-11-09,6,320.61
T1003169,S016,P0017,C00388,2025-01-11,1,304.35
T1003170,S012,P0197,C00728,2024-05-09,5,429.45
T1003171,S004,P0098,C00512,2025-04-29,5,470.22
T1003172,S005,P0033,C00364,2024-11-03,7,283.16
T1003173,S013,P0167,C00867,2024-01-04,4,469.32
T1003174,S004,P0073,C00771,2025-08-13,5,383.14
T1003175,S009,P0179,C00078,2025-02-18,9,467.7
T1003176,S013,P0047,C00575,2025-03-22,8,336.52
T1003177,S018,P0081,C00642,2024-02-08,7,402.98
T1003178,S004,P0133,C00918,2024-07-08,3,265.16
T1003179,S014,P0133,C00446,2025-05-27,7,394.59
T1003180,S014,P0031,C00680,2025-02-17,2,257.99
T1003181,S002,P0149,C00683,2024-10-10,6,55.46
T1003182,S015,P0022,C00385,2024-03-29,2,361.85
T1003183,S011,P0062,C00098,2024-06-09,6,130.47
T1003184,S018,P0081,C00098,2024-09-13,6,295.78
T1003185,S002,P0110,C00517,2024-04-09,9,341.73
T1003186,S005,P0135,C00305,2024-06-30,2,360.12
T1003187,S010,P0163,C00359,2024-03-08,6,139.34
T1003188,S014,P0125,C00849,2024-12-15,3,288.98
T1003189,S008,P0037,C00181,2025-08-29,4,355.67
T1003190,S015,P0100,C00758,2024-05-15,8,381.49
T1003191,S004,P0196,C00328,2025-07-15,2,23.08
T1003192,S014,P0021,C00254,2025-07-26,5,94.74
T1003193,S008,P0032,C00610,2024-12-25,1,392.69
T1003194,S007,P0169,C00239,2024-07-27,6,352.83
T1003195,S006,P0011,C00800,2024-10-18,5,469.9
T1003196,S014,P0034,C00159,2024-01-26,3,245.15
T1003197,S002,P0181,C00612,2025-04-24,1,273.28
T1003198,S020,P0121,C00111,2024-08-17,3,158.83
T1003199,S020,P0114,C00944,2024-06-12,8,335.25
T1003200,S017,P0073,C00664,2024-10-02,6,157.32
T1003201,S009,P0086,C00434,2025-05-07,1,355.17
T1003202,S005,P0183,C00321,2025-07-27,3,357.34
T1003203,S020,P0198,C00517,2024-09-15,7,426.17
T1003204,S002,P0157,C00944,2024-11-25,8,375.96
T1003205,S006,P0104,C00745,2024-02-01,1,451.81
T1003206,S020,P0160,C00933,2024-11-13,8,398.1
T1003207,S012,P0106,C00787,2025-08-24,2,142.62
T1003208,S007,P0124,C00721,2024-03-19,8,187.84
T1003209,S017,P0170,C00611,2024-02-22,8,56.25
T1003210,S013,P0179,C00796,2025-05-20,2,130.72
T1003211,S002,P0064,C00559,2024-11-26,8,304.92
T1003212,S002,P0109,C00376,2025-08-03,7,246.97
T1003213,S014,P0165,C00479,2024-08-10,1,146.94
T1003214,S017,P0171,C00621,2025-07-10,2,207.33
T1003215,S003,P0148,C00843,2024-03-23,8,226.37
T1003216,S016,P0044,C00743,2025-09-08,1,318.99
T1003217,S015,P0175,C00484,2024-08-09,3,40.02
T1003218,S006,P0180,C00120,2025-06-19,4,67.89
T1003219,S018,P0126,C00874,2024-06-25,4,37.16
T1003220,S010,P0148,C00477,2024-01-10,4,5.6
T1003221,S011,P0044,C00225,2024-05-30,8,179.86
T1003222,S010,P0036,C00570,2025-09-11,9,20.97
T1003223,S005,P0124,C00568,2024-05-05,4,460.23
T1003224,S012,P0163,C00654,2025-08-13,9,392.01
T1003225,S007,P0023,C00693,2024-05-27,6,338.13
T1003226,S012,P0172,C00311,2024-03-02,7,453.0
T1003227,S005,P0002,C00372,2024-11-10,5,318.41
T1003228,S012,P0157,C00446,2024-11-26,1,245.79
T1003229,S002,P0121,C00037,2025-04-28,3,246.41
T1003230,S012,P0049,C00311,2024-05-13,9,152.65
T1003231,S005,P0115,C00286,2025-02-10,6,328.56
T1003232,S002,P0181,C00606,2025-01-29,3,284.32
T1003233,S007,P0088,C00053,2024-02-02,7,23.01
T1003234,S007,P0053,C00028,2025-08-01,2,432.99
T1003235,S005,P0023,C00836,2024-08-11,2,356.08
T1003236,S004,P0184,C00489,2025-08-19,5,111.95
T1003237,S004,P0060,C00822,2024-08-05,8,398.79
T1003238,S009,P0097,C00829,2024-05-12,7,484.66
T1003239,S016,P0156,C00444,2024-11-12,1,162.78
T1003240,S015,P0047,C00087,2024-11-22,9,391.07
T1003241,S002,P0034,C00538,2024-02-06,9,197.32
T1003242,S020,P0127,C00487,2024-12-21,3,36.04
T1003243,S018,P0166,C00467,2024-09-11,3,116.25
T1003244,S007,P0156,C00778,2024-04-13,6,183.14
T1003245,S020,P0190,C00076,2025-05-10,9,213.61
T1003246,S018,P0190,C00492,2024-01-03,9,57.09
T1003247,S017,P0107,C00210,2025-06-13,5,82.42
T1003248,S010,P0040,C00217,2024-07-09,4,381.39
T1003249,S016,P0030,C00232,2024-04-13,9,10.27
T1003250,S018,P0113,C00773,2024-04-20,5,167.52
T1003251,S018,P0102,C00132,2025-05-24,8,219.17
T1003252,S009,P0033,C00946,2025-07-19,1,227.42
T1003253,S011,P0020,C00969,2025-03-11,7,107.53
T1003254,S014,P0094,C00370,2024-04-03,4,346.18
T1003255,S016,P0041,C00020,2025-01-06,8,412.82
T1003256,S007,P0078,C00699,2024-02-21,5,196.18
T1003257,S016,P0108,C00850,2025-05-08,9,353.39
T1003258,S014,P0004,C00851,2025-05-13,8,139.38
T1003259,S012,P0167,C00130,2025-07-22,4,241.65
T1003260,S006,P0155,C00675,2024-11-22,3,465.31
T1003261,S004,P0158,C00490,2024-07-03,5,260.76
T1003262,S006,P0150,C00538,2025-08-03,6,438.66
T1003263,S011,P0088,C00721,2025-07-25,6,43.29
T1003264,S011,P0137,C00506,2024-07-24,6,345.72
T1003265,S003,P0047,C00074,2024-03-14,1,138.3
T1003266,S019,P0028,C00874,2025-09-20,5,150.74
T1003267,S004,P0024,C00081,2024-09-28,1,117.64
T1003268,S018,P0085,C00752,2024-07-27,3,148.63
T1003269,S009,P0123,C00840,2025-08-07,1,292.28
T1003270,S001,P0022,C00568,2024-01-12,7,494.31
T1003271,S008,P0163,C00180,2024-12-11,4,287.13
T1003272,S013,P0157,C00870,2025-09-01,3,152.61
T1003273,S014,P0142,C00906,2025-07-10,9,401.42
T1003274,S005,P0151,C00087,2024-01-24,8,109.11
T1003275,S009,P0141,C00344,2024-02-19,7,36.52
T1003276,S007,P0078,C00348,2024-02-14,4,157.59
T1003277,S008,P0006,C00049,2025-07-26,7,307.99
T1003278,S008,P0112,C00439,2024-11-04,5,454.39
T1003279,S016,P0103,C00113,2024-05-30,9,211.99
T1003280,S006,P0082,C00039,2025-08-23,5,258.08
T1003281,S007,P0027,C00802,2024-05-04,2,423.26
T1003282,S017,P0009,C00783,2024-06-27,7,157.46
T1003283,S008,P0108,C00037,2025-01-12,1,248.2
T1003284,S007,P0015,C00553,2025-06-07,1,296.22
T1003285,S012,P0075,C00904,2024-12-08,9,229.11
T1003286,S013,P0123,C00899,2025-04-03,9,337.28
T1003287,S004,P0011,C00129,2024-03-05,4,402.47
T1003288,S013,P0017,C00034,2025-02-01,4,8.72
T1003289,S004,P0119,C00967,2025-08-23,2,149.15
T1003290,S011,P0079,C00503,2024-11-08,2,228.76
T1003291,S006,P0044,C00553,2024-06-19,4,64.52
T1003292,S008,P0191,C00597,2025-08-17,7,308.79
T1003293,S004,P0120,C00503,2024-07-28,5,307.74
T1003294,S019,P0163,C00775,2025-05-05,5,226.2
T1003295,S016,P0194,C00395,2024-10-04,9,114.69
T1003296,S009,P0146,C00453,2025-04-20,3,85.25
T1003297,S010,P0069,C00721,2025-08-02,3,94.22
T1003298,S011,P0049,C00706,2025-06-08,7,91.93
T1003299,S019,P0019,C00059,2024-09-26,5,51.18
T1003300,S017,P0015,C00668,2025-07-11,1,91.21
T1003301,S018,P0155,C00373,2025-05-26,6,22.9
T1003302,S014,P0122,C00028,2025-03-05,1,305.02
T1003303,S020,P0057,C00561,2024-03-16,1,433.36
T1003304,S003,P0198,C00055,2024-11-30,8,33.33
T1003305,S016,P0065,C00208,2024-01-02,2,241.82
T1003306,S020,P0178,C00817,2024-09-27,6,149.48
T1003307,S002,P0103,C00945,2025-09-13,4,369.36
T1003308,S013,P0143,C00549,2024-02-16,6,324.63
T1003309,S009,P0168,C00969,2025-06-28,4,342.75
T1003310,S009,P0053,C00607,2024-10-06,4,248.76
T1003311,S020,P0158,C00148,2024-05-16,4,229.22
T1003312,S004,P0045,C00024,2024-11-26,5,383.07
T1003313,S003,P0163,C00024,2025-02-01,2,313.93
T1003314,S004,P0122,C00917,2025-06-02,9,280.39
T1003315,S018,P0095,C00985,2024-11-08,7,408.84
T1003316,S013,P0036,C00300,2025-01-04,3,401.13
T1003317,S005,P0192,C00877,2024-08-30,9,448.73
T1003318,S012,P0070,C00626,2025-01-03,5,462.72
T1003319,S014,P0041,C00909,2024-06-29,1,417.45
T1003320,S012,P0039,C00604,2024-03-26,3,103.96
T1003321,S003,P0013,C00842,2025-03-12,2,191.43
T1003322,S010,P0163,C00650,2025-08-05,6,323.28
T1003323,S013,P0122,C00397,2024-05-11,5,472.21
T1003324,S005,P0049,C00162,2025-05-02,8,478.97
T1003325,S015,P0155,C00830,2024-04-06,9,432.48
T1003326,S019,P0063,C00580,2024-09-25,3,71.51
T1003327,S003,P0029,C00288,2024-07-29,7,134.94
T1003328,S007,P0063,C00853,2024-10-05,1,131.77
T1003329,S009,P0115,C00665,2025-09-22,2,261.64
T1003330,S016,P0107,C00968,2024-05-12,8,407.73
T1003331,S012,P0145,C00863,2025-02-09,5,91.43
T1003332,S006,P0069,C00679,2024-11-12,6,24.23
T1003333,S007,P0124,C00190,2025-07-14,6,164.68
T1003334,S015,P0106,C00532,2024-04-27,4,476.19
T1003335,S007,P0149,C00090,2024-09-26,8,96.04
T1003336,S017,P0172,C00013,2024-07-11,4,439.68
T1003337,S004,P0183,C00695,2025-05-21,5,470.73
T1003338,S014,P0198,C00157,2024-07-25,1,79.16
T1003339,S006,P0145,C00932,2025-01-09,9,170.24
T1003340,S008,P0053,C00787,2025-02-04,1,302.18
T1003341,S012,P0144,C00455,2024-10-22,1,135.93
T1003342,S017,P0039,C00429,2024-02-28,5,292.08
T1003343,S008,P0076,C00929,2025-01-08,7,370.76
T1003344,S011,P0001,C00098,2025-01-12,3,247.11
T1003345,S014,P0057,C00475,2024-10-03,5,465.77
T1003346,S019,P0121,C00908,2025-08-05,5,476.8
T1003347,S015,P0129,C00827,2025-06-23,2,420.75
T1003348,S002,P0178,C00325,2024-09-29,2,107.47
T1003349,S014,P0041,C00116,2024-01-11,8,95.92
T1003350,S005,P0165,C00640,2025-01-23,7,407.02
T1003351,S006,P0033,C00150,2025-09-25,9,83.18
T1003352,S001,P0153,C00338,2025-04-01,5,317.01
T1003353,S013,P0144,C00177,2024-03-31,4,220.96
T1003354,S012,P0051,C00753,2024-06-22,1,377.5
T1003355,S018,P0103,C00759,2024-03-13,9,189.81
T1003356,S007,P0094,C00831,2025-04-02,3,212.61
T1003357,S017,P0191,C00767,2024-11-15,4,66.08
T1003358,S019,P0189,C00909,2025-01-17,5,454.17
T1003359,S019,P0142,C00230,2024-10-10,5,67.25
T1003360,S009,P0002,C00348,2024-11-10,8,42.17
T1003361,S002,P0031,C00134,2024-02-12,6,403.03
T1003362,S005,P0016,C00276,2025-03-13,6,182.18
T1003363,S020,P0088,C00558,2024-07-09,9,65.39
T1003364,S007,P0094,C00261,2024-01-31,7,253.41
T1003365,S003,P0060,C00316,2025-05-18,7,113.77
T1003366,S009,P0159,C00232,2024-12-16,4,16.89
T1003367,S019,P0143,C00257,2024-01-08,4,267.88
T1003368,S009,P0109,C00782,2025-06-18,7,442.61
T1003369,S002,P0180,C00759,2025-02-12,6,432.01
T1003370,S005,P0110,C00399,2024-03-13,3,258.66
T1003371,S017,P0051,C00073,2025-09-16,1,260.62
T1003372,S009,P0130,C00648,2025-06-10,5,471.11
T1003373,S002,P0162,C00258,2025-06-15,3,380.26
T1003374,S003,P0053,C00483,2025-05-05,3,424.31
T1003375,S018,P0177,C00467,2024-04-08,3,387.15
T1003376,S014,P0168,C00415,2024-12-16,4,229.78
T1003377,S010,P0177,C00086,2024-01-05,1,481.2
T1003378,S014,P0178,C00912,2025-08-09,4,367.95
T1003379,S007,P0141,C00085,2025-09-27,7,149.45
T1003380,S014,P0119,C00438,2024-09-30,2,212.88
T1003381,S012,P0140,C00332,2025-03-03,1,319.26
T1003382,S011,P0183,C00559,2025-05-19,3,206.92
T1003383,S009,P0113,C00621,2025-04-03,4,34.47
T1003384,S015,P0020,C00094,2025-09-11,7,197.55
T1003385,S004,P0117,C00530,2024-12-17,7,166.01
T1003386,S003,P0188,C00476,2024-10-07,4,152.37
T1003387,S019,P0062,C00004,2025-01-08,8,117.07
T1003388,S016,P0039,C00964,2024-04-04,7,59.8
T1003389,S018,P0018,C00371,2024-10-07,9,234.92
T1003390,S018,P0017,C00126,2025-08-27,5,372.51
T1003391,S017,P0154,C00576,2024-03-24,3,204.77
T1003392,S014,P0064,C00949,2025-01-27,5,459.39
T1003393,S015,P0022,C00422,2024-10-04,9,201.54
T1003394,S011,P0183,C00938,2024-04-13,9,273.9
T1003395,S007,P0148,C00779,2024-01-11,4,287.41
T1003396,S005,P0062,C00199,2025-01-31,2,134.62
T1003397,S015,P0080,C00771,2024-07-24,3,325.28
T1003398,S002,P0047,C00885,2025-05-22,4,77.01
T1003399,S006,P0027,C00101,2025-04-15,6,248.49
T1003400,S011,P0089,C00765,2025-08-15,5,266.74
T1003401,S018,P0117,C00695,2025-01-12,1,284.71
T1003402,S012,P0088,C00568,2024-11-20,5,327.96
T1003403,S006,P0155,C00865,2025-04-06,9,435.89
T1003404,S011,P0002,C00119,2024-10-04,6,427.68
T1003405,S015,P0193,C00206,2025-03-13,4,225.45
T1003406,S005,P0070,C00303,2025-08-03,3,48.97
T1003407,S011,P0072,C00045,2024-01-15,3,492.41
T1003408,S008,P0092,C00780,2024-11-24,8,66.02
T1003409,S010,P0105,C00200,2025-08-27,5,132.56
T1003410,S008,P0044,C00053,2024-03-23,5,40.29
T1003411,S020,P0110,C00273,2024-03-18,7,133.92
T1003412,S010,P0101,C00333,2024-01-18,5,310.59
T1003413,S002,P0159,C00230,2024-11-22,9,83.56
T1003414,S001,P0019,C00993,2024-06-04,7,287.2
T1003415,S003,P0004,C00736,2024-05-20,2,164.65
T1003416,S018,P0057,C00205,2024-03-27,2,290.56
T1003417,S010,P0087,C00569,2025-03-16,7,65.15
T1003418,S007,P0179,C00804,2024-12-05,1,120.48
T1003419,S005,P0101,C00389,2025-07-09,2,403.92
T1003420,S004,P0005,C00891,2024-01-01,2,365.3
T1003421,S019,P0127,C00329,2024-04-19,7,187.76
T1003422,S006,P0042,C00220,2024-01-06,7,266.35
T1003423,S002,P0097,C00810,2025-04-29,8,222.46
T1003424,S014,P0190,C00649,2025-08-01,9,235.41
T1003425,S015,P0188,C00393,2024-10-31,8,148.31
T1003426,S012,P0083,C00555,2024-09-06,4,412.25
T1003427,S018,P0072,C00403,2024-12-24,4,118.5
T1003428,S009,P0143,C00444,2025-04-03,1,62.84
T1003429,S019,P0073,C00186,2025-01-12,7,129.19
T1003430,S002,P0061,C00975,2025-04-25,2,357.92
T1003431,S020,P0144,C00782,2024-12-16,6,45.77
T1003432,S016,P0057,C00307,2024-03-18,7,75.06
T1003433,S006,P0192,C00855,2024-06-05,3,396.22
T1003434,S007,P0025,C00113,2024-10-24,2,474.83
T1003435,S008,P0111,C00697,2025-09-17,1,246.63
T1003436,S008,P0094,C00809,2024-09-08,3,475.29
T1003437,S011,P0151,C00402,2025-01-09,8,379.57
T1003438,S013,P0069,C00438,2025-05-21,6,425.71
T1003439,S012,P0159,C00012,2024-09-20,4,398.47
T1003440,S014,P0176,C00423,2024-05-20,5,30.23
T1003441,S014,P0085,C00920,2025-04-29,5,182.29
T1003442,S003,P0173,C00833,2024-01-02,8,464.51
T1003443,S004,P0167,C00515,2025-07-14,4,46.03
T1003444,S008,P0121,C00647,2025-02-18,5,42.8
T1003445,S020,P0138,C00450,2024-05-16,6,348.41
T1003446,S018,P0154,C00065,2024-11-26,2,100.34
T1003447,S011,P0180,C00777,2024-02-28,3,127.24
T1003448,S002,P0179,C00617,2024-09-10,7,224.76
T1003449,S005,P0051,C00581,2024-10-03,5,222.44
T1003450,S017,P0146,C00594,2024-08-26,6,166.77
T1003451,S001,P0132,C00858,2024-05-25,6,188.09
T1003452,S002,P0066,C00128,2024-02-23,9,45.16
T1003453,S002,P0026,C00175,2025-06-08,2,421.44
T1003454,S017,P0108,C00066,2025-04-08,5,51.1
T1003455,S012,P0050,C00128,2024-10-27,2,250.33
T1003456,S020,P0143,C00614,2024-07-05,1,376.77
T1003457,S015,P0152,C00383,2025-07-25,4,418.86
T1003458,S004,P0054,C00242,2024-03-24,8,237.79
T1003459,S015,P0045,C00035,2025-04-14,9,246.27
T1003460,S016,P0172,C00028,2024-03-11,5,439.8
T1003461,S005,P0030,C00839,2024-08-30,7,116.94
T1003462,S005,P0053,C00598,2024-07-27,5,405.23
T1003463,S017,P0134,C00393,2024-06-29,6,52.48
T1003464,S006,P0167,C00089,2025-06-02,9,450.59
T1003465,S013,P0137,C00170,2025-07-14,9,408.35
T1003466,S020,P0168,C00283,2025-01-26,1,198.85
T1003467,S016,P0085,C00962,2024-07-30,1,337.46
T1003468,S012,P0022,C00101,2025-02-26,9,204.77
T1003469,S020,P0100,C00002,2024-12-16,9,258.28
T1003470,S005,P0032,C00750,2024-09-18,8,336.77
T1003471,S015,P0020,C00716,2024-04-08,8,299.84
T1003472,S010,P0132,C00162,2025-03-16,4,210.23
T1003473,S017,P0024,C00654,2025-09-23,1,236.33
T1003474,S014,P0029,C00298,2024-03-28,5,205.7
T1003475,S020,P0192,C00246,2025-01-12,1,84.86
T1003476,S013,P0136,C00078,2025-01-27,8,51.85
T1003477,S005,P0064,C00567,2025-08-08,4,353.67
T1003478,S014,P0152,C00969,2024-07-02,8,279.28
T1003479,S008,P0032,C00436,2024-12-26,9,86.41
T1003480,S006,P0015,C00192,2024-09-17,9,369.62
T1003481,S016,P0153,C00209,2025-07-28,7,179.0
T1003482,S007,P0138,C00978,2024-02-16,2,81.96
T1003483,S006,P0029,C00872,2024-06-13,7,248.28
T1003484,S011,P0009,C00043,2024-11-13,3,219.87
T1003485,S017,P0051,C00318,2025-06-04,3,272.43
T1003486,S014,P0103,C00872,2024-09-06,4,128.64
T1003487,S011,P0016,C00461,2024-07-28,7,458.06
T1003488,S004,P0097,C00957,2024-04-13,3,188.53
T1003489,S001,P0018,C00172,2025-02-05,7,410.41
T1003490,S012,P0020,C00163,2025-04-20,9,242.85
T1003491,S008,P0086,C00408,2025-03-09,4,101.4
T1003492,S006,P0005,C00628,2025-07-03,8,296.74
T1003493,S010,P0034,C00198,2024-07-30,7,259.67
T1003494,S013,P0103,C00407,2025-01-24,5,38.62
T1003495,S016,P0178,C00402,2024-10-01,8,429.64
T1003496,S004,P0085,C00195,2025-07-21,4,11.58
T1003497,S017,P0153,C00811,2024-06-09,8,22.78
T1003498,S012,P0096,C00412,2024-10-09,3,169.79
T1003499,S005,P0093,C00079,2024-03-05,5,72.13
T1003500,S017,P0012,C00847,2025-03-08,9,9.9
T1003501,S014,P0005,C00745,2024-09-13,2,338.49
T1003502,S006,P0137,C00766,2025-04-11,1,473.64
T1003503,S016,P0027,C00599,2025-02-04,8,27.94
T1003504,S006,P0121,C00899,2024-09-30,9,487.05
T1003505,S020,P0101,C00651,2025-08-02,5,35.73
T1003506,S007,P0196,C00655,2024-03-15,2,124.74
T1003507,S008,P0164,C00260,2025-01-07,3,38.3
T1003508,S018,P0181,C00023,2025-01-10,2,332.8
T1003509,S003,P0151,C00384,2025-02-26,4,55.56
T1003510,S012,P0089,C00403,2025-08-22,2,325.0
T1003511,S003,P0003,C00115,2025-05-05,9,322.84
T1003512,S020,P0189,C00212,2024-01-26,2,331.3
T1003513,S013,P0082,C00207,2025-01-22,9,148.17
T1003514,S007,P0171,C00601,2024-01-19,6,480.74
T1003515,S010,P0110,C00629,2024-04-30,7,161.8
T1003516,S011,P0162,C00236,2025-06-30,6,40.77
T1003517,S004,P0144,C00453,2025-05-24,2,73.25
T1003518,S018,P0130,C00726,2025-09-11,8,13.52
T1003519,S005,P0168,C00382,2025-01-13,6,151.6
T1003520,S019,P0133,C00566,2025-03-15,8,320.2
T1003521,S004,P0099,C00088,2024-11-01,6,333.01
T1003522,S006,P0125,C00782,2024-05-03,7,7.02
T1003523,S007,P0030,C00959,2024-08-22,9,253.66
T1003524,S011,P0097,C00112,2025-05-12,1,46.66
T1003525,S011,P0084,C00432,2025-03-08,7,156.7
T1003526,S018,P0033,C00415,2024-04-13,2,92.54
T1003527,S006,P0191,C00440,2024-04-29,1,487.31
T1003528,S014,P0183,C00778,2024-07-17,5,151.06
T1003529,S016,P0080,C00973,2024-07-19,9,309.27
T1003530,S007,P0024,C00317,2025-04-29,4,7.62
T1003531,S010,P0017,C00125,2024-06-04,6,159.48
T1003532,S011,P0073,C00067,2024-03-21,7,423.55
T1003533,S007,P0011,C00181,2024-01-10,8,80.71
T1003534,S004,P0067,C00314,2024-08-17,6,356.51
T1003535,S004,P0191,C00611,2024-10-03,5,59.66
T1003536,S008,P0139,C00019,2025-09-27,5,457.59
T1003537,S015,P0093,C00666,2024-05-10,5,70.28
T1003538,S018,P0059,C00334,2024-04-08,4,419.02
T1003539,S016,P0177,C00856,2024-04-14,8,288.59
T1003540,S002,P0068,C00684,2025-05-29,1,384.85
T1003541,S017,P0133,C00928,2024-05-27,4,324.32
T1003542,S010,P0069,C00285,2025-03-30,6,382.14
T1003543,S018,P0054,C00750,2025-07-30,3,46.7
T1003544,S008,P0166,C00527,2024-05-31,9,96.81
T1003545,S011,P0156,C00070,2024-03-22,1,238.07
T1003546,S018,P0118,C00869,2025-04-10,2,277.72
T1003547,S008,P0188,C00354,2024-01-04,5,283.01
T1003548,S018,P0185,C00700,2025-03-11,6,290.74
T1003549,S010,P0063,C00350,2025-06-05,7,85.14
T1003550,S009,P0040,C00461,2025-05-04,1,459.87
T1003551,S008,P0170,C00610,2024-08-22,9,112.32
T1003552,S003,P0055,C00701,2024-07-12,6,341.42
T1003553,S019,P0083,C00126,2025-03-05,8,24.83
T1003554,S002,P0168,C00783,2025-09-06,5,7.35
T1003555,S013,P0142,C00531,2025-01-22,2,135.81
T1003556,S009,P0160,C00754,2025-08-29,2,128.78
T1003557,S012,P0004,C00430,2024-12-23,6,92.03
T1003558,S008,P0141,C00253,2024-11-06,1,388.09
T1003559,S019,P0079,C00643,2025-04-06,9,401.91
T1003560,S014,P0187,C00135,2024-01-23,4,457.63
T1003561,S006,P0062,C00033,2024-08-25,1,101.87
T1003562,S019,P0018,C00850,2024-11-01,3,305.14
T1003563,S013,P0017,C00774,2024-08-03,6,262.12
T1003564,S020,P0074,C00591,2024-10-11,6,81.67
T1003565,S008,P0180,C00604,2024-07-09,9,481.61
T1003566,S004,P0132,C00664,2025-02-06,6,115.49
T1003567,S016,P0179,C00410,2024-11-21,8,460.7
T1003568,S018,P0161,C00127,2024-01-27,3,242.38
T1003569,S006,P0031,C00903,2024-08-26,6,40.95
T1003570,S002,P0068,C00889,2024-09-11,2,392.82
T1003571,S004,P0062,C00739,2025-03-27,9,375.04
T1003572,S013,P0078,C00526,2024-10-06,4,102.2
T1003573,S009,P0095,C00439,2025-09-23,6,301.06
T1003574,S019,P0073,C00899,2024-11-27,8,178.9
T1003575,S018,P0131,C00964,2024-01-21,2,28.15
T1003576,S005,P0032,C00424,2024-12-15,1,432.03
T1003577,S014,P0031,C00426,2024-02-25,4,126.93
T1003578,S005,P0076,C00130,2024-08-08,9,121.28
T1003579,S004,P0169,C00770,2024-07-29,8,347.3
T1003580,S019,P0043,C00566,2024-11-10,9,207.13
T1003581,S013,P0097,C00663,2025-01-31,1,140.37
T1003582,S015,P0183,C00707,2025-09-01,4,10.55
T1003583,S014,P0123,C00796,2024-07-03,1,304.93
T1003584,S014,P0170,C00253,2025-05-22,3,154.1
T1003585,S003,P0045,C00824,2024-04-04,5,230.98
T1003586,S003,P0189,C00902,2025-08-20,4,455.48
T1003587,S005,P0107,C00192,2025-09-25,3,94.9
T1003588,S012,P0153,C00486,2025-09-02,6,355.09
T1003589,S013,P0086,C00972,2025-01-28,3,25.0
T1003590,S016,P0129,C00671,2024-02-20,9,367.42
T1003591,S003,P0104,C00872,2024-03-22,5,483.61
T1003592,S001,P0042,C00948,2025-04-26,8,236.81
T1003593,S011,P0094,C00747,2024-12-17,7,276.99
T1003594,S009,P0150,C00428,2025-02-26,1,481.57
T1003595,S013,P0174,C00661,2024-06-10,6,84.63
T1003596,S020,P0155,C00915,2024-01-13,4,40.84
T1003597,S015,P0001,C00074,2025-01-22,2,169.9
T1003598,S009,P0096,C00285,2024-04-08,8,270.82
T1003599,S018,P0184,C00210,2025-07-10,4,276.48
T1003600,S003,P0055,C00071,2024-12-24,2,468.33
T1003601,S007,P0100,C00645,2025-07-03,6,35.92
T1003602,S012,P0004,C00175,2024-02-12,6,437.33
T1003603,S019,P0061,C00297,2025-01-16,4,287.83
T1003604,S019,P0069,C00889,2024-12-25,5,304.12
T1003605,S008,P0117,C00396,2025-07-10,6,414.61
T1003606,S014,P0080,C00427,2024-12-07,9,58.4
T1003607,S013,P0109,C00766,2025-04-11,4,15.43
T1003608,S018,P0190,C00347,2025-09-06,3,7.71
T1003609,S001,P0015,C00711,2024-04-12,1,59.41
T1003610,S016,P0031,C00445,2024-07-26,1,278.01
T1003611,S020,P0070,C00428,2024-01-01,7,19.59
T1003612,S005,P0189,C00089,2024-02-28,9,237.51
T1003613,S008,P0108,C00522,2024-06-29,7,19.94
T1003614,S020,P0104,C00508,2025-06-13,2,244.87
T1003615,S004,P0024,C00790,2025-06-06,8,176.62
T1003616,S004,P0043,C00866,2025-08-10,3,440.43
T1003617,S018,P0085,C00276,2024-12-13,6,466.14
T1003618,S014,P0067,C00272,2024-12-11,1,181.49
T1003619,S015,P0114,C00261,2024-02-22,7,39.59
T1003620,S019,P0157,C00908,2024-04-27,2,418.85
T1003621,S012,P0172,C00902,2024-07-30,7,354.02
T1003622,S012,P0102,C00099,2024-08-08,9,387.16
T1003623,S001,P0030,C00268,2025-09-29,4,306.23
T1003624,S009,P0125,C00700,2025-07-12,7,276.76
T1003625,S003,P0136,C00469,2024-12-30,5,427.78
T1003626,S007,P0153,C00175,2024-05-19,4,83.14
T1003627,S004,P0187,C00352,2024-11-01,9,434.07
T1003628,S006,P0049,C00434,2025-01-26,2,244.09
T1003629,S018,P0195,C00198,2025-07-10,1,226.01
T1003630,S020,P0189,C00683,2024-07-27,2,269.69
T1003631,S019,P0059,C00437,2025-08-03,3,49.68
T1003632,S016,P0187,C00067,2024-08-14,5,281.56
T1003633,S004,P0164,C00277,2024-05-10,2,129.8
T1003634,S005,P0088,C00185,2025-04-21,9,334.86
T1003635,S020,P0155,C00384,2024-08-14,7,203.31
T1003636,S001,P0057,C00966,2025-02-07,8,229.73
T1003637,S008,P0114,C00524,2024-07-24,2,484.75
T1003638,S007,P0173,C00220,2024-11-30,7,328.8
T1003639,S003,P0117,C00932,2025-08-18,2,255.37
T1003640,S013,P0130,C00709,2024-02-04,2,153.1
T1003641,S018,P0187,C00389,2025-03-07,9,253.01
T1003642,S005,P0063,C00483,2024-01-16,2,376.2
T1003643,S006,P0128,C00761,2025-08-17,5,472.61
T1003644,S009,P0114,C00530,2025-06-25,4,66.06
T1003645,S014,P0100,C00371,2025-06-01,4,477.21
T1003646,S007,P0098,C00096,2025-05-29,1,308.58
T1003647,S019,P0064,C00241,2025-05-04,2,489.51
T1003648,S005,P0048,C00699,2024-06-18,1,221.13
T1003649,S004,P0122,C00574,2025-08-04,7,454.03
T1003650,S013,P0179,C00143,2025-07-09,6,66.46
T1003651,S007,P0191,C00140,2024-08-16,2,388.36
T1003652,S016,P0134,C00290,2024-06-22,4,141.96
T1003653,S014,P0037,C00755,2024-12-29,2,465.83
T1003654,S017,P0092,C00999,2024-08-29,2,370.99
T1003655,S007,P0142,C00142,2025-02-23,1,113.63
T1003656,S020,P0177,C00987,2024-03-21,2,479.79
T1003657,S014,P0044,C00447,2024-01-08,7,415.82
T1003658,S007,P0144,C00396,2025-09-25,7,399.28
T1003659,S006,P0038,C00419,2025-09-06,8,117.25
T1003660,S012,P0072,C00122,2024-05-28,7,471.43
T1003661,S019,P0144,C00236,2024-11-30,6,221.85
T1003662,S011,P0072,C00762,2024-07-12,8,250.7
T1003663,S004,P0114,C00215,2024-11-26,2,310.14
T1003664,S018,P0040,C00985,2024-09-16,4,13.26
T1003665,S004,P0175,C00613,2024-11-18,3,62.81
T1003666,S014,P0052,C00342,2024-04-29,3,118.26
T1003667,S007,P0049,C00859,2024-05-02,6,232.56
T1003668,S016,P0073,C00894,2025-04-07,5,133.37
T1003669,S013,P0109,C00878,2024-06-15,9,151.76
T1003670,S002,P0154,C00367,2025-08-09,8,23.21
T1003671,S011,P0069,C00732,2024-08-09,7,184.97
T1003672,S006,P0114,C00699,2025-01-01,1,388.86
T1003673,S008,P0128,C00571,2025-05-30,3,262.5
T1003674,S008,P0063,C00401,2024-01-09,6,400.52
T1003675,S009,P0150,C00968,2025-03-28,7,34.89
T1003676,S007,P0005,C00273,2025-04-02,1,192.14
T1003677,S008,P0078,C00662,2025-09-01,6,398.21
T1003678,S001,P0186,C00798,2024-10-25,1,168.04
T1003679,S003,P0080,C00142,2025-06-01,2,135.32
T1003680,S009,P0043,C00079,2024-10-16,4,134.33
T1003681,S013,P0093,C00837,2025-08-23,5,121.2
T1003682,S014,P0075,C00717,2024-02-18,5,370.26
T1003683,S015,P0022,C00236,2025-04-02,3,290.0
T1003684,S020,P0114,C00672,2025-02-05,3,406.35
T1003685,S010,P0197,C00599,2025-09-07,2,438.86
T1003686,S009,P0176,C00258,2025-05-19,5,486.36
T1003687,S008,P0056,C00049,2024-03-27,6,115.29
T1003688,S018,P0032,C00162,2024-06-12,1,360.77
T1003689,S002,P0044,C00956,2024-04-12,3,455.01
T1003690,S008,P0195,C00913,2024-06-01,2,145.58
T1003691,S015,P0171,C00404,2024-12-24,9,238.88
T1003692,S018,P0073,C00495,2025-03-21,2,60.14
T1003693,S011,P0174,C00389,2025-09-23,5,199.86
T1003694,S005,P0034,C00354,2024-12-31,5,126.0
T1003695,S006,P0104,C00456,2025-01-02,5,485.45
T1003696,S014,P0098,C00798,2024-08-19,1,496.48
T1003697,S006,P0043,C00726,2024-09-23,5,234.91
T1003698,S010,P0008,C00760,2024-04-26,4,59.75
T1003699,S016,P0039,C00027,2025-07-08,9,364.01
T1003700,S012,P0127,C00819,2024-10-07,4,261.57
T1003701,S011,P0109,C00238,2025-03-09,1,429.39
T1003702,S007,P0057,C00783,2025-02-23,9,487.64
T1003703,S013,P0052,C00779,2024-10-30,3,303.94
T1003704,S009,P0076,C00026,2025-04-16,1,117.03
T1003705,S019,P0038,C00036,2024-03-04,7,27.21
T1003706,S012,P0099,C00874,2024-12-13,1,327.02
T1003707,S010,P0120,C00258,2024-10-01,4,393.48
T1003708,S003,P0132,C00783,2024-10-29,1,37.4
T1003709,S018,P0077,C00870,2024-11-09,5,445.0
T1003710,S018,P0138,C00468,2024-09-16,7,366.3
T1003711,S015,P0109,C00258,2024-06-23,1,328.51
T1003712,S010,P0014,C00043,2025-08-09,4,399.21
T1003713,S002,P0019,C00628,2024-02-15,5,324.93
T1003714,S015,P0001,C00708,2024-04-15,7,270.92
T1003715,S016,P0123,C00990,2024-01-12,3,316.83
T1003716,S006,P0191,C00165,2024-10-12,2,472.81
T1003717,S009,P0055,C00351,2025-05-02,2,412.29
T1003718,S009,P0027,C00444,2024-12-16,5,86.25
T1003719,S009,P0079,C00044,2024-10-29,9,214.28
T1003720,S012,P0073,C00944,2025-04-07,7,270.77
T1003721,S008,P0108,C00544,2024-07-01,5,402.84
T1003722,S011,P0092,C00486,2025-05-04,8,69.76
T1003723,S019,P0114,C00668,2024-02-14,8,21.23
T1003724,S020,P0161,C00887,2024-12-28,5,96.79
T1003725,S017,P0043,C00046,2025-09-26,6,365.94
T1003726,S015,P0087,C00743,2024-04-22,1,215.95
T1003727,S017,P0085,C00971,2024-01-24,4,407.26
T1003728,S008,P0029,C00234,2025-06-03,2,133.59
T1003729,S010,P0191,C00153,2025-02-03,2,281.88
T1003730,S014,P0158,C00780,2024-04-14,7,186.66
T1003731,S005,P0048,C00604,2025-03-29,3,69.1
T1003732,S011,P0137,C00586,2025-06-30,7,493.45
T1003733,S011,P0151,C00038,2025-05-18,4,365.72
T1003734,S014,P0131,C00628,2025-01-09,9,65.21
T1003735,S005,P0038,C00142,2024-07-02,6,106.58
T1003736,S015,P0003,C00476,2024-03-20,6,344.17
T1003737,S016,P0174,C00018,2024-12-30,1,254.01
T1003738,S011,P0125,C00915,2024-12-26,4,212.45
T1003739,S008,P0102,C00960,2025-07-08,4,291.87
T1003740,S009,P0196,C00600,2024-02-28,6,345.14
T1003741,S019,P0137,C00713,2025-08-01,8,195.98
T1003742,S007,P0139,C00688,2024-01-31,6,331.34
T1003743,S010,P0144,C00819,2024-11-15,8,467.26
T1003744,S009,P0148,C00089,2024-12-10,2,347.95
T1003745,S019,P0088,C00256,2025-08-16,2,116.75
T1003746,S015,P0103,C00808,2025-07-23,8,63.64
T1003747,S015,P0118,C00509,2025-04-14,2,10.25
T1003748,S014,P0066,C00977,2024-06-20,8,202.12
T1003749,S020,P0149,C00842,2025-08-11,8,285.9
T1003750,S002,P0001,C00171,2025-03-18,2,449.43
T1003751,S019,P0049,C00412,2025-05-31,7,270.35
T1003752,S008,P0015,C00317,2024-02-20,7,273.88
T1003753,S003,P0052,C00666,2024-10-14,7,318.3
T1003754,S016,P0075,C00925,2025-03-12,7,345.06
T1003755,S001,P0119,C00481,2024-12-29,4,331.26
T1003756,S013,P0071,C00295,2025-04-23,3,86.58
T1003757,S002,P0005,C00579,2025-04-04,4,410.58
T1003758,S004,P0101,C00707,2025-06-01,1,115.47
T1003759,S012,P0008,C00261,2025-07-28,9,401.9
T1003760,S015,P0077,C00455,2025-04-29,7,321.65
T1003761,S003,P0002,C00966,2025-01-29,2,376.0
T1003762,S006,P0019,C00066,2024-06-16,5,343.28
T1003763,S007,P0170,C00212,2024-07-17,2,416.2
T1003764,S014,P0140,C00670,2025-08-23,7,232.2
T1003765,S011,P0150,C00583,2025-02-07,5,29.93
T1003766,S007,P0102,C00615,2024-01-12,3,356.82
T1003767,S005,P0042,C00191,2024-04-14,8,255.39
T1003768,S017,P0073,C00799,2024-10-16,3,309.34
T1003769,S015,P0014,C00880,2025-09-05,6,99.76
T1003770,S018,P0136,C00399,2025-01-07,4,305.22
T1003771,S020,P0024,C00674,2024-12-07,5,328.71
T1003772,S014,P0181,C00682,2024-07-01,5,270.13
T1003773,S020,P0186,C00515,2025-06-02,8,230.0
T1003774,S015,P0190,C00267,2025-07-21,5,453.14
T1003775,S009,P0144,C00066,2025-09-13,8,263.06
T1003776,S011,P0100,C00209,2024-03-04,7,149.31
T1003777,S008,P0072,C00266,2024-01-05,5,277.26
T1003778,S015,P0017,C00294,2024-08-02,2,369.66
T1003779,S012,P0140,C00609,2025-07-03,8,163.35
T1003780,S004,P0050,C00887,2024-03-15,9,366.53
T1003781,S010,P0049,C00231,2025-01-14,4,318.87
T1003782,S004,P0039,C00612,2024-02-18,3,52.98
T1003783,S009,P0139,C00094,2025-07-29,9,126.29
T1003784,S001,P0056,C00320,2024-09-08,6,98.02
T1003785,S006,P0144,C00603,2024-05-04,7,391.24
T1003786,S015,P0058,C00923,2025-04-16,2,490.16
T1003787,S010,P0084,C00094,2024-05-24,1,93.83
T1003788,S006,P0078,C00919,2024-10-18,4,192.29
T1003789,S019,P0037,C00189,2025-06-05,1,313.73
T1003790,S001,P0001,C00477,2024-05-14,1,138.79
T1003791,S001,P0078,C00926,2024-11-09,4,98.92
T1003792,S005,P0013,C00586,2025-09-16,9,203.57
T1003793,S003,P0138,C00495,2024-04-11,1,395.36
T1003794,S002,P0096,C00076,2024-04-27,2,313.3
T1003795,S020,P0017,C00191,2024-12-18,5,471.61
T1003796,S001,P0184,C00396,2024-08-17,6,489.36
T1003797,S018,P0050,C00409,2024-05-11,5,102.53
T1003798,S012,P0006,C00722,2024-12-31,1,496.47
T1003799,S014,P0030,C00723,2024-05-17,8,75.31
T1003800,S012,P0106,C00033,2024-05-14,1,467.84
T1003801,S006,P0164,C00735,2024-09-18,9,118.16
T1003802,S016,P0017,C00676,2024-02-17,3,33.45
T1003803,S010,P0079,C00036,2024-03-27,2,322.67
T1003804,S008,P0082,C00879,2025-07-17,3,387.33
T1003805,S005,P0184,C00592,2025-09-09,1,5.78
T1003806,S008,P0200,C00605,2024-12-05,9,192.41
T1003807,S006,P0164,C00352,2025-09-17,4,92.54
T1003808,S002,P0075,C00868,2024-05-06,1,340.35
T1003809,S014,P0198,C00700,2024-09-25,4,301.48
T1003810,S004,P0046,C00636,2024-03-13,5,389.6
T1003811,S016,P0091,C00244,2024-05-28,6,101.74
T1003812,S020,P0131,C00965,2024-07-04,3,320.97
T1003813,S001,P0082,C00876,2024-04-19,3,7.45
T1003814,S003,P0123,C00602,2024-09-01,1,137.98
T1003815,S019,P0078,C00617,2025-09-16,7,126.15
T1003816,S011,P0037,C00824,2024-12-27,5,166.27
T1003817,S003,P0200,C00363,2025-09-06,6,448.06
T1003818,S018,P0045,C00191,2024-07-23,3,92.55
T1003819,S013,P0171,C00049,2024-09-21,6,428.52
T1003820,S016,P0177,C00004,2025-03-18,4,288.5
T1003821,S018,P0154,C00801,2025-03-08,5,478.97
T1003822,S013,P0078,C00010,2025-04-21,1,487.62
T1003823,S011,P0173,C00120,2024-06-18,6,159.33
T1003824,S018,P0093,C00036,2025-08-14,1,256.1
T1003825,S018,P0189,C00851,2024-10-21,8,198.83
T1003826,S019,P0134,C00626,2025-01-12,8,65.68
T1003827,S005,P0128,C00592,2025-06-15,7,237.37
T1003828,S014,P0041,C00150,2024-02-10,7,495.96
T1003829,S012,P0172,C00664,2025-07-17,5,488.53
T1003830,S018,P0070,C00086,2025-02-12,5,472.32
T1003831,S013,P0041,C00989,2025-04-10,7,46.58
T1003832,S019,P0056,C00681,2025-08-17,4,431.71
T1003833,S007,P0162,C00901,2025-05-31,7,179.66
T1003834,S005,P0155,C00154,2024-10-12,2,460.54
T1003835,S009,P0065,C00841,2025-04-25,2,178.8
T1003836,S011,P0132,C00894,2024-12-15,6,493.24
T1003837,S017,P0158,C00236,2025-01-23,7,8.26
T1003838,S011,P0088,C00301,2024-05-21,1,147.23
T1003839,S011,P0101,C00268,2025-07-29,2,254.86
T1003840,S019,P0174,C00016,2024-05-13,8,460.48
T1003841,S007,P0019,C00243,2024-02-16,3,120.27
T1003842,S004,P0198,C00709,2025-06-10,3,50.8
T1003843,S017,P0200,C00669,2024-11-18,8,29.66
T1003844,S003,P0008,C00296,2025-04-30,1,52.51
T1003845,S018,P0195,C00671,2024-10-24,7,60.12
T1003846,S017,P0124,C00477,2025-07-16,8,149.3
T1003847,S002,P0048,C00908,2024-05-08,5,255.24
T1003848,S008,P0128,C00709,2025-05-10,7,175.42
T1003849,S011,P0076,C00913,2024-06-02,9,218.53
T1003850,S019,P0047,C00583,2024-12-17,9,381.67
T1003851,S012,P0146,C00390,2025-01-23,4,252.75
T1003852,S001,P0060,C00260,2024-02-29,9,398.21
T1003853,S002,P0111,C00344,2025-02-27,3,14.61
T1003854,S003,P0086,C00617,2024-10-21,4,92.41
T1003855,S009,P0019,C00067,2025-03-19,6,262.11
T1003856,S017,P0096,C00484,2025-01-13,7,439.11
T1003857,S011,P0131,C00754,2024-09-19,9,384.6
T1003858,S008,P0139,C00200,2024-07-25,1,165.74
T1003859,S006,P0056,C00205,2024-10-30,3,134.65
T1003860,S008,P0007,C00565,2025-01-27,2,149.92
T1003861,S004,P0079,C00564,2025-01-23,6,127.32
T1003862,S020,P0199,C00902,2024-09-10,6,410.55
T1003863,S017,P0121,C00195,2025-02-21,2,173.64
T1003864,S008,P0054,C00749,2024-10-04,8,63.57
T1003865,S001,P0110,C00610,2025-05-23,6,174.33
T1003866,S003,P0177,C00280,2025-05-23,2,482.88
T1003867,S003,P0037,C00399,2024-11-30,9,80.44
T1003868,S007,P0114,C00259,2024-12-04,7,228.06
T1003869,S008,P0015,C00267,2024-12-04,3,462.21
T1003870,S018,P0069,C00545,2024-07-06,4,405.49
T1003871,S001,P0173,C00133,2024-08-02,7,324.83
T1003872,S011,P0012,C00505,2024-05-11,2,138.16
T1003873,S017,P0175,C00898,2025-06-18,2,183.25
T1003874,S016,P0102,C00014,2024-08-14,9,332.27
T1003875,S014,P0006,C00359,2024-12-05,8,29.89
T1003876,S019,P0018,C00168,2024-08-22,3,427.27
T1003877,S017,P0065,C00613,2024-02-07,9,116.12
T1003878,S017,P0084,C00878,2025-03-23,4,232.96
T1003879,S006,P0170,C00479,2024-01-25,9,250.57
T1003880,S012,P0175,C00599,2025-05-25,5,311.98
T1003881,S020,P0039,C00910,2024-06-26,9,432.14
T1003882,S008,P0155,C00696,2024-01-15,8,172.32
T1003883,S006,P0063,C00980,2025-02-17,9,219.73
T1003884,S008,P0034,C00981,2024-05-01,9,75.33
T1003885,S005,P0113,C00262,2024-08-22,5,205.41
T1003886,S018,P0153,C00458,2025-07-16,8,382.94
T1003887,S009,P0155,C00119,2025-03-08,3,351.46
T1003888,S005,P0117,C00055,2024-04-03,1,438.89
T1003889,S004,P0197,C00884,2025-03-24,1,240.9
T1003890,S015,P0015,C00069,2025-04-28,6,54.5
T1003891,S018,P0026,C00363,2024-12-17,3,189.83
T1003892,S004,P0061,C00226,2025-03-04,5,213.68
T1003893,S015,P0192,C00780,2024-10-24,1,59.92
T1003894,S020,P0094,C00832,2024-07-05,6,121.33
T1003895,S003,P0093,C00409,2024-12-23,1,311.65
T1003896,S015,P0180,C00246,2024-07-19,9,174.4
T1003897,S006,P0034,C00712,2024-10-31,4,385.99
T1003898,S005,P0008,C00050,2024-07-08,6,54.79
T1003899,S012,P0066,C00928,2025-02-02,8,331.73
T1003900,S020,P0076,C00397,2025-06-04,1,125.53
T1003901,S006,P0191,C00005,2024-11-06,8,29.3
T1003902,S003,P0151,C00374,2025-04-16,7,297.15
T1003903,S008,P0165,C00999,2024-01-17,9,266.55
T1003904,S015,P0037,C00176,2025-07-22,8,105.11
T1003905,S008,P0075,C00634,2025-02-21,5,221.76
T1003906,S017,P0146,C00598,2024-11-20,2,367.56
T1003907,S020,P0082,C00556,2025-08-04,3,391.0
T1003908,S018,P0047,C00531,2024-12-09,7,87.73
T1003909,S002,P0126,C00343,2024-04-28,9,259.57
T1003910,S014,P0103,C00042,2024-08-06,5,116.87
T1003911,S016,P0165,C00611,2025-01-10,9,466.3
T1003912,S009,P0117,C00573,2024-06-29,7,226.73
T1003913,S015,P0022,C00253,2024-12-20,2,498.57
T1003914,S011,P0045,C00033,2025-08-29,9,49.15
T1003915,S007,P0188,C00140,2024-10-05,5,416.35
T1003916,S016,P0150,C00735,2024-04-07,1,427.49
T1003917,S004,P0059,C00430,2024-06-15,8,492.6
T1003918,S014,P0144,C00259,2025-02-27,4,412.45
T1003919,S008,P0154,C00015,2024-05-31,9,440.79
T1003920,S015,P0163,C00092,2025-08-18,6,228.29
T1003921,S012,P0050,C00437,2025-03-21,7,94.04
T1003922,S019,P0100,C00874,2024-04-18,8,28.66
T1003923,S006,P0123,C00607,2024-07-07,1,410.39
T1003924,S005,P0104,C00075,2024-09-17,7,87.58
T1003925,S006,P0077,C00669,2024-05-25,9,107.5
T1003926,S009,P0175,C00668,2025-07-09,7,132.33
T1003927,S017,P0085,C00925,2025-07-06,1,128.28
T1003928,S018,P0035,C00910,2025-04-24,9,74.85
T1003929,S004,P0135,C00906,2024-09-21,2,143.78
T1003930,S006,P0083,C00998,2024-05-12,5,65.52
T1003931,S018,P0093,C00234,2025-09-23,5,163.03
T1003932,S013,P0154,C00875,2025-04-28,7,79.18
T1003933,S004,P0089,C00509,2024-05-19,6,375.09
T1003934,S005,P0024,C00961,2024-02-07,3,331.76
T1003935,S008,P0194,C00909,2024-09-21,3,273.65
T1003936,S019,P0019,C00131,2024-10-20,7,275.16
T1003937,S005,P0145,C00490,2024-12-21,8,409.18
T1003938,S001,P0144,C00345,2024-07-13,8,23.78
T1003939,S013,P0001,C00391,2025-04-10,5,10.25
T1003940,S009,P0071,C00400,2025-05-09,4,430.37
T1003941,S007,P0098,C00919,2024-09-19,3,299.36
T1003942,S017,P0191,C00459,2024-02-27,6,463.7
T1003943,S017,P0138,C00059,2025-07-16,3,437.26
T1003944,S008,P0083,C00504,2024-12-24,4,257.07
T1003945,S003,P0022,C00360,2024-06-02,1,417.2
T1003946,S010,P0100,C00627,2024-12-10,8,485.83
T1003947,S011,P0130,C00543,2025-07-19,4,388.09
T1003948,S020,P0100,C00564,2024-07-27,7,207.62
T1003949,S003,P0044,C00625,2025-04-16,5,45.15
T1003950,S001,P0190,C00189,2024-08-23,9,204.53
T1003951,S002,P0104,C00341,2025-07-12,7,36.92
T1003952,S001,P0094,C00101,2024-02-21,5,81.07
T1003953,S007,P0080,C00036,2024-10-04,6,397.22
T1003954,S012,P0123,C00655,2024-05-31,9,316.78
T1003955,S007,P0191,C00518,2024-12-01,5,457.14
T1003956,S010,P0093,C00922,2024-03-09,3,318.98
T1003957,S001,P0181,C00833,2025-05-15,3,170.05
T1003958,S012,P0193,C00011,2025-01-12,9,416.3
T1003959,S020,P0121,C00098,2024-03-19,3,263.53
T1003960,S018,P0077,C00270,2024-10-07,7,46.64
T1003961,S010,P0197,C00433,2024-01-02,5,470.35
T1003962,S007,P0197,C00127,2025-06-06,2,284.66
T1003963,S020,P0141,C00001,2025-07-03,9,296.17
T1003964,S013,P0035,C00931,2024-10-19,6,239.59
T1003965,S020,P0146,C00462,2025-02-13,9,412.69
T1003966,S005,P0069,C00724,2024-08-09,5,14.49
T1003967,S010,P0110,C00082,2024-11-01,1,285.91
T1003968,S007,P0107,C00147,2025-08-27,2,407.4
T1003969,S020,P0188,C00613,2025-06-08,8,489.31
T1003970,S017,P0168,C00387,2024-03-18,5,271.53
T1003971,S008,P0133,C00449,2024-06-10,4,272.3
T1003972,S003,P0133,C00301,2024-01-24,4,446.21
T1003973,S001,P0120,C00661,2024-07-17,7,31.31
T1003974,S014,P0187,C00724,2025-04-28,1,101.49
T1003975,S012,P0084,C00382,2024-05-18,4,245.2
T1003976,S018,P0092,C00157,2025-01-21,4,325.86
T1003977,S011,P0181,C00172,2024-03-27,9,205.11
T1003978,S017,P0033,C00331,2025-07-07,4,133.61
T1003979,S011,P0120,C00580,2024-09-05,6,230.56
T1003980,S019,P0068,C00618,2024-09-05,5,133.16
T1003981,S003,P0034,C00815,2024-08-08,4,125.65
T1003982,S011,P0138,C00217,2025-08-04,5,182.46
T1003983,S012,P0044,C00171,2024-03-26,2,371.57
T1003984,S018,P0024,C00410,2025-04-05,7,451.98
T1003985,S018,P0112,C00118,2024-04-30,9,155.68
T1003986,S019,P0157,C00326,2024-04-30,3,94.28
T1003987,S011,P0137,C00518,2024-08-19,3,451.51
T1003988,S001,P0119,C00895,2024-02-25,8,288.75
T1003989,S010,P0111,C00524,2025-06-13,8,253.96
T1003990,S003,P0056,C00245,2024-07-26,9,116.79
T1003991,S019,P0077,C00771,2025-03-08,4,294.76
T1003992,S017,P0160,C00417,2025-07-16,1,105.27
T1003993,S020,P0105,C00332,2024-10-07,2,369.82
T1003994,S006,P0028,C00340,2024-06-11,2,40.97
T1003995,S001,P0036,C00861,2025-03-20,5,423.1
T1003996,S014,P0074,C00876,2025-09-05,2,365.02
T1003997,S008,P0157,C00431,2024-11-26,9,337.85
T1003998,S008,P0137,C00061,2024-04-02,1,430.3
T1003999,S008,P0122,C00173,2024-12-01,4,249.12
T1004000,S010,P0011,C00339,2024-09-24,6,89.05
T1004001,S019,P0189,C00971,2025-02-17,7,231.18
T1004002,S013,P0006,C00216,2024-10-03,9,61.33
T1004003,S014,P0160,C00115,2024-11-10,3,472.74
T1004004,S013,P0010,C00325,2025-02-17,9,318.99
T1004005,S014,P0113,C00683,2024-07-26,7,454.67
T1004006,S017,P0055,C00849,2025-03-11,4,430.86
T1004007,S006,P0017,C00088,2024-07-09,9,317.93
T1004008,S008,P0053,C00693,2024-11-05,4,266.98
T1004009,S004,P0121,C00487,2024-04-07,6,42.04
T1004010,S011,P0149,C00743,2024-11-17,4,275.05
T1004011,S005,P0143,C00619,2024-02-21,1,286.96
T1004012,S016,P0162,C00663,2024-05-30,8,204.13
T1004013,S007,P0193,C00091,2025-02-25,6,257.45
T1004014,S019,P0126,C00681,2024-04-27,5,346.5
T1004015,S020,P0112,C00176,2024-04-19,2,389.07
T1004016,S013,P0184,C00961,2024-07-26,4,80.2
T1004017,S011,P0030,C00512,2025-02-10,8,446.52
T1004018,S012,P0107,C00841,2024-03-24,9,266.94
T1004019,S012,P0102,C00134,2024-11-15,5,15.29
T1004020,S011,P0009,C00142,2025-08-30,9,399.67
T1004021,S003,P0133,C00223,2024-10-25,5,484.81
T1004022,S011,P0087,C00870,2025-07-25,9,382.59
T1004023,S002,P0097,C00462,2025-05-14,9,372.6
T1004024,S011,P0195,C00356,2025-06-08,1,28.33
T1004025,S002,P0091,C00205,2025-08-15,5,410.87
T1004026,S002,P0133,C00147,2024-08-17,2,112.56
T1004027,S008,P0057,C00149,2025-05-15,6,491.72
T1004028,S017,P0085,C00544,2024-04-08,8,72.52
T1004029,S009,P0174,C00266,2024-09-20,4,17.41
T1004030,S020,P0019,C00660,2024-06-18,4,445.04
T1004031,S018,P0038,C00371,2024-11-11,3,139.86
T1004032,S002,P0166,C00365,2025-06-17,5,497.51
T1004033,S010,P0155,C00025,2025-03-16,5,22.85
T1004034,S002,P0161,C00978,2024-02-24,7,414.66
T1004035,S011,P0159,C00428,2024-07-26,7,167.31
T1004036,S013,P0104,C00878,2025-05-06,7,307.72
T1004037,S009,P0072,C00200,2024-02-24,4,495.81
T1004038,S016,P0068,C00298,2024-02-05,1,496.06
T1004039,S012,P0178,C00699,2025-03-04,5,263.2
T1004040,S018,P0110,C00462,2024-08-19,5,73.95
T1004041,S013,P0045,C00857,2025-02-02,4,178.84
T1004042,S008,P0193,C00227,2024-07-04,6,347.95
T1004043,S019,P0128,C00980,2025-08-08,5,499.56
T1004044,S002,P0083,C00010,2024-09-24,9,261.99
T1004045,S005,P0027,C00275,2024-09-18,3,448.48
T1004046,S008,P0125,C00247,2024-06-09,8,134.38
T1004047,S010,P0118,C00338,2024-02-11,1,8.73
T1004048,S014,P0088,C00022,2025-04-08,6,322.81
T1004049,S006,P0199,C00097,2025-05-27,3,476.85
T1004050,S003,P0124,C00976,2024-11-19,9,282.01
T1004051,S002,P0035,C00596,2025-03-10,3,343.22
T1004052,S020,P0022,C00658,2025-05-10,4,276.96
T1004053,S009,P0002,C00618,2024-05-29,2,185.72
T1004054,S006,P0181,C00028,2025-04-26,6,55.13
T1004055,S006,P0118,C00281,2025-02-14,7,279.08
T1004056,S005,P0038,C00373,2024-09-06,5,295.78
T1004057,S011,P0125,C00827,2024-04-02,8,82.03
T1004058,S004,P0150,C00176,2024-03-14,8,323.55
T1004059,S004,P0095,C00554,2024-02-03,5,282.45
T1004060,S015,P0138,C00147,2024-01-01,3,64.62
T1004061,S013,P0033,C00549,2024-06-28,4,80.46
T1004062,S011,P0135,C00762,2025-01-09,7,12.42
T1004063,S008,P0095,C00046,2024-07-21,2,216.33
T1004064,S014,P0023,C00287,2025-05-31,9,145.67
T1004065,S006,P0043,C00362,2025-08-25,7,236.16
T1004066,S004,P0070,C00028,2025-04-10,2,352.55
T1004067,S013,P0020,C00229,2025-07-07,5,340.07
T1004068,S003,P0037,C00687,2025-01-11,4,175.23
T1004069,S011,P0046,C00435,2024-01-20,2,16.46
T1004070,S019,P0007,C00441,2025-07-29,8,339.99
T1004071,S013,P0038,C00070,2024-07-15,8,290.81
T1004072,S010,P0190,C00610,2024-03-30,5,456.72
T1004073,S018,P0136,C00191,2024-11-12,6,39.01
T1004074,S017,P0094,C00027,2024-06-15,6,30.37
T1004075,S017,P0144,C00222,2025-03-28,8,64.22
T1004076,S001,P0166,C00336,2025-07-18,6,27.32
T1004077,S013,P0147,C00184,2025-01-14,1,68.14
T1004078,S018,P0127,C00798,2025-05-20,1,380.04
T1004079,S005,P0125,C00158,2024-12-05,7,220.57
T1004080,S012,P0068,C00086,2025-01-09,4,260.92
T1004081,S016,P0118,C00999,2024-06-01,2,247.21
T1004082,S010,P0188,C00529,2024-03-29,1,150.87
T1004083,S012,P0137,C00206,2025-06-21,9,141.74
T1004084,S013,P0181,C00859,2025-05-16,4,57.19
T1004085,S006,P0090,C00080,2024-03-22,2,463.66
T1004086,S009,P0127,C00430,2025-08-04,4,74.15
T1004087,S008,P0002,C00365,2024-02-23,3,408.32
T1004088,S006,P0194,C00720,2025-09-10,8,324.69
T1004089,S015,P0119,C00406,2025-06-29,6,344.24
T1004090,S001,P0025,C00486,2024-11-18,8,316.16
T1004091,S002,P0131,C00240,2024-05-18,7,349.73
T1004092,S010,P0026,C00560,2024-12-07,4,364.72
T1004093,S004,P0109,C00895,2024-02-12,2,348.12
T1004094,S010,P0136,C00870,2024-09-17,9,407.68
T1004095,S016,P0044,C00523,2025-08-20,9,444.89
T1004096,S002,P0037,C00216,2024-05-30,4,51.45
T1004097,S003,P0178,C00403,2024-12-18,4,495.93
T1004098,S017,P0130,C00829,2024-04-05,1,477.96
T1004099,S004,P0079,C00017,2025-07-16,1,57.52
T1004100,S008,P0190,C00971,2025-09-06,6,97.02
T1004101,S012,P0163,C00224,2024-10-10,3,54.9
T1004102,S018,P0133,C00179,2025-03-25,3,270.17
T1004103,S017,P0110,C00671,2025-03-14,9,147.5
T1004104,S002,P0192,C00151,2024-03-29,8,173.33
T1004105,S010,P0052,C00995,2024-02-18,7,29.28
T1004106,S005,P0165,C00991,2024-09-27,7,475.71
T1004107,S007,P0189,C00216,2025-06-13,5,183.81
T1004108,S011,P0045,C00090,2024-04-12,5,129.42
T1004109,S017,P0184,C00444,2025-02-03,7,112.72
T1004110,S018,P0058,C00925,2024-12-20,6,102.74
T1004111,S011,P0063,C00262,2025-09-11,8,55.77
T1004112,S015,P0070,C00642,2024-12-14,7,334.36
T1004113,S007,P0064,C00073,2025-09-06,5,202.72
T1004114,S001,P0104,C00345,2025-06-19,6,468.39
T1004115,S016,P0059,C00393,2024-03-08,8,126.01
T1004116,S007,P0158,C00543,2024-06-09,8,9.19
T1004117,S015,P0078,C00284,2025-03-18,5,101.48
T1004118,S008,P0003,C00691,2024-04-26,7,74.25
T1004119,S010,P0042,C00921,2025-09-30,8,209.53
T1004120,S015,P0020,C00194,2024-11-09,3,392.3
T1004121,S019,P0152,C00924,2025-08-24,4,389.19
T1004122,S007,P0039,C00024,2024-09-14,9,431.95
T1004123,S014,P0189,C00761,2025-02-14,3,415.88
T1004124,S007,P0035,C00806,2024-01-27,3,426.6
T1004125,S006,P0186,C00498,2024-03-25,2,438.57
T1004126,S005,P0165,C00880,2024-07-31,8,426.95
T1004127,S008,P0096,C00010,2025-06-14,3,231.15
T1004128,S018,P0079,C00557,2024-06-09,3,116.4
T1004129,S011,P0081,C00676,2025-02-19,7,230.13
T1004130,S002,P0127,C00851,2024-06-19,6,344.32
T1004131,S016,P0064,C00735,2025-05-26,2,259.17
T1004132,S019,P0168,C00941,2025-02-24,8,116.19
T1004133,S014,P0017,C00706,2025-08-19,5,203.23
T1004134,S001,P0171,C00942,2025-08-22,2,480.86
T1004135,S020,P0134,C00426,2024-10-02,8,166.3
T1004136,S001,P0057,C00491,2024-07-24,1,122.42
T1004137,S002,P0093,C00932,2024-05-12,3,294.25
T1004138,S003,P0111,C00141,2024-09-26,7,212.05
T1004139,S013,P0006,C00451,2025-04-28,4,22.29
T1004140,S009,P0127,C00590,2024-12-01,1,434.95
T1004141,S004,P0146,C00451,2025-01-07,4,118.66
T1004142,S017,P0146,C00203,2024-05-03,7,72.1
T1004143,S002,P0183,C00765,2025-08-07,8,419.24
T1004144,S015,P0174,C00096,2024-07-09,2,443.29
T1004145,S009,P0180,C00718,2024-02-14,5,17.03
T1004146,S005,P0040,C00484,2024-03-08,3,140.68
T1004147,S019,P0089,C00664,2025-07-09,2,63.05
T1004148,S008,P0076,C00543,2024-10-01,8,424.19
T1004149,S013,P0148,C00886,2025-02-12,4,319.35
T1004150,S005,P0179,C00619,2024-02-18,3,206.89
T1004151,S007,P0020,C00462,2025-04-01,8,471.28
T1004152,S003,P0121,C00827,2025-06-12,5,91.66
T1004153,S013,P0049,C00669,2024-05-27,4,480.66
T1004154,S005,P0144,C00317,2024-12-01,3,493.11
T1004155,S018,P0058,C00626,2025-04-01,6,179.05
T1004156,S019,P0040,C00216,2024-09-17,4,233.1
T1004157,S017,P0029,C00377,2024-08-09,4,60.28
T1004158,S020,P0072,C00203,2024-12-04,7,428.79
T1004159,S014,P0180,C00045,2025-03-20,2,438.15
T1004160,S019,P0166,C00382,2024-03-14,8,472.02
T1004161,S010,P0085,C00390,2025-06-28,7,70.79
T1004162,S005,P0171,C00114,2025-03-21,1,328.17
T1004163,S003,P0170,C00694,2024-12-16,2,144.35
T1004164,S020,P0024,C00971,2024-04-27,6,247.26
T1004165,S007,P0186,C00494,2024-07-03,5,5.75
T1004166,S018,P0020,C00384,2024-09-08,5,219.94
T1004167,S005,P0083,C00903,2024-11-08,9,405.26
T1004168,S010,P0062,C00120,2024-01-28,8,13.41
T1004169,S006,P0011,C00875,2024-04-29,9,227.92
T1004170,S002,P0167,C00836,2024-09-04,6,496.24
T1004171,S013,P0163,C00557,2024-12-29,7,483.01
T1004172,S004,P0042,C00757,2024-06-18,9,333.02
T1004173,S020,P0163,C00864,2025-01-17,3,317.14
T1004174,S011,P0101,C00835,2024-09-17,6,441.14
T1004175,S002,P0038,C00949,2025-08-11,2,323.85
T1004176,S004,P0013,C00042,2025-03-19,8,466.11
T1004177,S012,P0181,C00972,2024-11-20,5,108.35
T1004178,S009,P0115,C00985,2025-05-19,5,390.33
T1004179,S003,P0078,C00521,2025-05-14,8,133.57
T1004180,S013,P0093,C00246,2025-07-13,1,300.13
T1004181,S020,P0053,C00723,2025-03-27,5,171.47
T1004182,S003,P0022,C00478,2024-08-30,8,314.67
T1004183,S015,P0122,C00454,2025-08-22,8,291.07
T1004184,S019,P0022,C00685,2025-03-01,9,282.94
T1004185,S009,P0073,C00251,2024-12-06,8,110.13
T1004186,S014,P0180,C00649,2025-03-14,8,284.77
T1004187,S017,P0197,C00260,2024-09-14,4,135.19
T1004188,S003,P0019,C00535,2025-07-20,1,408.35
T1004189,S016,P0045,C00677,2024-12-25,3,68.06
T1004190,S008,P0037,C00627,2025-09-19,6,39.42
T1004191,S006,P0084,C00013,2025-09-12,4,422.54
T1004192,S003,P0116,C00470,2024-11-23,4,307.18
T1004193,S002,P0068,C00696,2025-01-09,1,310.21
T1004194,S004,P0096,C00158,2024-01-31,9,168.08
T1004195,S014,P0149,C00162,2024-12-25,5,87.62
T1004196,S020,P0126,C00346,2024-07-11,9,51.26
T1004197,S014,P0050,C00314,2024-02-14,7,334.14
T1004198,S005,P0104,C00304,2024-08-29,7,325.3
T1004199,S004,P0042,C00277,2025-09-20,2,455.02
T1004200,S002,P0001,C00058,2025-06-06,6,293.72
T1004201,S011,P0080,C00189,2024-09-26,9,245.99
T1004202,S019,P0085,C00433,2024-07-24,5,254.88
T1004203,S005,P0149,C00284,2024-01-31,6,486.65
T1004204,S009,P0101,C00104,2024-06-20,1,430.88
T1004205,S007,P0043,C00833,2024-10-21,9,62.26
T1004206,S002,P0136,C00199,2024-10-12,8,306.31
T1004207,S015,P0155,C00002,2025-04-09,5,381.11
T1004208,S005,P0199,C00129,2024-10-25,7,238.7
T1004209,S019,P0078,C00630,2025-08-30,9,45.63
T1004210,S002,P0119,C00735,2025-08-29,4,132.81
T1004211,S011,P0064,C00981,2025-03-14,3,95.25
T1004212,S013,P0071,C00840,2024-10-23,5,274.78
T1004213,S007,P0173,C00753,2024-11-09,5,332.64
T1004214,S016,P0062,C00555,2024-09-25,9,216.74
T1004215,S018,P0115,C00883,2024-03-11,8,122.92
T1004216,S010,P0196,C00449,2024-06-25,2,38.91
T1004217,S015,P0142,C00143,2024-10-03,3,293.72
T1004218,S018,P0058,C00880,2025-08-29,6,164.83
T1004219,S003,P0019,C00914,2025-03-19,9,185.38
T1004220,S005,P0006,C00957,2025-03-15,6,235.08
T1004221,S006,P0090,C00108,2024-07-28,3,13.14
T1004222,S018,P0113,C00024,2024-11-28,6,313.83
T1004223,S013,P0140,C00691,2024-12-06,2,336.38
T1004224,S010,P0129,C00736,2025-07-21,1,92.02
T1004225,S013,P0012,C00891,2025-06-25,1,277.37
T1004226,S001,P0051,C00973,2024-04-13,6,259.98
T1004227,S018,P0109,C00800,2024-06-24,2,297.49
T1004228,S012,P0054,C00001,2024-07-18,4,123.06
T1004229,S016,P0093,C00888,2024-07-25,4,233.83
T1004230,S013,P0011,C00863,2025-01-01,9,255.41
T1004231,S010,P0153,C00718,2025-01-15,4,428.63
T1004232,S010,P0133,C00987,2024-08-03,3,97.2
T1004233,S008,P0001,C00224,2024-10-27,2,433.77
T1004234,S017,P0019,C00335,2025-07-22,8,161.54
T1004235,S015,P0193,C00163,2024-03-27,4,312.1
T1004236,S008,P0134,C00756,2024-07-13,7,216.72
T1004237,S018,P0072,C00957,2025-09-24,1,469.89
T1004238,S020,P0190,C00399,2025-03-29,8,58.66
T1004239,S017,P0003,C00472,2024-08-17,5,386.49
T1004240,S003,P0025,C00498,2024-11-28,7,129.45
T1004241,S007,P0098,C00066,2025-01-03,6,63.8
T1004242,S020,P0055,C00638,2024-12-13,5,34.21
T1004243,S014,P0168,C00597,2025-08-21,8,156.91
T1004244,S006,P0066,C00308,2024-04-09,8,87.64
T1004245,S020,P0166,C00068,2024-10-21,8,221.38
T1004246,S018,P0034,C00999,2024-03-30,5,33.58
T1004247,S005,P0027,C00591,2025-07-03,7,230.83
T1004248,S017,P0114,C00551,2024-10-31,9,61.19
T1004249,S001,P0193,C00886,2025-03-16,4,69.04
T1004250,S010,P0160,C00536,2024-12-31,3,317.39
T1004251,S006,P0191,C00027,2024-10-11,9,162.77
T1004252,S010,P0060,C00102,2024-11-25,1,143.66
T1004253,S013,P0005,C00712,2025-06-25,6,167.9
T1004254,S004,P0166,C00562,2024-05-26,5,223.26
T1004255,S004,P0003,C00603,2024-03-22,7,110.42
T1004256,S006,P0177,C00862,2024-10-20,7,338.05
T1004257,S003,P0048,C00195,2024-09-19,5,277.62
T1004258,S005,P0129,C00350,2024-12-02,4,196.96
T1004259,S015,P0035,C00482,2025-07-30,4,129.19
T1004260,S013,P0119,C00317,2024-06-30,2,317.7
T1004261,S009,P0105,C00394,2025-07-31,2,41.58
T1004262,S008,P0005,C00844,2024-07-22,6,337.58
T1004263,S001,P0032,C00231,2025-02-13,9,104.32
T1004264,S003,P0138,C00935,2024-11-05,1,394.81
T1004265,S006,P0154,C00367,2025-06-30,7,138.06
T1004266,S012,P0107,C00903,2024-01-16,6,361.12
T1004267,S007,P0068,C00062,2024-08-06,9,484.34
T1004268,S002,P0017,C00602,2024-11-06,9,387.61
T1004269,S004,P0082,C00137,2025-02-08,1,65.29
T1004270,S015,P0184,C00245,2024-08-06,9,395.55
T1004271,S016,P0062,C00230,2025-09-11,4,106.51
T1004272,S008,P0151,C00492,2024-12-01,3,47.16
T1004273,S016,P0008,C00798,2024-11-21,4,308.52
T1004274,S013,P0032,C00593,2024-10-10,8,156.74
T1004275,S006,P0102,C00102,2024-10-20,2,56.49
T1004276,S013,P0128,C00773,2025-09-28,8,298.97
T1004277,S011,P0141,C00401,2024-06-06,6,261.21
T1004278,S010,P0132,C00572,2024-03-11,7,104.6
T1004279,S007,P0084,C00776,2024-07-04,3,366.97
T1004280,S013,P0112,C00830,2025-04-20,2,278.58
T1004281,S020,P0040,C00003,2025-01-27,5,455.35
T1004282,S016,P0035,C00036,2025-09-15,9,427.53
T1004283,S008,P0063,C00501,2025-03-27,6,176.97
T1004284,S018,P0095,C00277,2025-09-05,8,471.8
T1004285,S004,P0014,C00155,2025-05-18,2,315.61
T1004286,S004,P0033,C00354,2024-03-02,6,139.23
T1004287,S014,P0095,C00532,2025-01-31,3,239.15
T1004288,S006,P0153,C00998,2025-08-24,1,261.76
T1004289,S001,P0150,C00390,2024-05-16,8,116.17
T1004290,S020,P0200,C00249,2024-09-16,5,377.96
T1004291,S011,P0104,C00926,2025-05-08,3,373.35
T1004292,S006,P0171,C00966,2025-03-30,2,86.86
T1004293,S018,P0140,C00546,2024-09-16,1,50.19
T1004294,S019,P0018,C00568,2025-06-27,4,471.71
T1004295,S003,P0152,C00914,2024-01-28,3,188.01
T1004296,S020,P0090,C00068,2024-08-20,9,68.14
T1004297,S020,P0092,C00893,2024-12-10,1,86.82
T1004298,S009,P0067,C00649,2024-07-28,6,264.29
T1004299,S004,P0084,C00365,2025-04-06,8,151.82
T1004300,S011,P0173,C00606,2025-07-01,7,141.96
T1004301,S010,P0153,C00970,2025-01-04,6,27.45
T1004302,S015,P0144,C00311,2024-07-02,5,358.06
T1004303,S012,P0161,C00508,2024-09-25,9,435.96
T1004304,S020,P0091,C00424,2025-02-25,7,79.14
T1004305,S014,P0120,C00506,2025-06-20,5,256.2
T1004306,S011,P0072,C00832,2024-10-18,7,438.91
T1004307,S005,P0169,C00561,2025-05-12,9,372.44
T1004308,S007,P0184,C00030,2024-03-03,9,349.73
T1004309,S019,P0158,C00905,2025-02-23,5,459.23
T1004310,S007,P0131,C00818,2025-06-13,8,395.06
T1004311,S001,P0064,C00998,2024-10-04,3,370.47
T1004312,S007,P0144,C00504,2025-08-16,3,478.62
T1004313,S017,P0124,C00300,2024-12-08,2,96.06
T1004314,S003,P0139,C00923,2025-07-15,2,98.83
T1004315,S018,P0165,C00948,2025-08-01,3,293.48
T1004316,S002,P0117,C00354,2024-03-17,2,205.84
T1004317,S002,P0119,C00190,2024-02-02,5,219.67
T1004318,S014,P0010,C00463,2024-05-23,5,442.94
T1004319,S016,P0159,C00349,2024-11-06,4,17.38
T1004320,S005,P0072,C00709,2024-08-10,7,32.93
T1004321,S017,P0139,C00310,2025-03-07,9,399.92
T1004322,S017,P0164,C00254,2024-09-29,6,318.15
T1004323,S017,P0010,C00714,2024-07-24,5,26.62
T1004324,S013,P0162,C00964,2024-08-23,3,25.08
T1004325,S004,P0156,C00864,2024-11-25,7,95.33
T1004326,S012,P0178,C00062,2024-04-20,5,331.08
T1004327,S003,P0039,C00736,2024-12-09,1,455.11
T1004328,S019,P0005,C00292,2024-09-06,4,75.72
T1004329,S015,P0155,C00265,2024-11-27,6,296.54
T1004330,S017,P0184,C00802,2025-02-23,1,192.83
T1004331,S018,P0045,C00762,2024-02-03,9,196.94
T1004332,S013,P0182,C00271,2024-09-03,6,147.34
T1004333,S015,P0052,C00239,2024-10-01,3,208.45
T1004334,S020,P0082,C00671,2025-08-18,4,141.04
T1004335,S017,P0089,C00700,2025-07-16,8,51.45
T1004336,S009,P0030,C00719,2024-01-26,4,183.37
T1004337,S009,P0183,C00396,2025-07-06,2,329.38
T1004338,S017,P0054,C00524,2025-07-05,4,207.78
T1004339,S003,P0060,C00388,2024-06-26,8,356.12
T1004340,S001,P0006,C00091,2024-12-25,1,111.11
T1004341,S002,P0019,C00766,2024-01-07,2,212.12
T1004342,S014,P0150,C00991,2024-02-14,6,353.75
T1004343,S011,P0186,C00670,2025-07-22,6,323.9
T1004344,S009,P0082,C00313,2024-05-19,8,427.96
T1004345,S011,P0171,C00625,2024-03-17,6,227.07
T1004346,S006,P0127,C00570,2025-07-18,5,372.88
T1004347,S018,P0088,C00545,2024-04-22,3,121.21
T1004348,S012,P0075,C00229,2025-04-05,6,461.05
T1004349,S017,P0167,C00448,2025-09-05,1,210.87
T1004350,S009,P0138,C00842,2024-12-30,2,389.45
T1004351,S004,P0164,C00725,2025-06-20,9,422.34
T1004352,S003,P0162,C00368,2024-08-08,5,396.42
T1004353,S015,P0081,C00736,2025-05-30,9,62.89
T1004354,S008,P0015,C00746,2024-12-08,2,387.42
T1004355,S016,P0051,C00036,2025-02-14,6,433.58
T1004356,S015,P0070,C00507,2024-07-29,4,433.8
T1004357,S018,P0053,C00244,2025-01-31,7,54.48
T1004358,S013,P0162,C00701,2024-10-21,1,18.33
T1004359,S018,P0062,C00120,2025-01-11,8,254.22
T1004360,S001,P0175,C00450,2025-08-01,1,154.08
T1004361,S007,P0129,C00517,2025-03-23,6,79.73
T1004362,S005,P0147,C00974,2025-01-20,6,192.8
T1004363,S015,P0100,C00760,2025-06-22,2,95.01
T1004364,S013,P0041,C00291,2024-04-07,1,368.4
T1004365,S007,P0161,C00823,2025-01-02,2,100.93
T1004366,S008,P0158,C00185,2024-07-09,7,116.19
T1004367,S016,P0131,C00928,2024-01-03,4,134.72
T1004368,S009,P0174,C00392,2024-01-25,4,38.18
T1004369,S005,P0071,C00479,2024-12-10,5,237.87
T1004370,S001,P0118,C00415,2025-09-26,7,64.78
T1004371,S018,P0115,C00902,2025-08-31,1,343.9
T1004372,S002,P0006,C00192,2024-06-20,5,125.15
T1004373,S014,P0018,C00656,2024-12-23,7,101.83
T1004374,S018,P0118,C00943,2024-03-04,6,288.02
T1004375,S012,P0127,C00648,2025-04-12,9,223.22
T1004376,S001,P0113,C00966,2024-08-14,1,338.46
T1004377,S008,P0120,C00457,2025-09-28,9,13.56
T1004378,S004,P0048,C00341,2024-01-27,4,199.21
T1004379,S001,P0140,C00715,2025-09-12,7,422.63
T1004380,S015,P0195,C00252,2024-08-13,4,437.0
T1004381,S005,P0170,C00918,2025-01-12,5,194.77
T1004382,S004,P0080,C00067,2025-06-07,1,222.77
T1004383,S010,P0195,C00317,2024-04-25,9,227.66
T1004384,S014,P0064,C00614,2024-09-25,4,222.51
T1004385,S014,P0022,C00949,2024-08-02,2,60.82
T1004386,S017,P0038,C00160,2024-08-26,9,26.46
T1004387,S001,P0033,C00681,2025-05-23,4,190.23
T1004388,S004,P0109,C00084,2025-05-20,3,381.16
T1004389,S018,P0126,C00252,2024-09-22,4,369.31
T1004390,S008,P0090,C00200,2024-09-02,6,189.64
T1004391,S018,P0192,C00022,2024-06-17,3,324.99
T1004392,S003,P0050,C00606,2025-01-08,6,428.32
T1004393,S005,P0076,C00588,2024-03-20,8,160.4
T1004394,S013,P0075,C00175,2025-07-26,9,98.39
T1004395,S014,P0058,C00380,2025-05-23,2,488.48
T1004396,S008,P0191,C00653,2025-03-23,7,57.04
T1004397,S001,P0056,C00740,2025-02-26,2,54.44
T1004398,S019,P0064,C00861,2025-05-04,8,255.04
T1004399,S011,P0163,C00763,2024-02-03,6,293.24
T1004400,S004,P0192,C00805,2024-02-06,1,497.3
T1004401,S017,P0195,C00707,2025-05-11,7,88.66
T1004402,S013,P0101,C00428,2025-07-09,5,249.82
T1004403,S010,P0148,C00468,2024-03-25,1,309.35
T1004404,S016,P0141,C00298,2024-06-28,6,200.65
T1004405,S001,P0063,C00555,2024-01-20,7,147.32
T1004406,S009,P0099,C00510,2024-12-24,4,72.27
T1004407,S012,P0128,C00916,2025-03-22,8,209.15
T1004408,S007,P0146,C00893,2024-02-26,8,35.01
T1004409,S013,P0176,C00869,2025-09-23,9,444.86
T1004410,S011,P0179,C00721,2025-09-15,6,401.86
T1004411,S008,P0014,C00719,2025-05-21,2,316.75
T1004412,S014,P0113,C00700,2025-06-16,7,175.25
T1004413,S005,P0061,C00196,2025-04-03,6,235.73
T1004414,S017,P0188,C00501,2024-02-15,5,464.17
T1004415,S020,P0158,C00925,2024-12-07,8,37.17
T1004416,S001,P0172,C00436,2025-05-19,1,266.24
T1004417,S002,P0047,C00407,2024-01-30,2,434.98
T1004418,S003,P0152,C00791,2025-05-09,7,102.5
T1004419,S007,P0174,C00066,2025-05-25,4,303.66
T1004420,S019,P0196,C00830,2024-05-28,1,499.04
T1004421,S001,P0026,C00927,2024-03-08,8,15.5
T1004422,S004,P0024,C00173,2024-01-24,5,239.75
T1004423,S005,P0147,C00475,2024-05-21,3,436.47
T1004424,S016,P0167,C00593,2024-11-07,6,312.69
T1004425,S013,P0146,C00776,2024-09-08,5,321.16
T1004426,S004,P0115,C00578,2025-02-21,8,66.26
T1004427,S002,P0173,C00824,2024-02-14,6,109.37
T1004428,S015,P0001,C00455,2024-04-21,3,64.32
T1004429,S020,P0020,C00278,2025-01-23,1,313.87
T1004430,S018,P0025,C00557,2025-06-14,5,285.49
T1004431,S010,P0026,C00580,2025-07-19,2,7.04
T1004432,S002,P0045,C00519,2024-07-14,2,245.4
T1004433,S020,P0030,C00753,2024-08-29,2,292.23
T1004434,S010,P0129,C00793,2024-09-04,9,201.89
T1004435,S001,P0046,C00540,2025-07-04,7,152.74
T1004436,S010,P0050,C00301,2024-12-28,3,219.3
T1004437,S020,P0020,C00380,2024-01-13,7,48.25
T1004438,S017,P0061,C00427,2024-05-07,2,216.22
T1004439,S014,P0173,C00970,2025-01-03,6,457.77
T1004440,S011,P0067,C00168,2024-02-18,7,103.32
T1004441,S009,P0158,C00979,2025-04-19,9,180.63
T1004442,S005,P0030,C00508,2024-06-12,6,485.68
T1004443,S013,P0025,C00249,2024-05-23,9,144.41
T1004444,S011,P0187,C00172,2024-11-30,3,11.79
T1004445,S018,P0083,C00175,2025-03-25,1,57.7
T1004446,S020,P0168,C00042,2025-06-21,4,233.55
T1004447,S012,P0061,C00860,2025-01-22,8,491.6
T1004448,S005,P0164,C00584,2024-08-24,4,385.26
T1004449,S011,P0004,C00417,2024-08-14,4,487.17
T1004450,S017,P0079,C00099,2024-11-26,8,409.46
T1004451,S006,P0177,C00756,2024-04-05,2,125.02
T1004452,S013,P0149,C00539,2025-08-23,7,217.08
T1004453,S020,P0017,C00877,2024-01-19,3,179.26
T1004454,S004,P0028,C00099,2025-04-15,6,492.2
T1004455,S018,P0132,C00791,2025-09-09,2,387.84
T1004456,S018,P0150,C00068,2025-07-05,8,259.66
T1004457,S013,P0186,C00055,2025-08-15,4,356.58
T1004458,S017,P0084,C00521,2024-01-28,2,425.27
T1004459,S018,P0166,C00075,2024-01-23,3,371.88
T1004460,S018,P0147,C00228,2024-11-10,9,101.06
T1004461,S019,P0142,C00776,2024-11-12,6,190.45
T1004462,S007,P0116,C00890,2024-11-25,9,36.69
T1004463,S013,P0115,C00322,2024-12-21,8,445.98
T1004464,S020,P0077,C00392,2024-04-19,5,485.27
T1004465,S005,P0162,C00572,2025-01-15,8,340.26
T1004466,S006,P0068,C00461,2025-02-14,9,209.89
T1004467,S009,P0099,C00939,2025-04-24,5,334.71
T1004468,S012,P0088,C00958,2024-09-30,6,158.74
T1004469,S011,P0104,C00989,2024-08-04,9,418.81
T1004470,S019,P0001,C00283,2025-02-10,8,399.9
T1004471,S015,P0016,C00954,2024-05-25,2,144.08
T1004472,S012,P0172,C00446,2024-03-21,8,374.22
T1004473,S003,P0052,C00874,2024-03-13,1,243.56
T1004474,S015,P0166,C00692,2025-03-06,9,15.67
T1004475,S013,P0198,C00096,2024-11-21,4,310.61
T1004476,S010,P0117,C00562,2025-03-20,7,354.65
T1004477,S012,P0097,C00083,2025-08-09,1,306.52
T1004478,S014,P0192,C00058,2025-04-03,6,173.84
T1004479,S002,P0132,C00592,2025-07-10,4,243.54
T1004480,S006,P0129,C00240,2025-06-08,3,482.53
T1004481,S020,P0065,C00004,2025-06-28,8,28.1
T1004482,S002,P0030,C00419,2024-12-01,1,124.31
T1004483,S020,P0096,C00645,2024-10-21,7,306.76
T1004484,S004,P0124,C00211,2024-08-23,8,106.22
T1004485,S011,P0003,C00455,2024-03-01,2,440.81
T1004486,S013,P0010,C00644,2024-07-10,4,189.21
T1004487,S005,P0136,C00374,2024-10-28,9,226.55
T1004488,S003,P0114,C00116,2025-09-25,2,68.15
T1004489,S008,P0010,C00917,2024-04-25,3,354.83
T1004490,S009,P0129,C00311,2025-06-15,2,269.32
T1004491,S019,P0018,C00038,2024-05-16,9,213.7
T1004492,S008,P0017,C00752,2025-06-20,8,331.99
T1004493,S013,P0184,C00259,2024-10-12,4,11.95
T1004494,S018,P0190,C00571,2024-04-18,9,277.75
T1004495,S016,P0131,C00707,2025-09-21,3,279.04
T1004496,S018,P0149,C00611,2024-03-24,6,249.18
T1004497,S007,P0063,C00498,2024-05-08,6,195.1
T1004498,S013,P0157,C00285,2024-07-07,2,469.69
T1004499,S002,P0130,C00270,2024-04-30,3,312.35
T1004500,S009,P0127,C00173,2024-11-07,9,121.58
T1004501,S005,P0087,C00966,2025-09-25,5,105.71
T1004502,S001,P0006,C00972,2024-03-15,4,44.9
T1004503,S009,P0155,C00733,2024-06-28,4,339.8
T1004504,S016,P0183,C00162,2024-01-06,8,86.19
T1004505,S017,P0011,C00437,2024-01-01,1,139.21
T1004506,S007,P0160,C00679,2025-07-01,1,33.32
T1004507,S017,P0021,C00973,2024-09-25,5,151.53
T1004508,S011,P0160,C00040,2024-02-19,2,312.62
T1004509,S015,P0051,C00634,2025-02-11,7,449.69
T1004510,S013,P0161,C00621,2024-04-08,1,249.81
T1004511,S003,P0068,C00939,2025-06-18,5,466.46
T1004512,S011,P0092,C00626,2025-03-24,7,418.71
T1004513,S004,P0070,C00926,2024-01-15,2,381.88
T1004514,S017,P0088,C00431,2024-08-13,7,449.84
T1004515,S004,P0182,C00396,2024-10-16,2,37.53
T1004516,S010,P0008,C00482,2025-04-03,1,436.58
T1004517,S018,P0141,C00979,2024-11-17,5,110.32
T1004518,S006,P0044,C00928,2024-02-17,7,348.15
T1004519,S013,P0046,C00016,2024-11-07,9,100.74
T1004520,S003,P0001,C01000,2025-07-11,7,194.15
T1004521,S015,P0038,C00370,2025-02-05,3,101.85
T1004522,S004,P0175,C00491,2024-03-31,1,448.58
T1004523,S017,P0114,C00457,2025-01-08,4,114.52
T1004524,S001,P0099,C00485,2024-08-03,9,258.07
T1004525,S018,P0018,C00471,2025-05-30,3,82.03
T1004526,S015,P0056,C00077,2025-01-09,3,326.38
T1004527,S012,P0033,C00628,2025-03-28,2,62.44
T1004528,S006,P0128,C00363,2025-05-17,7,486.71
T1004529,S011,P0181,C00696,2025-02-07,7,155.22
T1004530,S002,P0078,C00514,2024-08-25,9,459.9
T1004531,S011,P0161,C00486,2024-06-30,5,236.15
T1004532,S020,P0022,C00762,2024-12-27,2,388.64
T1004533,S013,P0153,C00411,2025-06-18,9,227.55
T1004534,S010,P0195,C00246,2024-03-02,9,209.7
T1004535,S011,P0126,C00373,2024-06-09,5,351.78
T1004536,S010,P0100,C00204,2024-10-25,7,328.98
T1004537,S009,P0121,C00283,2024-01-11,2,89.23
T1004538,S013,P0041,C00316,2024-03-05,9,69.51
T1004539,S006,P0078,C00661,2024-06-09,4,216.77
T1004540,S005,P0025,C00674,2025-08-22,3,321.29
T1004541,S016,P0148,C00930,2024-01-22,4,118.05
T1004542,S008,P0102,C00929,2025-05-31,3,5.03
T1004543,S004,P0074,C00994,2025-06-27,7,8.0
T1004544,S017,P0025,C00656,2024-03-24,1,384.81
T1004545,S018,P0183,C00354,2025-03-15,1,31.19
T1004546,S017,P0168,C00187,2024-03-05,8,275.86
T1004547,S002,P0171,C00098,2024-08-01,3,265.19
T1004548,S013,P0022,C00470,2025-04-17,4,285.99
T1004549,S018,P0012,C00313,2025-08-07,3,18.48
T1004550,S002,P0105,C00587,2025-05-24,9,30.81
T1004551,S004,P0166,C00995,2025-01-30,8,275.11
T1004552,S012,P0047,C00460,2024-07-20,5,440.15
T1004553,S012,P0042,C00047,2024-07-28,2,218.27
T1004554,S006,P0186,C00367,2024-06-19,2,26.08
T1004555,S018,P0161,C00004,2024-02-16,8,398.38
T1004556,S017,P0122,C00347,2024-05-15,7,368.39
T1004557,S003,P0165,C00644,2025-05-16,7,245.79
T1004558,S016,P0136,C00475,2025-07-21,6,193.07
T1004559,S018,P0025,C00091,2024-11-10,6,96.73
T1004560,S012,P0098,C00336,2024-06-17,9,424.08
T1004561,S009,P0143,C00150,2024-07-03,2,82.26
T1004562,S007,P0142,C00832,2024-07-22,6,135.51
T1004563,S019,P0022,C00284,2024-09-20,2,40.3
T1004564,S003,P0055,C00235,2024-10-12,9,391.86
T1004565,S003,P0087,C00018,2024-07-12,3,85.32
T1004566,S018,P0156,C00641,2024-10-15,3,222.72
T1004567,S019,P0024,C00255,2024-09-07,9,95.33
T1004568,S002,P0184,C00549,2024-09-13,9,88.31
T1004569,S007,P0045,C00204,2024-02-12,1,32.71
T1004570,S009,P0020,C00674,2025-08-11,9,76.07
T1004571,S009,P0130,C00699,2024-02-10,4,161.13
T1004572,S015,P0020,C00582,2024-11-21,1,433.62
T1004573,S016,P0164,C00390,2024-11-26,1,349.98
T1004574,S011,P0172,C00054,2024-07-05,1,114.14
T1004575,S002,P0191,C00868,2025-09-02,1,352.27
T1004576,S002,P0067,C00270,2025-05-16,6,177.96
T1004577,S016,P0149,C00713,2024-11-04,7,167.94
T1004578,S008,P0073,C00490,2024-08-29,7,113.66
T1004579,S001,P0011,C00844,2025-06-11,4,138.71
T1004580,S005,P0058,C00344,2024-12-24,7,322.43
T1004581,S017,P0050,C00934,2024-04-13,8,232.01
T1004582,S010,P0027,C00873,2024-07-15,2,299.7
T1004583,S016,P0180,C00586,2024-03-06,6,341.25
T1004584,S012,P0110,C00384,2024-04-05,2,391.98
T1004585,S007,P0056,C00133,2025-07-02,1,229.12
T1004586,S018,P0099,C00948,2024-08-21,9,139.16
T1004587,S019,P0138,C00025,2024-03-07,1,144.27
T1004588,S019,P0074,C00767,2025-09-10,8,93.37
T1004589,S005,P0032,C00386,2024-09-17,2,183.32
T1004590,S016,P0030,C00337,2025-07-11,1,142.22
T1004591,S004,P0072,C00139,2024-11-19,9,409.91
T1004592,S012,P0031,C00089,2024-11-17,1,498.73
T1004593,S013,P0122,C00299,2025-05-04,6,424.19
T1004594,S018,P0138,C00782,2024-05-27,9,141.21
T1004595,S020,P0039,C00632,2025-08-02,7,176.48
T1004596,S006,P0064,C00850,2025-06-09,5,143.41
T1004597,S002,P0003,C00536,2024-12-28,2,31.96
T1004598,S003,P0127,C00884,2024-07-31,3,194.8
T1004599,S002,P0106,C00605,2024-11-16,6,36.54
T1004600,S020,P0058,C00350,2025-09-28,5,137.77
T1004601,S014,P0180,C00006,2025-03-28,3,53.85
T1004602,S013,P0126,C00474,2025-08-26,8,455.19
T1004603,S007,P0143,C00330,2025-08-03,3,331.29
T1004604,S013,P0027,C00369,2025-02-12,1,420.88
T1004605,S015,P0052,C00917,2024-08-08,3,320.4
T1004606,S009,P0021,C00252,2025-09-03,7,292.46
T1004607,S003,P0008,C00881,2024-07-29,1,82.77
T1004608,S002,P0164,C00295,2025-01-16,7,299.78
T1004609,S014,P0135,C00377,2024-05-28,6,462.95
T1004610,S005,P0098,C00872,2024-12-17,4,14.15
T1004611,S012,P0030,C00517,2024-09-08,8,179.36
T1004612,S004,P0198,C00257,2024-09-20,2,469.81
T1004613,S018,P0166,C00121,2024-09-21,6,52.17
T1004614,S010,P0135,C00894,2024-12-12,7,114.52
T1004615,S020,P0064,C00980,2025-05-27,9,228.0
T1004616,S012,P0105,C00511,2025-02-01,7,455.77
T1004617,S005,P0088,C00602,2024-11-19,8,159.96
T1004618,S014,P0033,C00228,2025-07-22,2,306.5
T1004619,S004,P0018,C00336,2025-05-09,4,245.16
T1004620,S012,P0053,C00089,2024-12-17,6,202.09
T1004621,S001,P0166,C00183,2025-07-02,3,201.6
T1004622,S007,P0055,C00433,2024-06-05,2,234.4
T1004623,S016,P0067,C00685,2024-08-05,2,223.32
T1004624,S013,P0082,C00430,2024-01-04,7,271.69
T1004625,S011,P0077,C00521,2024-01-13,4,379.34
T1004626,S011,P0068,C00080,2025-04-08,4,47.13
T1004627,S008,P0100,C00688,2024-11-07,8,250.62
T1004628,S017,P0178,C00668,2024-12-05,9,361.4
T1004629,S005,P0005,C00320,2024-03-24,8,425.48
T1004630,S010,P0193,C00151,2024-01-29,4,200.88
T1004631,S008,P0052,C00709,2024-12-18,9,441.57
T1004632,S002,P0150,C00386,2024-12-13,1,135.57
T1004633,S010,P0149,C00093,2025-02-04,1,171.08
T1004634,S008,P0195,C00847,2024-04-25,5,351.38
T1004635,S005,P0127,C00355,2025-08-04,2,310.18
T1004636,S009,P0098,C00453,2025-04-28,2,427.52
T1004637,S017,P0184,C00590,2024-08-15,2,31.86
T1004638,S017,P0058,C00182,2024-10-18,2,348.89
T1004639,S014,P0052,C00191,2025-07-27,1,27.62
T1004640,S009,P0144,C00710,2025-08-13,5,428.61
T1004641,S003,P0005,C00327,2024-02-01,9,83.97
T1004642,S017,P0011,C00595,2025-05-01,1,334.61
T1004643,S016,P0014,C00455,2025-04-30,1,79.33
T1004644,S014,P0072,C00703,2024-12-07,9,487.25
T1004645,S003,P0039,C00074,2024-09-10,3,267.36
T1004646,S004,P0096,C00827,2025-09-10,4,386.56
T1004647,S006,P0148,C00036,2024-01-13,8,337.13
T1004648,S016,P0168,C00323,2025-09-25,7,340.2
T1004649,S006,P0091,C00272,2025-05-08,6,306.37
T1004650,S002,P0034,C00798,2024-12-06,9,62.76
T1004651,S016,P0089,C00422,2025-08-05,4,72.44
T1004652,S020,P0145,C00020,2024-05-15,7,16.93
T1004653,S013,P0130,C00732,2024-05-07,7,345.23
T1004654,S015,P0133,C00842,2025-01-31,1,385.91
T1004655,S019,P0079,C00987,2024-02-18,7,224.76
T1004656,S017,P0045,C00935,2024-04-25,2,322.16
T1004657,S012,P0160,C00001,2024-01-17,6,437.21
T1004658,S004,P0145,C00816,2024-09-12,3,124.09
T1004659,S012,P0094,C00119,2025-01-26,2,449.33
T1004660,S007,P0090,C00349,2025-04-06,6,227.33
T1004661,S006,P0047,C00606,2024-04-25,4,105.83
T1004662,S008,P0190,C00046,2024-01-04,9,50.67
T1004663,S007,P0077,C00289,2024-10-21,9,162.73
T1004664,S020,P0152,C00923,2024-11-06,3,354.38
T1004665,S007,P0139,C00617,2024-05-10,9,410.31
T1004666,S018,P0041,C00707,2025-06-25,5,322.6
T1004667,S018,P0042,C00980,2024-06-01,5,159.02
T1004668,S017,P0021,C00195,2025-02-28,8,185.81
T1004669,S005,P0098,C00124,2025-09-26,9,298.23
T1004670,S009,P0068,C00508,2025-05-15,3,20.0
T1004671,S006,P0177,C00256,2025-08-04,7,423.93
T1004672,S004,P0155,C00144,2025-06-28,6,384.72
T1004673,S015,P0006,C00958,2024-10-02,8,287.53
T1004674,S011,P0075,C00803,2025-07-31,1,491.24
T1004675,S002,P0169,C00175,2024-06-19,2,157.91
T1004676,S016,P0049,C00806,2024-05-04,1,271.99
T1004677,S020,P0050,C00895,2024-01-14,4,10.41
T1004678,S006,P0006,C00504,2024-12-17,6,311.6
T1004679,S013,P0138,C00709,2024-10-21,3,399.51
T1004680,S011,P0002,C00065,2025-08-10,6,107.37
T1004681,S001,P0165,C00334,2025-05-23,1,322.53
T1004682,S020,P0045,C00004,2025-03-23,9,441.99
T1004683,S001,P0188,C00620,2024-03-01,6,430.68
T1004684,S019,P0024,C00335,2024-10-24,6,457.88
T1004685,S001,P0115,C00430,2025-02-14,6,96.8
T1004686,S004,P0082,C00133,2024-09-08,1,43.1
T1004687,S013,P0068,C00467,2025-09-22,1,118.76
T1004688,S020,P0039,C00885,2025-01-06,5,286.41
T1004689,S012,P0153,C00340,2024-05-25,3,16.55
T1004690,S003,P0014,C00630,2024-02-25,1,99.83
T1004691,S016,P0032,C00754,2025-09-27,7,462.34
T1004692,S007,P0179,C00771,2025-05-28,7,135.99
T1004693,S006,P0121,C00414,2024-08-05,6,385.56
T1004694,S003,P0019,C00842,2025-07-07,5,439.08
T1004695,S006,P0122,C00479,2024-10-10,6,201.83
T1004696,S016,P0139,C00842,2024-03-20,8,103.39
T1004697,S020,P0184,C00830,2025-03-17,3,452.98
T1004698,S008,P0088,C00026,2024-07-19,8,131.76
T1004699,S006,P0080,C00713,2024-08-21,2,88.07
T1004700,S004,P0183,C00723,2024-11-19,1,412.27
T1004701,S005,P0090,C00820,2024-05-10,5,74.44
T1004702,S009,P0043,C00582,2024-07-13,6,42.08
T1004703,S010,P0065,C00595,2024-08-30,8,28.47
T1004704,S007,P0128,C00664,2024-06-06,1,88.3
T1004705,S015,P0142,C00205,2024-01-09,3,77.0
T1004706,S007,P0121,C00279,2024-11-18,9,185.46
T1004707,S014,P0164,C00274,2025-03-19,5,421.15
T1004708,S008,P0195,C00703,2025-08-31,7,65.48
T1004709,S013,P0112,C00416,2024-08-30,3,335.92
T1004710,S005,P0059,C00995,2025-06-24,4,130.7
T1004711,S016,P0116,C00838,2024-07-22,9,41.8
T1004712,S014,P0076,C00182,2025-07-09,6,325.16
T1004713,S019,P0044,C00355,2024-03-17,7,415.26
T1004714,S013,P0050,C00681,2024-11-02,1,259.07
T1004715,S005,P0133,C00425,2024-01-10,6,315.48
T1004716,S005,P0199,C00730,2024-04-04,5,79.19
T1004717,S007,P0185,C00004,2025-03-06,4,153.39
T1004718,S004,P0167,C00283,2024-05-31,5,240.89
T1004719,S017,P0069,C00229,2024-09-25,3,182.34
T1004720,S014,P0005,C00617,2025-02-19,2,22.86
T1004721,S009,P0141,C00318,2025-03-18,6,122.4
T1004722,S014,P0028,C00341,2025-09-25,9,158.71
T1004723,S013,P0120,C00845,2024-07-19,5,349.23
T1004724,S011,P0185,C00873,2024-08-07,4,247.26
T1004725,S013,P0111,C00121,2024-10-05,5,436.29
T1004726,S007,P0195,C00713,2024-03-30,5,374.54
T1004727,S012,P0101,C00715,2024-02-21,9,348.82
T1004728,S019,P0038,C00459,2025-06-16,5,133.28
T1004729,S011,P0073,C00878,2025-04-11,3,289.41
T1004730,S019,P0045,C00380,2024-06-09,8,256.26
T1004731,S017,P0115,C00241,2024-12-08,3,55.64
T1004732,S015,P0075,C00921,2024-08-13,7,37.08
T1004733,S007,P0123,C00083,2025-07-05,2,154.58
T1004734,S015,P0137,C00928,2025-08-15,8,340.33
T1004735,S015,P0065,C00258,2024-05-20,5,456.76
T1004736,S013,P0096,C00826,2024-10-20,2,239.88
T1004737,S001,P0021,C00149,2025-01-07,5,465.46
T1004738,S003,P0192,C00042,2024-05-09,5,168.5
T1004739,S017,P0037,C00568,2024-09-27,5,316.77
T1004740,S017,P0006,C00649,2024-04-18,8,290.14
T1004741,S004,P0171,C00024,2024-10-03,1,157.6
T1004742,S013,P0026,C00843,2024-07-15,5,403.04
T1004743,S006,P0148,C00110,2024-01-12,4,124.77
T1004744,S005,P0158,C00894,2025-01-29,3,146.5
T1004745,S012,P0024,C00562,2024-06-29,2,41.25
T1004746,S017,P0153,C00488,2025-09-26,9,87.1
T1004747,S004,P0189,C00410,2024-01-21,6,196.08
T1004748,S001,P0042,C00036,2024-07-13,1,492.42
T1004749,S002,P0196,C00498,2025-02-22,1,84.4
T1004750,S020,P0120,C00938,2025-05-07,7,179.71
T1004751,S019,P0156,C00651,2024-01-18,3,423.65
T1004752,S011,P0137,C00510,2024-02-27,6,348.95
T1004753,S010,P0115,C00987,2025-04-14,1,106.31
T1004754,S020,P0054,C00490,2025-01-21,5,361.41
T1004755,S005,P0115,C00180,2024-08-22,3,142.61
T1004756,S011,P0074,C00764,2024-04-09,8,326.14
T1004757,S012,P0001,C00216,2024-02-04,8,366.79
T1004758,S017,P0093,C00597,2024-02-06,7,144.39
T1004759,S013,P0175,C00980,2024-01-11,3,429.91
T1004760,S012,P0060,C00247,2025-09-27,8,288.66
T1004761,S016,P0156,C00215,2025-07-13,3,436.76
T1004762,S006,P0092,C00837,2025-01-25,3,355.2
T1004763,S008,P0092,C00831,2024-09-21,1,468.49
T1004764,S010,P0144,C00229,2025-02-02,5,212.19
T1004765,S005,P0153,C00370,2024-03-08,4,249.99
T1004766,S017,P0023,C00072,2025-05-03,6,370.81
T1004767,S014,P0086,C00643,2025-07-10,2,141.16
T1004768,S004,P0107,C00690,2025-02-02,5,228.35
T1004769,S017,P0103,C00766,2024-07-10,9,461.75
T1004770,S012,P0009,C00372,2024-01-29,8,237.47
T1004771,S011,P0194,C00863,2025-06-28,6,144.09
T1004772,S004,P0151,C00549,2024-12-24,6,57.15
T1004773,S012,P0044,C00760,2024-07-31,8,36.33
T1004774,S014,P0044,C00314,2024-12-29,3,293.17
T1004775,S004,P0134,C00837,2025-03-22,1,452.42
T1004776,S016,P0114,C00198,2024-06-01,8,360.92
T1004777,S005,P0102,C00501,2024-11-23,9,339.56
T1004778,S001,P0062,C00239,2024-12-15,6,210.89
T1004779,S004,P0161,C00381,2024-02-18,2,248.46
T1004780,S016,P0136,C00473,2025-01-04,4,121.28
T1004781,S014,P0020,C00762,2024-12-29,9,369.58
T1004782,S007,P0167,C00380,2024-05-10,4,293.97
T1004783,S012,P0177,C00035,2025-05-28,2,359.91
T1004784,S004,P0098,C00197,2025-09-15,8,449.76
T1004785,S005,P0007,C00221,2025-06-15,4,5.17
T1004786,S011,P0156,C00507,2024-04-15,2,351.19
T1004787,S003,P0168,C00848,2025-05-27,2,450.12
T1004788,S005,P0130,C00643,2024-12-27,8,478.14
T1004789,S007,P0190,C00169,2024-06-27,7,478.06
T1004790,S018,P0165,C00021,2024-08-14,9,400.9
T1004791,S018,P0150,C00081,2024-05-22,8,230.61
T1004792,S020,P0022,C00857,2024-05-03,7,158.17
T1004793,S015,P0190,C00673,2024-07-22,7,479.32
T1004794,S003,P0023,C00909,2024-11-22,9,383.96
T1004795,S010,P0142,C00763,2024-08-17,6,279.64
T1004796,S001,P0147,C00801,2025-07-08,5,310.81
T1004797,S016,P0030,C00375,2024-01-06,9,154.96
T1004798,S014,P0168,C00670,2025-02-20,2,333.85
T1004799,S015,P0128,C00426,2024-11-15,9,36.72
T1004800,S019,P0151,C00348,2024-08-17,7,126.16
T1004801,S010,P0118,C00541,2024-09-18,9,277.81
T1004802,S005,P0017,C00615,2024-07-24,5,339.38
T1004803,S011,P0120,C00203,2024-12-18,9,39.68
T1004804,S006,P0115,C00681,2025-04-04,9,464.63
T1004805,S006,P0123,C00242,2024-08-06,3,8.8
T1004806,S016,P0183,C00767,2024-01-04,2,465.87
T1004807,S015,P0103,C00726,2024-07-30,6,496.56
T1004808,S020,P0031,C00248,2025-06-30,9,296.37
T1004809,S012,P0048,C00358,2024-09-22,6,348.59
T1004810,S007,P0120,C00909,2024-02-23,2,51.14
T1004811,S001,P0148,C00384,2024-01-15,5,444.34
T1004812,S001,P0200,C00808,2024-02-03,5,346.04
T1004813,S017,P0062,C00873,2024-09-17,9,184.01
T1004814,S017,P0195,C00327,2024-11-02,9,273.56
T1004815,S002,P0163,C00389,2024-12-31,3,411.58
T1004816,S009,P0165,C00312,2025-08-28,2,279.24
T1004817,S007,P0192,C00025,2025-07-27,9,390.46
T1004818,S017,P0187,C00380,2025-09-23,5,335.2
T1004819,S008,P0193,C00286,2025-05-21,6,407.29
T1004820,S006,P0031,C00134,2025-07-26,4,127.46
T1004821,S005,P0139,C00256,2024-03-05,6,226.18
T1004822,S003,P0184,C00087,2025-07-31,1,37.97
T1004823,S019,P0021,C00915,2024-06-29,9,153.66
T1004824,S005,P0164,C00303,2024-12-26,8,198.77
T1004825,S001,P0103,C00528,2024-11-21,2,471.1
T1004826,S011,P0184,C00415,2024-04-21,4,75.05
T1004827,S015,P0126,C00704,2025-02-14,1,451.77
T1004828,S014,P0087,C00287,2024-06-14,4,484.52
T1004829,S010,P0086,C00871,2025-01-15,6,218.34
T1004830,S008,P0185,C00177,2024-06-28,6,236.58
T1004831,S001,P0007,C00841,2025-09-06,4,80.72
T1004832,S018,P0105,C00052,2025-07-30,3,77.98
T1004833,S001,P0124,C00353,2024-02-08,3,31.48
T1004834,S006,P0133,C00689,2024-05-15,8,410.29
T1004835,S011,P0149,C00193,2025-02-24,2,294.85
T1004836,S012,P0025,C00553,2025-08-25,7,175.94
T1004837,S011,P0016,C00294,2025-05-07,8,164.85
T1004838,S016,P0055,C00911,2024-08-07,3,431.82
T1004839,S013,P0147,C00588,2024-10-04,9,384.28
T1004840,S009,P0104,C00902,2024-08-01,1,436.26
T1004841,S001,P0124,C00501,2024-09-21,8,221.96
T1004842,S013,P0161,C00448,2024-06-01,8,269.05
T1004843,S003,P0191,C00060,2025-02-07,7,301.66
T1004844,S014,P0013,C00406,2024-07-17,1,59.57
T1004845,S015,P0060,C00606,2024-07-26,6,133.48
T1004846,S005,P0159,C00073,2025-06-13,5,439.95
T1004847,S020,P0032,C00058,2024-11-02,4,40.73
T1004848,S008,P0092,C00359,2024-02-15,1,259.59
T1004849,S018,P0151,C00163,2025-03-12,8,203.74
T1004850,S011,P0065,C00820,2024-03-05,7,395.97
T1004851,S016,P0042,C00488,2024-12-08,6,217.39
T1004852,S006,P0170,C00072,2025-04-04,7,499.92
T1004853,S013,P0004,C00615,2024-04-23,9,497.57
T1004854,S018,P0142,C00267,2024-12-07,1,194.71
T1004855,S020,P0137,C00966,2024-10-09,2,359.72
T1004856,S008,P0191,C00386,2025-06-30,1,149.97
T1004857,S012,P0131,C00113,2024-07-16,4,419.82
T1004858,S017,P0128,C00426,2024-01-23,1,275.13
T1004859,S006,P0155,C00576,2025-07-22,3,193.17
T1004860,S020,P0188,C00689,2024-04-27,7,411.96
T1004861,S014,P0032,C00994,2024-11-02,8,474.22
T1004862,S017,P0156,C00087,2024-07-08,7,60.25
T1004863,S004,P0183,C00657,2024-02-09,9,54.64
T1004864,S011,P0123,C00490,2024-01-06,4,415.63
T1004865,S017,P0014,C00871,2024-04-10,9,153.74
T1004866,S018,P0041,C00097,2025-09-20,2,382.57
T1004867,S006,P0131,C00118,2024-03-13,2,391.76
T1004868,S013,P0120,C00157,2025-06-12,3,265.97
T1004869,S018,P0092,C00199,2024-03-08,7,451.21
T1004870,S019,P0014,C00733,2024-11-08,3,96.35
T1004871,S006,P0197,C00095,2025-02-06,5,111.55
T1004872,S010,P0109,C00637,2025-06-12,8,241.91
T1004873,S020,P0079,C00328,2024-12-07,7,230.52
T1004874,S014,P0047,C00935,2025-07-17,6,146.23
T1004875,S019,P0039,C00591,2024-11-05,8,219.27
T1004876,S014,P0118,C00599,2025-03-20,6,475.93
T1004877,S006,P0106,C00356,2024-07-26,5,92.5
T1004878,S007,P0073,C00271,2024-12-10,5,477.66
T1004879,S015,P0011,C00205,2025-09-25,3,280.81
T1004880,S012,P0019,C00911,2024-09-16,7,80.04
T1004881,S011,P0049,C00281,2025-07-13,1,247.88
T1004882,S006,P0080,C00124,2024-12-03,3,439.65
T1004883,S008,P0062,C00375,2024-07-03,2,75.05
T1004884,S007,P0012,C00562,2025-06-12,2,254.12
T1004885,S014,P0180,C00604,2025-08-28,5,462.55
T1004886,S008,P0071,C00178,2024-10-22,1,190.78
T1004887,S009,P0116,C00061,2025-08-11,3,122.08
T1004888,S005,P0102,C00203,2024-10-22,1,280.67
T1004889,S002,P0071,C00358,2024-12-23,7,363.83
T1004890,S018,P0007,C00221,2024-02-02,8,385.22
T1004891,S005,P0091,C00890,2024-02-18,3,453.68
T1004892,S018,P0065,C00766,2024-04-18,3,479.13
T1004893,S016,P0040,C00927,2025-09-13,7,312.58
T1004894,S006,P0087,C00419,2024-11-18,8,71.51
T1004895,S012,P0140,C00319,2024-09-28,2,308.58
T1004896,S018,P0009,C00395,2024-09-14,9,237.23
T1004897,S008,P0031,C00734,2024-01-10,2,64.35
T1004898,S009,P0010,C00539,2024-05-11,3,354.38
T1004899,S017,P0093,C00216,2025-03-04,6,488.39
T1004900,S002,P0072,C00232,2024-03-09,1,160.89
T1004901,S020,P0144,C00520,2024-02-13,8,273.82
T1004902,S011,P0158,C00867,2025-07-19,7,176.64
T1004903,S003,P0005,C00911,2025-07-30,5,92.67
T1004904,S008,P0074,C00136,2025-07-23,2,440.78
T1004905,S004,P0084,C00557,2024-12-13,6,451.68
T1004906,S018,P0193,C00647,2024-04-26,1,162.58
T1004907,S017,P0019,C00098,2025-07-31,4,135.59
T1004908,S006,P0198,C00147,2025-06-04,2,183.35
T1004909,S009,P0075,C00742,2025-02-09,3,184.84
T1004910,S009,P0121,C00948,2025-05-16,7,355.28
T1004911,S016,P0133,C00792,2024-09-16,2,102.44
T1004912,S001,P0093,C00976,2025-04-14,5,381.72
T1004913,S001,P0047,C00554,2024-04-14,3,166.87
T1004914,S007,P0158,C00698,2024-12-09,6,439.5
T1004915,S018,P0031,C00678,2024-01-21,4,271.86
T1004916,S012,P0155,C00445,2025-05-29,5,434.28
T1004917,S004,P0085,C00928,2025-06-28,2,440.74
T1004918,S012,P0063,C00514,2025-08-20,5,19.47
T1004919,S006,P0177,C00113,2024-11-20,8,498.98
T1004920,S017,P0068,C00572,2024-04-10,1,16.94
T1004921,S011,P0168,C00257,2025-03-26,6,388.55
T1004922,S015,P0098,C00279,2024-07-23,2,204.41
T1004923,S017,P0054,C00364,2024-04-02,6,429.61
T1004924,S006,P0107,C00916,2024-03-12,1,156.74
T1004925,S016,P0162,C00593,2024-04-09,6,120.07
T1004926,S009,P0042,C00288,2024-08-27,5,109.27
T1004927,S014,P0198,C00481,2024-08-27,7,364.21
T1004928,S013,P0065,C00423,2024-04-03,5,207.0
T1004929,S010,P0009,C00372,2024-04-03,6,296.95
T1004930,S001,P0184,C00131,2024-03-20,2,359.66
T1004931,S008,P0115,C00985,2024-06-22,8,321.09
T1004932,S009,P0093,C00411,2025-04-01,2,86.14
T1004933,S012,P0093,C00287,2025-07-27,4,106.76
T1004934,S003,P0073,C00582,2024-06-17,6,455.01
T1004935,S015,P0176,C00582,2025-06-25,6,438.1
T1004936,S009,P0084,C00739,2025-06-21,2,257.82
T1004937,S017,P0196,C00395,2025-01-31,6,309.9
T1004938,S013,P0063,C00077,2024-07-05,9,340.94
T1004939,S015,P0152,C00991,2024-09-28,7,383.86
T1004940,S009,P0200,C00243,2024-07-22,6,201.16
T1004941,S005,P0136,C00309,2025-03-31,4,403.09
T1004942,S016,P0166,C00288,2024-01-31,7,380.33
T1004943,S013,P0022,C00434,2025-10-01,6,29.41
T1004944,S015,P0194,C00029,2025-09-21,5,154.57
T1004945,S017,P0189,C00645,2025-04-01,2,473.34
T1004946,S018,P0185,C00667,2024-05-29,6,8.9
T1004947,S017,P0079,C00626,2024-12-28,1,77.83
T1004948,S018,P0176,C00224,2024-02-04,1,416.01
T1004949,S005,P0040,C00798,2024-11-24,1,350.77
T1004950,S016,P0071,C00519,2024-07-31,3,306.91
T1004951,S017,P0042,C00514,2024-02-13,8,399.66
T1004952,S010,P0024,C00941,2025-04-25,9,417.58
T1004953,S017,P0199,C00842,2025-07-20,8,82.36
T1004954,S008,P0082,C00044,2025-01-06,6,348.79
T1004955,S014,P0156,C00974,2025-01-24,9,103.51
T1004956,S015,P0176,C00870,2024-10-06,1,153.31
T1004957,S012,P0131,C00898,2025-09-26,6,37.28
T1004958,S007,P0056,C00949,2025-07-19,5,346.33
T1004959,S012,P0130,C00599,2024-02-16,6,416.06
T1004960,S015,P0026,C00166,2025-01-19,3,393.0
T1004961,S001,P0038,C00158,2024-04-13,6,472.27
T1004962,S010,P0158,C00690,2024-02-21,4,35.66
T1004963,S015,P0163,C00937,2024-01-30,5,333.56
T1004964,S007,P0177,C00243,2025-09-12,2,476.84
T1004965,S015,P0173,C00817,2024-08-04,5,427.28
T1004966,S017,P0071,C00370,2025-04-20,6,297.74
T1004967,S013,P0163,C00059,2025-09-27,6,471.91
T1004968,S009,P0189,C00179,2025-01-09,5,455.49
T1004969,S016,P0136,C00474,2025-03-14,3,282.04
T1004970,S013,P0036,C00671,2025-09-01,1,178.3
T1004971,S020,P0022,C00157,2025-08-10,8,95.84
T1004972,S017,P0018,C00439,2025-03-10,3,45.15
T1004973,S012,P0119,C00852,2025-08-15,3,73.48
T1004974,S009,P0045,C00838,2024-04-17,3,378.13
T1004975,S006,P0062,C00844,2024-07-26,3,472.77
T1004976,S001,P0069,C00023,2024-06-22,4,410.86
T1004977,S018,P0053,C00923,2024-08-18,6,153.62
T1004978,S009,P0011,C00523,2024-10-15,2,177.87
T1004979,S016,P0131,C00479,2025-02-28,9,348.98
T1004980,S008,P0108,C00873,2024-03-28,8,98.38
T1004981,S013,P0130,C00732,2025-03-06,3,134.16
T1004982,S018,P0121,C00291,2025-03-25,8,455.0
T1004983,S015,P0091,C00079,2025-04-03,4,320.11
T1004984,S004,P0143,C00945,2024-05-18,5,118.13
T1004985,S002,P0151,C00106,2024-05-07,1,483.8
T1004986,S009,P0053,C00206,2024-12-11,5,439.63
T1004987,S009,P0088,C00143,2024-12-24,7,299.54
T1004988,S019,P0063,C00514,2025-07-05,9,485.68
T1004989,S013,P0035,C00563,2025-02-22,7,87.13
T1004990,S020,P0053,C00545,2024-12-19,7,418.36
T1004991,S007,P0133,C00750,2025-06-05,8,426.08
T1004992,S005,P0113,C00322,2024-02-25,2,173.63
T1004993,S002,P0185,C00714,2024-02-08,4,489.18
T1004994,S009,P0119,C00831,2024-12-23,6,440.96
T1004995,S015,P0039,C00274,2024-12-09,4,85.82
T1004996,S020,P0096,C00858,2024-10-09,4,201.86
T1004997,S006,P0132,C00106,2025-08-05,3,395.03
T1004998,S020,P0075,C00061,2024-07-06,4,412.67
T1004999,S007,P0130,C00759,2024-12-07,4,87.73
T1005000,S010,P0125,C00474,2025-04-08,6,407.0
T1005001,S017,P0042,C00875,2024-12-14,1,186.85
T1005002,S002,P0007,C00355,2025-05-29,4,194.25
T1005003,S015,P0083,C00831,2024-05-14,7,128.75
T1005004,S017,P0027,C00667,2025-04-16,7,30.57
T1005005,S009,P0170,C00275,2025-09-27,2,418.2
T1005006,S014,P0103,C00214,2024-07-15,1,78.74
T1005007,S010,P0071,C00650,2024-09-24,9,378.96
T1005008,S020,P0033,C00114,2025-02-14,1,107.67
T1005009,S014,P0077,C00903,2024-07-05,4,47.25
T1005010,S003,P0101,C00825,2024-07-18,2,68.68
T1005011,S002,P0133,C00801,2024-10-17,5,236.09
T1005012,S009,P0183,C00243,2024-01-05,1,190.96
T1005013,S009,P0131,C00444,2024-08-13,4,13.56
T1005014,S003,P0070,C00731,2025-09-29,9,362.21
T1005015,S005,P0101,C00485,2025-09-05,5,363.48
T1005016,S016,P0077,C00738,2025-07-21,5,404.69
T1005017,S013,P0175,C00828,2024-10-18,8,406.8
T1005018,S019,P0188,C00351,2024-03-21,3,440.03
T1005019,S016,P0104,C00491,2025-08-05,9,294.63
T1005020,S017,P0158,C00710,2025-01-22,9,174.01
T1005021,S003,P0159,C00012,2024-04-25,6,99.73
T1005022,S014,P0174,C00288,2024-06-30,9,63.31
T1005023,S002,P0171,C00981,2025-03-22,3,267.75
T1005024,S007,P0152,C00065,2025-02-28,9,98.64
T1005025,S014,P0146,C00285,2025-09-03,8,30.9
T1005026,S013,P0128,C00124,2025-05-12,2,375.94
T1005027,S001,P0042,C00661,2025-03-13,8,195.28
T1005028,S003,P0116,C00492,2024-03-10,4,411.84
T1005029,S005,P0197,C00792,2024-01-01,5,299.86
T1005030,S004,P0176,C00844,2025-01-06,5,346.16
T1005031,S001,P0126,C00348,2024-03-08,7,137.47
T1005032,S003,P0056,C00648,2024-03-23,1,15.66
T1005033,S012,P0046,C00867,2024-04-20,3,142.31
T1005034,S013,P0076,C00474,2025-01-27,6,348.92
T1005035,S009,P0183,C00059,2025-03-09,9,34.36
T1005036,S007,P0095,C00241,2024-10-22,3,413.26
T1005037,S017,P0130,C00094,2025-05-03,9,302.68
T1005038,S005,P0077,C00888,2024-10-15,9,147.39
T1005039,S005,P0136,C00616,2025-03-22,6,224.37
T1005040,S015,P0168,C00266,2025-03-09,2,45.42
T1005041,S002,P0107,C00378,2025-02-05,8,316.84
T1005042,S003,P0032,C00959,2024-06-06,7,277.79
T1005043,S005,P0185,C00249,2024-04-21,5,390.43
T1005044,S002,P0158,C00092,2024-02-26,5,87.92
T1005045,S004,P0085,C00264,2024-10-15,7,391.9
T1005046,S020,P0112,C00288,2025-03-16,6,44.41
T1005047,S003,P0146,C00147,2024-08-09,7,485.66
T1005048,S009,P0087,C00889,2025-04-02,6,418.67
T1005049,S001,P0162,C00880,2024-05-05,7,87.64
T1005050,S016,P0168,C00842,2025-01-08,1,374.69
T1005051,S016,P0186,C00784,2024-04-17,8,333.49
T1005052,S008,P0013,C00356,2024-06-03,3,480.7
T1005053,S018,P0166,C00516,2024-02-28,3,406.99
T1005054,S009,P0198,C00595,2024-12-24,7,211.34
T1005055,S011,P0035,C00816,2024-05-31,3,230.36
T1005056,S020,P0124,C00139,2025-07-06,7,39.18
T1005057,S005,P0031,C00163,2024-06-13,1,188.76
T1005058,S001,P0118,C00688,2025-08-21,2,388.44
T1005059,S019,P0166,C00815,2025-05-24,1,210.15
T1005060,S012,P0068,C00759,2024-10-22,2,489.05
T1005061,S008,P0046,C00457,2025-02-20,8,178.69
T1005062,S018,P0166,C00450,2025-07-22,8,58.44
T1005063,S001,P0019,C00840,2025-09-10,7,444.69
T1005064,S006,P0156,C00181,2025-02-16,9,23.84
T1005065,S001,P0099,C00704,2024-01-01,1,183.97
T1005066,S016,P0174,C00204,2025-07-22,1,163.9
T1005067,S018,P0142,C00268,2024-08-13,4,338.14
T1005068,S006,P0127,C00644,2024-04-14,5,379.3
T1005069,S019,P0059,C00456,2025-02-09,7,55.41
T1005070,S009,P0122,C00284,2024-07-23,7,347.75
T1005071,S007,P0161,C00482,2024-05-16,8,274.96
T1005072,S009,P0118,C00637,2025-07-06,9,474.5
T1005073,S004,P0024,C00187,2024-07-06,4,440.29
T1005074,S010,P0009,C00128,2024-01-22,5,212.53
T1005075,S007,P0095,C00331,2024-10-22,5,222.52
T1005076,S002,P0137,C00734,2024-02-28,1,412.07
T1005077,S016,P0190,C00689,2024-06-16,9,50.63
T1005078,S011,P0032,C00623,2025-06-25,3,469.35
T1005079,S013,P0091,C00066,2024-02-15,4,180.91
T1005080,S013,P0045,C00095,2025-02-22,3,299.25
T1005081,S006,P0113,C00715,2025-06-11,5,22.23
T1005082,S015,P0198,C00375,2025-06-02,4,443.52
T1005083,S002,P0040,C00209,2025-02-18,8,158.73
T1005084,S004,P0190,C00439,2024-11-07,8,459.38
T1005085,S003,P0084,C00495,2025-04-07,7,372.34
T1005086,S007,P0144,C00371,2024-10-07,3,78.74
T1005087,S014,P0102,C00652,2024-05-15,2,68.35
T1005088,S007,P0164,C00380,2024-09-13,9,324.19
T1005089,S018,P0008,C00529,2024-11-13,3,301.82
T1005090,S018,P0170,C00060,2024-06-26,5,42.04
T1005091,S020,P0067,C00688,2025-09-15,6,112.99
T1005092,S006,P0095,C00269,2025-01-26,7,138.14
T1005093,S014,P0080,C00009,2024-10-19,4,153.14
T1005094,S011,P0079,C00381,2024-04-03,1,174.12
T1005095,S014,P0193,C00257,2025-06-27,3,462.47
T1005096,S007,P0131,C00291,2024-03-19,1,370.08
T1005097,S017,P0022,C00284,2024-07-20,8,41.02
T1005098,S017,P0121,C00321,2025-08-10,2,373.4
T1005099,S004,P0110,C00001,2025-07-24,9,41.58
T1005100,S008,P0118,C00325,2024-07-18,3,389.09
T1005101,S004,P0077,C00915,2025-06-27,3,72.57
T1005102,S005,P0068,C00086,2025-01-05,1,377.85
T1005103,S011,P0186,C00442,2025-01-31,7,322.72
T1005104,S013,P0112,C00442,2024-07-22,5,449.45
T1005105,S001,P0038,C00303,2025-07-25,9,198.9
T1005106,S018,P0082,C00579,2024-01-06,2,131.05
T1005107,S007,P0123,C00272,2024-09-06,2,63.76
T1005108,S001,P0072,C00380,2025-04-21,3,57.32
T1005109,S018,P0142,C00041,2025-06-01,3,414.07
T1005110,S014,P0069,C00628,2025-02-09,4,391.91
T1005111,S014,P0192,C00404,2024-10-29,5,192.38
T1005112,S018,P0058,C00085,2024-10-11,9,103.92
T1005113,S018,P0090,C00041,2025-09-19,5,281.29
T1005114,S011,P0120,C00760,2024-05-31,5,31.1
T1005115,S012,P0178,C00132,2025-08-18,3,306.4
T1005116,S012,P0098,C00568,2024-01-08,3,315.89
T1005117,S008,P0017,C00869,2024-02-26,4,490.01
T1005118,S004,P0100,C00078,2025-09-20,6,236.75
T1005119,S005,P0154,C00964,2025-04-16,7,181.87
T1005120,S013,P0075,C00802,2025-01-13,6,438.35
T1005121,S020,P0098,C00367,2024-03-06,6,42.43
T1005122,S010,P0151,C00468,2024-01-28,2,135.2
T1005123,S011,P0171,C00087,2025-06-21,9,314.6
T1005124,S001,P0010,C00817,2024-07-09,8,495.7
T1005125,S014,P0010,C00736,2025-01-25,8,488.27
T1005126,S004,P0078,C00143,2025-06-20,9,266.93
T1005127,S008,P0067,C00180,2024-10-26,5,476.12
T1005128,S012,P0174,C00445,2025-03-24,1,30.88
T1005129,S012,P0064,C00399,2024-09-03,9,480.82
T1005130,S002,P0093,C00065,2024-12-22,3,361.64
T1005131,S014,P0071,C00080,2024-11-26,2,219.26
T1005132,S003,P0101,C00567,2024-01-02,9,293.03
T1005133,S018,P0012,C00340,2024-02-12,6,159.17
T1005134,S011,P0078,C00157,2025-06-05,9,68.32
T1005135,S008,P0112,C00761,2025-02-15,8,159.19
T1005136,S002,P0105,C00955,2025-08-02,2,17.5
T1005137,S002,P0036,C00963,2024-02-07,5,118.89
T1005138,S018,P0048,C00965,2025-08-14,1,132.23
T1005139,S016,P0078,C01000,2025-01-04,9,477.76
T1005140,S008,P0053,C00148,2024-12-09,7,478.53
T1005141,S003,P0123,C00284,2024-03-18,1,478.29
T1005142,S001,P0139,C00577,2025-03-30,6,474.47
T1005143,S018,P0123,C00289,2024-02-23,8,84.02
T1005144,S016,P0187,C00236,2025-05-16,9,417.92
T1005145,S011,P0073,C00563,2025-06-17,2,356.28
T1005146,S006,P0143,C00023,2024-07-10,8,366.7
T1005147,S019,P0142,C00919,2024-08-24,4,469.87
T1005148,S005,P0123,C00660,2025-05-01,7,481.24
T1005149,S019,P0143,C00666,2024-09-05,1,116.04
T1005150,S014,P0114,C00606,2024-10-21,7,344.32
T1005151,S012,P0163,C00816,2025-05-31,9,257.07
T1005152,S010,P0041,C00971,2024-10-06,1,170.29
T1005153,S019,P0095,C00430,2025-03-26,6,334.23
T1005154,S003,P0099,C00579,2025-07-29,5,96.09
T1005155,S008,P0189,C00526,2025-06-21,1,313.08
T1005156,S014,P0115,C00869,2024-03-29,9,407.2
T1005157,S010,P0190,C00001,2025-07-19,2,379.58
T1005158,S006,P0016,C00194,2025-06-23,1,137.28
T1005159,S005,P0170,C00343,2025-09-17,3,465.22
T1005160,S011,P0079,C00046,2024-06-09,3,409.09
T1005161,S015,P0018,C00077,2024-09-23,7,83.86
T1005162,S004,P0110,C00406,2025-01-23,4,150.81
T1005163,S016,P0119,C00432,2024-08-14,2,163.21
T1005164,S007,P0167,C00361,2025-07-10,8,59.04
T1005165,S011,P0154,C00935,2025-07-07,2,446.46
T1005166,S003,P0077,C00531,2024-09-23,9,473.03
T1005167,S009,P0001,C00068,2024-12-21,9,83.38
T1005168,S017,P0157,C00575,2025-10-01,6,184.37
T1005169,S011,P0073,C00941,2024-07-09,8,421.59
T1005170,S001,P0029,C00098,2024-09-01,9,351.49
T1005171,S001,P0082,C00004,2024-02-15,7,493.91
T1005172,S020,P0038,C00301,2024-10-04,5,453.66
T1005173,S009,P0141,C00097,2025-05-16,8,427.24
T1005174,S001,P0150,C00219,2025-06-10,4,31.01
T1005175,S012,P0174,C00390,2025-03-05,7,370.16
T1005176,S019,P0109,C00144,2025-05-11,6,390.86
T1005177,S005,P0111,C00562,2024-09-09,9,180.98
T1005178,S002,P0042,C00638,2025-03-24,4,40.54
T1005179,S019,P0146,C00912,2024-05-18,6,137.25
T1005180,S012,P0180,C00353,2024-11-01,9,72.54
T1005181,S006,P0176,C00062,2025-02-08,4,71.68
T1005182,S018,P0003,C00005,2025-01-10,3,146.6
T1005183,S014,P0152,C00268,2024-12-29,9,235.69
T1005184,S002,P0193,C00502,2024-05-11,8,133.68
T1005185,S010,P0138,C00121,2024-05-22,8,304.46
T1005186,S008,P0144,C00090,2024-06-07,9,159.26
T1005187,S019,P0175,C00423,2024-12-24,9,161.27
T1005188,S016,P0047,C00893,2024-01-07,6,25.09
T1005189,S002,P0142,C00593,2024-05-08,4,152.98
T1005190,S016,P0139,C00195,2024-01-24,9,125.27
T1005191,S010,P0187,C00313,2024-01-14,9,478.96
T1005192,S019,P0156,C00469,2025-01-03,6,427.25
T1005193,S018,P0052,C00129,2025-02-17,7,26.81
T1005194,S015,P0063,C00482,2024-12-30,3,308.67
T1005195,S001,P0076,C00529,2024-09-11,1,310.5
T1005196,S018,P0171,C00159,2025-09-04,3,100.83
T1005197,S004,P0018,C00256,2024-04-30,8,242.99
T1005198,S004,P0009,C00634,2024-04-29,1,418.76
T1005199,S007,P0041,C00266,2024-12-04,9,395.55
T1005200,S003,P0086,C00772,2024-09-18,4,51.27
T1005201,S020,P0104,C00339,2024-09-14,6,309.69
T1005202,S010,P0095,C00659,2024-07-27,9,276.88
T1005203,S018,P0077,C00513,2025-04-24,9,208.61
T1005204,S012,P0048,C01000,2024-06-19,6,183.71
T1005205,S011,P0149,C00778,2025-09-12,5,485.83
T1005206,S017,P0096,C00695,2025-07-05,9,131.31
T1005207,S011,P0079,C00684,2024-06-03,1,217.34
T1005208,S018,P0119,C00164,2024-08-01,4,221.79
T1005209,S002,P0087,C00995,2024-06-12,3,372.61
T1005210,S009,P0136,C00122,2025-02-15,4,328.84
T1005211,S011,P0188,C00933,2025-06-24,4,275.67
T1005212,S009,P0179,C00748,2024-01-07,8,343.86
T1005213,S004,P0126,C00259,2025-03-26,4,157.18
T1005214,S007,P0180,C00407,2024-06-14,1,211.13
T1005215,S013,P0114,C00416,2024-11-02,6,497.41
T1005216,S015,P0113,C00593,2024-06-14,4,259.78
T1005217,S007,P0055,C00194,2024-10-27,8,341.16
T1005218,S017,P0055,C00858,2025-06-10,3,389.19
T1005219,S015,P0184,C00059,2025-07-29,9,392.22
T1005220,S008,P0076,C00042,2024-04-09,4,384.39
T1005221,S007,P0176,C00538,2025-04-22,4,389.18
T1005222,S002,P0054,C00944,2025-07-02,1,219.26
T1005223,S004,P0112,C00828,2024-06-05,2,350.29
T1005224,S012,P0043,C00628,2025-04-15,5,303.46
T1005225,S012,P0096,C00992,2024-07-27,3,482.36
T1005226,S019,P0156,C00912,2025-02-03,6,13.99
T1005227,S004,P0084,C00632,2024-03-05,5,349.85
T1005228,S008,P0200,C00896,2025-02-17,8,474.43
T1005229,S003,P0019,C00778,2025-09-16,4,276.36
T1005230,S015,P0015,C00449,2025-01-11,3,403.92
T1005231,S009,P0006,C00839,2024-06-02,1,332.47
T1005232,S001,P0029,C00289,2024-07-07,2,355.52
T1005233,S006,P0061,C00279,2024-07-22,2,76.06
T1005234,S002,P0069,C00011,2024-08-29,3,302.97
T1005235,S017,P0120,C00628,2024-12-18,2,40.53
T1005236,S013,P0034,C00460,2025-07-02,1,249.64
T1005237,S006,P0074,C00134,2024-03-27,6,120.16
T1005238,S013,P0099,C00479,2025-08-17,2,202.13
T1005239,S017,P0061,C00380,2025-02-24,4,327.34
T1005240,S007,P0043,C00824,2024-05-14,9,183.27
T1005241,S004,P0157,C00223,2025-05-06,1,127.29
T1005242,S011,P0023,C00847,2024-09-14,9,350.24
T1005243,S012,P0099,C00384,2024-06-29,1,104.07
T1005244,S004,P0129,C00354,2024-11-08,9,160.99
T1005245,S001,P0103,C00076,2025-06-06,7,234.13
T1005246,S001,P0184,C00769,2024-05-20,1,416.03
T1005247,S014,P0155,C00049,2024-02-06,3,156.72
T1005248,S012,P0007,C00017,2024-03-21,9,213.67
T1005249,S016,P0060,C00579,2024-04-22,2,408.56
T1005250,S001,P0112,C00895,2025-03-28,6,172.93
T1005251,S006,P0012,C00128,2024-10-25,2,297.85
T1005252,S012,P0087,C00232,2024-06-28,3,218.2
T1005253,S016,P0071,C00509,2024-06-10,6,159.49
T1005254,S006,P0072,C00196,2025-09-19,5,444.77
T1005255,S005,P0174,C00746,2025-08-18,8,396.54
T1005256,S007,P0024,C00362,2024-02-10,1,255.69
T1005257,S011,P0036,C00910,2024-03-23,1,413.52
T1005258,S012,P0186,C00833,2025-09-27,1,367.04
T1005259,S014,P0027,C00945,2025-04-13,5,214.21
T1005260,S006,P0050,C00705,2024-03-02,9,385.51
T1005261,S003,P0089,C00179,2025-07-15,9,442.98
T1005262,S012,P0027,C00333,2025-06-01,6,94.06
T1005263,S020,P0093,C00656,2025-08-12,7,208.17
T1005264,S002,P0010,C00713,2024-05-29,3,372.97
T1005265,S004,P0060,C00674,2025-06-14,6,211.33
T1005266,S006,P0072,C00602,2025-01-17,3,210.38
T1005267,S012,P0008,C00344,2024-10-03,4,78.92
T1005268,S012,P0200,C00138,2025-09-07,9,87.89
T1005269,S014,P0139,C00846,2024-07-16,6,247.57
T1005270,S003,P0127,C00808,2024-03-07,5,234.43
T1005271,S006,P0138,C00262,2024-10-03,5,378.97
T1005272,S006,P0041,C00483,2024-10-19,6,373.27
T1005273,S012,P0148,C00169,2025-01-10,1,495.82
T1005274,S001,P0049,C00478,2024-12-14,6,211.52
T1005275,S004,P0057,C00101,2024-03-03,4,438.27
T1005276,S014,P0197,C00146,2024-12-24,7,427.11
T1005277,S008,P0182,C00744,2025-07-19,2,21.62
T1005278,S005,P0076,C00581,2024-11-24,5,165.29
T1005279,S019,P0166,C00529,2025-03-03,7,314.78
T1005280,S009,P0059,C00367,2024-08-22,2,336.91
T1005281,S004,P0175,C00295,2024-06-17,8,286.57
T1005282,S005,P0077,C00478,2025-03-20,3,117.95
T1005283,S015,P0021,C00809,2024-02-09,8,466.69
T1005284,S011,P0078,C00192,2025-01-17,7,172.82
T1005285,S010,P0035,C00397,2024-12-19,9,204.44
T1005286,S018,P0025,C00295,2025-06-15,6,221.5
T1005287,S006,P0107,C00753,2024-12-26,5,234.58
T1005288,S003,P0193,C00952,2024-01-18,7,76.13
T1005289,S004,P0028,C00695,2025-03-13,2,72.96
T1005290,S014,P0115,C00237,2025-04-16,8,238.23
T1005291,S020,P0020,C00147,2024-05-26,5,120.22
T1005292,S010,P0157,C00409,2024-08-06,2,195.43
T1005293,S008,P0152,C00497,2024-05-25,6,60.23
T1005294,S009,P0162,C00736,2024-01-20,6,22.23
T1005295,S001,P0071,C00528,2024-02-24,1,140.73
T1005296,S008,P0112,C00906,2024-03-14,8,398.61
T1005297,S014,P0063,C00247,2024-11-17,5,98.66
T1005298,S010,P0141,C00517,2025-09-04,8,155.25
T1005299,S010,P0182,C00790,2024-03-08,3,97.73
T1005300,S004,P0043,C00914,2024-08-05,2,231.12
T1005301,S003,P0149,C00843,2025-04-13,7,27.41
T1005302,S006,P0156,C00617,2025-08-02,9,335.2
T1005303,S010,P0054,C00637,2025-07-05,8,228.5
T1005304,S019,P0092,C00952,2025-07-16,1,166.28
T1005305,S009,P0170,C00937,2024-09-28,5,180.83
T1005306,S018,P0036,C00768,2025-08-14,9,185.27
T1005307,S001,P0091,C00651,2025-01-14,4,349.54
T1005308,S014,P0140,C00435,2024-12-09,9,456.94
T1005309,S011,P0110,C00799,2024-03-29,5,311.64
T1005310,S005,P0029,C00635,2024-09-05,8,407.52
T1005311,S015,P0016,C00274,2024-05-22,4,117.82
T1005312,S015,P0004,C00048,2025-04-14,6,474.96
T1005313,S009,P0059,C00933,2024-04-08,9,201.44
T1005314,S018,P0186,C00295,2025-09-27,4,291.89
T1005315,S012,P0093,C00607,2024-04-05,5,435.33
T1005316,S020,P0173,C00890,2024-05-07,7,148.83
T1005317,S007,P0147,C00757,2024-11-11,5,375.09
T1005318,S016,P0190,C00626,2025-09-18,4,393.59
T1005319,S002,P0150,C00727,2025-08-10,1,192.66
T1005320,S009,P0127,C00339,2025-09-10,7,307.23
T1005321,S005,P0097,C00260,2025-04-07,1,187.56
T1005322,S009,P0174,C00895,2024-12-11,4,9.75
T1005323,S004,P0110,C00481,2024-07-02,2,188.49
T1005324,S006,P0058,C00892,2025-02-02,9,196.63
T1005325,S019,P0009,C00625,2024-08-06,9,201.66
T1005326,S007,P0153,C00360,2025-08-15,5,171.4
T1005327,S006,P0178,C00497,2024-08-04,1,417.8
T1005328,S010,P0133,C00048,2024-08-26,5,123.81
T1005329,S008,P0194,C00126,2024-01-24,8,44.33
T1005330,S020,P0027,C00935,2025-02-09,3,325.69
T1005331,S013,P0138,C00895,2024-08-28,7,219.41
T1005332,S005,P0076,C00965,2024-04-22,2,19.92
T1005333,S017,P0159,C00163,2024-02-10,1,225.84
T1005334,S001,P0174,C00206,2024-10-21,3,30.9
T1005335,S011,P0036,C00728,2025-02-11,5,336.3
T1005336,S001,P0183,C00679,2025-05-24,2,153.12
T1005337,S005,P0140,C00051,2025-06-02,1,263.38
T1005338,S011,P0177,C00133,2024-06-22,8,65.94
T1005339,S011,P0159,C00310,2025-03-23,7,67.08
T1005340,S016,P0182,C00359,2024-03-28,8,7.13
T1005341,S001,P0183,C00112,2024-09-29,9,151.54
T1005342,S007,P0194,C00025,2025-05-25,7,299.47
T1005343,S018,P0097,C00417,2025-06-10,1,131.97
T1005344,S006,P0180,C00340,2025-01-05,7,231.16
T1005345,S005,P0097,C00223,2024-10-26,4,407.4
T1005346,S019,P0178,C00991,2024-01-24,9,498.33
T1005347,S005,P0057,C00962,2025-02-15,1,359.62
T1005348,S020,P0188,C00632,2024-02-18,3,17.32
T1005349,S003,P0050,C00023,2025-07-25,6,218.41
T1005350,S007,P0040,C00267,2024-08-29,5,67.94
T1005351,S013,P0079,C00730,2024-03-30,1,314.84
T1005352,S019,P0100,C00038,2025-02-03,2,441.73
T1005353,S007,P0006,C00626,2024-01-01,1,358.28
T1005354,S004,P0183,C00033,2025-08-15,5,321.39
T1005355,S007,P0151,C00172,2024-05-04,6,459.27
T1005356,S004,P0168,C00459,2025-04-04,2,398.29
T1005357,S009,P0054,C00541,2025-05-30,9,188.57
T1005358,S011,P0116,C00299,2024-01-21,5,425.71
T1005359,S013,P0130,C00218,2025-05-08,8,289.28
T1005360,S020,P0138,C00285,2025-05-13,5,182.25
T1005361,S012,P0017,C00473,2025-05-11,5,70.26
T1005362,S002,P0057,C00917,2024-05-21,3,173.63
T1005363,S012,P0035,C00077,2024-07-04,3,411.25
T1005364,S003,P0137,C00638,2024-03-19,9,263.13
T1005365,S015,P0046,C00525,2024-10-30,6,413.28
T1005366,S012,P0060,C00729,2025-06-22,7,140.7
T1005367,S020,P0092,C00465,2025-09-18,5,441.6
T1005368,S004,P0104,C00802,2024-09-28,7,310.49
T1005369,S012,P0016,C00357,2024-07-15,6,371.94
T1005370,S007,P0176,C00567,2024-10-03,6,11.92
T1005371,S011,P0155,C00346,2024-12-07,2,338.38
T1005372,S013,P0045,C00503,2025-01-13,8,280.36
T1005373,S006,P0193,C00396,2025-05-03,6,487.95
T1005374,S008,P0003,C00557,2024-01-11,3,67.7
T1005375,S002,P0125,C00948,2024-01-22,3,431.47
T1005376,S001,P0184,C00443,2025-09-17,3,188.19
T1005377,S008,P0029,C00668,2024-02-07,1,88.02
T1005378,S005,P0027,C00524,2025-07-19,2,259.22
T1005379,S007,P0177,C00066,2024-02-01,4,221.51
T1005380,S012,P0154,C00599,2024-07-06,8,182.11
T1005381,S003,P0145,C00482,2024-10-17,4,204.18
T1005382,S001,P0025,C00298,2024-04-15,1,461.05
T1005383,S014,P0141,C00039,2025-08-11,2,123.38
T1005384,S004,P0048,C00212,2024-09-18,3,296.23
T1005385,S017,P0125,C00926,2025-05-11,1,109.29
T1005386,S014,P0103,C00470,2024-06-13,7,22.81
T1005387,S020,P0019,C00858,2024-03-31,2,114.41
T1005388,S002,P0066,C00269,2025-01-01,4,291.28
T1005389,S003,P0163,C00103,2025-01-13,2,264.65
T1005390,S014,P0041,C00051,2025-01-09,4,339.85
T1005391,S002,P0033,C00709,2024-10-21,7,74.35
T1005392,S011,P0004,C00573,2024-03-13,9,143.21
T1005393,S006,P0154,C00389,2024-07-09,6,218.94
T1005394,S007,P0088,C00977,2024-09-11,4,45.83
T1005395,S019,P0088,C00226,2025-02-06,9,445.32
T1005396,S002,P0016,C00058,2024-07-18,4,464.79
T1005397,S013,P0136,C00138,2024-12-16,5,466.41
T1005398,S008,P0116,C00146,2025-01-02,2,335.26
T1005399,S010,P0197,C00399,2024-04-26,6,146.06
T1005400,S006,P0003,C00403,2025-01-27,8,59.98
T1005401,S015,P0046,C00229,2024-08-25,8,328.8
T1005402,S011,P0056,C00258,2024-05-22,2,410.22
T1005403,S019,P0086,C00911,2024-02-17,6,355.61
T1005404,S011,P0012,C00108,2024-07-22,1,326.27
T1005405,S008,P0062,C00959,2024-02-20,7,47.34
T1005406,S018,P0116,C00617,2025-07-06,5,417.22
T1005407,S008,P0021,C00282,2025-02-02,6,140.78
T1005408,S016,P0178,C00203,2024-11-05,7,333.58
T1005409,S005,P0141,C00461,2025-05-12,6,470.41
T1005410,S012,P0146,C00994,2024-06-05,3,56.3
T1005411,S007,P0166,C00390,2025-08-14,9,280.54
T1005412,S020,P0021,C00102,2025-02-01,2,205.79
T1005413,S003,P0196,C00523,2025-05-19,6,414.91
T1005414,S003,P0086,C00776,2025-06-05,3,326.53
T1005415,S020,P0030,C00995,2024-09-15,5,480.6
T1005416,S004,P0173,C00772,2025-04-29,8,228.65
T1005417,S003,P0077,C00271,2024-12-07,7,401.62
T1005418,S004,P0059,C00805,2024-07-28,6,200.45
T1005419,S007,P0084,C00857,2024-02-10,4,38.35
T1005420,S019,P0192,C00069,2024-03-18,1,434.55
T1005421,S012,P0097,C00095,2024-07-22,6,439.68
T1005422,S004,P0091,C00450,2024-05-31,1,481.44
T1005423,S009,P0026,C00463,2025-03-06,9,52.19
T1005424,S013,P0066,C00020,2025-08-18,3,272.76
T1005425,S020,P0186,C00508,2025-03-20,7,406.88
T1005426,S016,P0185,C00075,2025-05-31,7,188.9
T1005427,S010,P0003,C00454,2024-09-16,6,366.4
T1005428,S006,P0065,C00745,2024-09-16,5,425.94
T1005429,S001,P0060,C00315,2024-04-23,4,25.88
T1005430,S002,P0171,C00003,2025-05-14,7,252.52
T1005431,S020,P0082,C00932,2024-09-25,8,165.68
T1005432,S019,P0019,C00999,2024-09-13,6,73.51
T1005433,S001,P0058,C00362,2025-01-27,4,169.27
T1005434,S005,P0033,C00094,2025-06-21,7,81.1
T1005435,S007,P0133,C00557,2025-04-01,4,247.42
T1005436,S004,P0015,C00694,2024-11-19,8,455.71
T1005437,S010,P0120,C00710,2024-05-25,1,192.0
T1005438,S016,P0143,C00655,2025-04-03,8,286.65
T1005439,S011,P0030,C00519,2025-06-05,4,200.01
T1005440,S017,P0175,C00379,2024-10-26,4,358.63
T1005441,S006,P0075,C00308,2025-08-20,6,16.8
T1005442,S006,P0009,C00865,2025-02-18,6,272.11
T1005443,S012,P0008,C00781,2025-09-10,9,414.38
T1005444,S011,P0118,C00932,2024-04-04,9,269.71
T1005445,S012,P0130,C00949,2024-06-15,1,392.97
T1005446,S003,P0134,C00313,2024-06-22,4,479.91
T1005447,S001,P0037,C00182,2024-10-22,4,214.21
T1005448,S018,P0186,C00457,2024-11-12,2,172.21
T1005449,S007,P0065,C00708,2025-03-19,2,133.43
T1005450,S020,P0092,C00991,2024-03-03,3,128.65
T1005451,S006,P0032,C00094,2025-08-13,7,225.08
T1005452,S013,P0199,C00751,2025-04-12,1,414.59
T1005453,S012,P0086,C00383,2024-03-12,1,367.37
T1005454,S005,P0006,C00941,2024-03-15,7,132.69
T1005455,S017,P0134,C00132,2025-06-04,6,228.04
T1005456,S003,P0192,C00282,2025-03-14,5,161.64
T1005457,S008,P0027,C00953,2025-02-13,5,360.45
T1005458,S009,P0054,C00481,2025-03-26,8,74.63
T1005459,S009,P0062,C00453,2025-09-15,7,41.03
T1005460,S010,P0162,C00005,2025-05-10,5,41.11
T1005461,S002,P0061,C00159,2024-03-27,1,36.29
T1005462,S019,P0097,C00365,2025-01-01,1,266.87
T1005463,S011,P0012,C00553,2025-08-24,1,116.19
T1005464,S012,P0169,C00145,2025-07-08,7,413.96
T1005465,S010,P0172,C00552,2025-03-28,7,55.55
T1005466,S016,P0093,C00992,2024-12-06,5,254.58
T1005467,S014,P0152,C00700,2025-04-10,9,369.65
T1005468,S019,P0021,C00832,2025-04-03,6,307.58
T1005469,S004,P0082,C00813,2024-12-24,9,100.13
T1005470,S006,P0020,C00818,2025-01-14,1,337.1
T1005471,S017,P0068,C00717,2024-07-16,2,23.76
T1005472,S018,P0185,C00013,2024-10-11,3,205.12
T1005473,S013,P0068,C00380,2025-04-26,6,458.72
T1005474,S012,P0027,C00857,2024-12-05,2,499.6
T1005475,S006,P0007,C00561,2025-07-25,2,453.83
T1005476,S013,P0058,C00529,2024-04-19,9,198.19
T1005477,S013,P0190,C00705,2024-06-25,5,433.04
T1005478,S020,P0112,C00776,2024-03-16,2,208.75
T1005479,S019,P0127,C00184,2025-02-06,5,474.3
T1005480,S014,P0091,C00516,2024-04-11,5,451.88
T1005481,S009,P0089,C00340,2025-01-21,7,181.31
T1005482,S019,P0158,C00531,2024-02-13,2,33.11
T1005483,S013,P0036,C00073,2024-11-15,9,81.49
T1005484,S020,P0007,C00257,2024-03-03,2,220.85
T1005485,S004,P0163,C00102,2025-07-27,7,262.22
T1005486,S018,P0175,C00341,2025-06-03,6,73.42
T1005487,S004,P0032,C00644,2025-01-05,3,315.59
T1005488,S002,P0106,C00292,2024-02-28,1,290.28
T1005489,S016,P0018,C00388,2024-08-08,1,222.5
T1005490,S005,P0004,C00582,2024-06-24,4,399.15
T1005491,S011,P0048,C00707,2025-06-10,1,179.14
T1005492,S016,P0001,C00909,2025-06-06,6,483.53
T1005493,S020,P0180,C00028,2024-07-31,5,93.8
T1005494,S011,P0168,C00312,2024-02-02,4,180.39
T1005495,S019,P0017,C00471,2025-06-16,5,186.81
T1005496,S012,P0096,C00609,2025-06-24,9,215.39
T1005497,S011,P0142,C00274,2024-09-04,7,126.54
T1005498,S007,P0189,C00419,2025-05-30,8,473.14
T1005499,S014,P0079,C00161,2024-10-10,6,125.45
T1005500,S019,P0031,C00555,2024-04-29,2,392.04
T1005501,S010,P0149,C00277,2025-01-20,7,341.88
T1005502,S002,P0169,C00329,2025-09-08,8,67.5
T1005503,S019,P0077,C00681,2024-10-08,2,62.74
T1005504,S017,P0057,C00418,2024-01-29,4,385.61
T1005505,S011,P0126,C00345,2024-09-29,7,321.29
T1005506,S008,P0096,C00590,2024-09-28,3,480.44
T1005507,S009,P0053,C00021,2024-11-10,2,224.13
T1005508,S011,P0192,C00847,2024-07-01,5,353.56
T1005509,S005,P0174,C00499,2024-09-01,6,379.5
T1005510,S019,P0130,C00290,2024-06-20,1,349.91
T1005511,S003,P0089,C00280,2024-11-07,5,413.59
T1005512,S018,P0103,C00674,2024-07-21,2,199.46
T1005513,S005,P0196,C00809,2024-10-05,6,406.93
T1005514,S011,P0152,C00619,2024-01-23,5,284.04
T1005515,S002,P0135,C00985,2024-01-10,8,99.94
T1005516,S014,P0132,C00284,2024-06-04,3,347.84
T1005517,S010,P0031,C00238,2025-09-05,2,209.58
T1005518,S006,P0164,C00841,2025-04-02,3,275.16
T1005519,S010,P0141,C00897,2024-05-13,4,207.3
T1005520,S017,P0023,C00737,2024-01-17,7,60.98
T1005521,S005,P0042,C00852,2024-09-16,1,130.25
T1005522,S017,P0026,C00218,2025-06-02,1,360.94
T1005523,S015,P0016,C00119,2024-07-30,2,420.5
T1005524,S011,P0144,C00570,2025-05-24,4,247.72
T1005525,S002,P0113,C00245,2025-03-05,8,361.88
T1005526,S013,P0085,C00331,2024-10-07,7,295.74
T1005527,S020,P0034,C00594,2025-03-31,3,160.01
T1005528,S005,P0140,C00820,2024-01-29,5,184.59
T1005529,S015,P0070,C00787,2025-06-16,2,305.26
T1005530,S014,P0052,C00973,2024-06-08,1,381.0
T1005531,S014,P0062,C00326,2025-06-10,6,267.57
T1005532,S018,P0158,C00887,2025-07-05,8,229.76
T1005533,S018,P0184,C00996,2024-08-11,2,86.52
T1005534,S014,P0161,C00767,2025-08-03,7,277.74
T1005535,S020,P0017,C00787,2024-09-19,4,38.18
T1005536,S004,P0086,C00680,2024-04-25,2,389.39
T1005537,S003,P0089,C00891,2025-07-28,5,461.85
T1005538,S020,P0169,C00997,2025-07-12,2,490.31
T1005539,S011,P0039,C00248,2024-10-20,4,491.24
T1005540,S015,P0154,C00123,2025-09-08,4,443.21
T1005541,S019,P0137,C00099,2024-01-16,4,164.19
T1005542,S010,P0032,C00178,2025-03-08,9,468.99
T1005543,S008,P0085,C00539,2025-08-23,6,248.43
T1005544,S008,P0006,C00890,2024-11-08,1,203.43
T1005545,S016,P0181,C00071,2024-02-01,3,418.47
T1005546,S020,P0107,C00115,2024-07-18,4,420.5
T1005547,S016,P0197,C00710,2024-09-18,3,299.23
T1005548,S018,P0014,C00795,2025-04-11,8,440.13
T1005549,S019,P0141,C00548,2024-07-31,2,211.32
T1005550,S011,P0157,C00465,2025-07-27,9,424.54
T1005551,S017,P0078,C00887,2025-05-23,6,170.41
T1005552,S016,P0119,C00473,2024-03-15,7,428.01
T1005553,S010,P0046,C00676,2024-01-19,6,131.6
T1005554,S018,P0142,C00666,2025-04-09,1,358.96
T1005555,S020,P0083,C00925,2024-07-21,7,90.4
T1005556,S006,P0020,C00661,2024-05-21,6,488.58
T1005557,S009,P0029,C00346,2024-02-24,7,10.11
T1005558,S006,P0138,C00833,2025-10-01,6,396.12
T1005559,S013,P0115,C00981,2024-01-12,3,203.43
T1005560,S003,P0021,C00305,2025-05-17,9,284.84
T1005561,S005,P0001,C00665,2024-03-12,8,14.24
T1005562,S003,P0129,C00478,2024-08-23,7,281.71
T1005563,S017,P0094,C00225,2024-12-27,8,358.82
T1005564,S009,P0015,C00230,2025-07-31,4,200.16
T1005565,S019,P0139,C00805,2025-04-02,6,254.61
T1005566,S010,P0177,C00280,2024-04-28,5,160.6
T1005567,S004,P0089,C00624,2025-04-14,1,405.1
T1005568,S007,P0155,C00699,2025-07-09,3,416.63
T1005569,S010,P0124,C00094,2025-06-26,4,40.25
T1005570,S017,P0179,C00079,2025-09-28,2,486.03
T1005571,S020,P0187,C00780,2024-02-04,4,437.91
T1005572,S002,P0110,C00323,2025-08-26,4,69.85
T1005573,S016,P0151,C00293,2024-06-04,6,396.57
T1005574,S003,P0025,C00814,2024-10-24,4,366.06
T1005575,S006,P0025,C00918,2025-01-03,1,175.4
T1005576,S010,P0088,C00694,2025-06-16,9,64.54
T1005577,S008,P0183,C00274,2024-06-10,6,78.93
T1005578,S005,P0035,C00493,2024-03-18,6,213.08
T1005579,S005,P0010,C00397,2025-08-13,4,499.31
T1005580,S015,P0138,C00641,2025-09-07,1,178.31
T1005581,S016,P0120,C00635,2024-12-30,3,16.08
T1005582,S013,P0060,C00128,2024-07-31,6,275.33
T1005583,S008,P0116,C00933,2025-08-24,9,368.12
T1005584,S014,P0078,C00244,2024-12-10,2,33.25
T1005585,S020,P0086,C00322,2024-05-26,8,314.65
T1005586,S001,P0169,C00343,2024-09-04,7,423.2
T1005587,S009,P0119,C00255,2025-06-19,1,356.47
T1005588,S018,P0104,C00297,2025-05-22,2,76.21
T1005589,S001,P0075,C00821,2025-07-28,5,101.62
T1005590,S005,P0167,C00740,2025-06-28,7,415.45
T1005591,S009,P0081,C00158,2024-12-16,3,171.35
T1005592,S017,P0059,C00260,2024-07-23,4,36.23
T1005593,S005,P0041,C00390,2024-08-27,2,36.78
T1005594,S017,P0069,C00436,2024-05-18,4,252.38
T1005595,S009,P0091,C00554,2025-03-09,9,105.07
T1005596,S018,P0145,C00407,2024-04-16,5,497.55
T1005597,S007,P0167,C00480,2025-01-20,6,249.36
T1005598,S020,P0031,C00767,2024-12-17,1,417.19
T1005599,S009,P0132,C00517,2024-01-25,3,191.09
T1005600,S010,P0087,C00854,2025-02-10,8,26.07
T1005601,S017,P0170,C00436,2024-05-07,4,460.97
T1005602,S011,P0102,C00593,2024-09-14,5,362.12
T1005603,S001,P0095,C00057,2025-01-23,9,137.59
T1005604,S013,P0019,C00809,2024-12-08,6,465.51
T1005605,S013,P0109,C00341,2025-02-05,8,413.78
T1005606,S003,P0196,C00459,2024-09-25,8,446.1
T1005607,S015,P0077,C00985,2024-10-31,5,98.9
T1005608,S015,P0074,C00019,2024-04-05,3,291.54
T1005609,S012,P0132,C00111,2025-06-13,4,274.55
T1005610,S020,P0021,C00577,2025-07-08,4,203.92
T1005611,S017,P0075,C00631,2025-04-05,5,224.01
T1005612,S010,P0017,C00063,2024-03-22,7,55.45
T1005613,S008,P0185,C00522,2024-08-28,5,294.14
T1005614,S007,P0067,C00805,2025-04-07,4,113.43
T1005615,S011,P0136,C00016,2025-09-25,7,96.53
T1005616,S006,P0152,C00841,2025-06-16,4,332.53
T1005617,S014,P0043,C00412,2024-08-15,7,227.36
T1005618,S003,P0125,C00075,2025-07-28,8,45.38
T1005619,S001,P0068,C00452,2024-10-31,5,24.79
T1005620,S017,P0013,C00894,2025-06-02,1,239.06
T1005621,S011,P0087,C00331,2025-01-04,3,197.53
T1005622,S002,P0127,C00490,2024-12-05,7,338.29
T1005623,S017,P0196,C00328,2025-06-17,5,328.37
T1005624,S020,P0147,C00719,2025-01-02,8,77.73
T1005625,S005,P0185,C00688,2024-12-14,5,209.17
T1005626,S005,P0134,C00365,2025-07-26,4,84.28
T1005627,S005,P0109,C00285,2024-06-12,8,207.79
T1005628,S002,P0056,C00644,2025-04-27,2,394.67
T1005629,S001,P0144,C00830,2025-03-09,5,462.94
T1005630,S010,P0041,C00822,2024-01-08,8,378.89
T1005631,S016,P0076,C00719,2024-03-08,9,135.97
T1005632,S017,P0032,C00172,2024-10-28,1,496.75
T1005633,S005,P0037,C00710,2024-01-19,3,469.13
T1005634,S011,P0182,C00364,2025-06-06,5,159.65
T1005635,S002,P0012,C00661,2024-07-19,5,203.52
T1005636,S011,P0160,C00040,2025-08-24,1,16.31
T1005637,S006,P0085,C00131,2025-05-23,3,441.3
T1005638,S010,P0136,C00195,2024-12-16,4,128.83
T1005639,S014,P0071,C00700,2025-06-12,6,250.37
T1005640,S016,P0002,C00850,2025-03-20,2,421.14
T1005641,S012,P0168,C00228,2025-07-13,4,287.48
T1005642,S015,P0110,C00593,2025-08-21,1,463.09
T1005643,S011,P0029,C00480,2025-01-13,3,445.67
T1005644,S001,P0137,C00338,2024-02-15,2,271.69
T1005645,S004,P0185,C00396,2024-07-08,7,124.04
T1005646,S002,P0090,C00335,2024-05-13,6,122.72
T1005647,S017,P0038,C00037,2024-11-03,4,375.99
T1005648,S011,P0012,C00973,2025-05-02,9,415.96
T1005649,S017,P0072,C00036,2024-07-16,3,302.09
T1005650,S020,P0148,C00676,2024-01-17,8,185.99
T1005651,S013,P0078,C00005,2025-01-14,1,293.15
T1005652,S009,P0169,C00850,2024-09-24,1,428.61
T1005653,S009,P0153,C00637,2025-03-18,8,457.3
T1005654,S016,P0124,C00547,2025-07-11,5,417.25
T1005655,S014,P0177,C00940,2024-06-06,9,446.63
T1005656,S009,P0035,C00705,2024-02-08,4,449.37
T1005657,S013,P0103,C00381,2024-01-26,2,477.27
T1005658,S006,P0003,C00526,2024-03-05,7,72.9
T1005659,S015,P0178,C00167,2025-04-09,9,67.41
T1005660,S010,P0017,C00929,2025-07-14,6,5.68
T1005661,S012,P0024,C00523,2025-03-12,9,420.13
T1005662,S013,P0017,C00944,2025-06-01,2,352.73
T1005663,S002,P0119,C00355,2025-06-19,2,96.05
T1005664,S001,P0022,C00983,2024-05-01,2,296.13
T1005665,S001,P0194,C00329,2024-11-20,8,322.68
T1005666,S011,P0073,C00413,2025-07-06,2,70.4
T1005667,S011,P0113,C00226,2024-04-10,8,78.69
T1005668,S003,P0021,C00283,2024-01-16,4,294.06
T1005669,S012,P0100,C00509,2025-03-17,9,47.25
T1005670,S016,P0075,C00673,2025-03-02,5,337.0
T1005671,S004,P0064,C00047,2025-01-12,7,458.72
T1005672,S001,P0014,C00906,2024-03-18,7,499.71
T1005673,S005,P0065,C00870,2024-02-19,1,200.8
T1005674,S007,P0049,C00692,2024-05-10,3,324.2
T1005675,S001,P0092,C00642,2025-08-21,2,366.47
T1005676,S019,P0088,C00259,2024-12-27,6,408.96
T1005677,S006,P0029,C00438,2024-02-01,7,82.09
T1005678,S009,P0186,C00626,2025-05-27,1,384.71
T1005679,S014,P0148,C00878,2024-03-29,5,85.76
T1005680,S002,P0021,C00264,2025-04-28,8,338.9
T1005681,S009,P0017,C00758,2024-03-14,4,390.12
T1005682,S006,P0107,C00330,2024-04-28,8,226.22
T1005683,S009,P0130,C00474,2025-07-06,4,461.35
T1005684,S004,P0007,C00905,2025-08-04,6,37.78
T1005685,S016,P0036,C00233,2024-11-17,3,321.98
T1005686,S020,P0134,C00224,2025-05-14,7,380.56
T1005687,S010,P0081,C00810,2024-05-07,1,442.83
T1005688,S011,P0056,C00059,2024-11-12,8,468.04
T1005689,S004,P0116,C00286,2024-03-31,5,233.76
T1005690,S013,P0142,C00871,2024-06-26,6,345.8
T1005691,S017,P0072,C00148,2024-01-30,7,250.98
T1005692,S019,P0113,C00431,2024-08-20,4,260.44
T1005693,S017,P0080,C00018,2025-06-04,1,398.14
T1005694,S011,P0022,C00249,2024-05-14,2,264.91
T1005695,S013,P0103,C00562,2025-09-04,4,328.55
T1005696,S014,P0111,C00525,2024-06-06,5,204.17
T1005697,S016,P0111,C00787,2024-06-18,5,332.22
T1005698,S002,P0008,C00036,2025-09-28,9,29.44
T1005699,S012,P0172,C00049,2024-02-02,5,419.74
T1005700,S009,P0032,C00409,2024-11-07,2,41.39
T1005701,S003,P0100,C00121,2025-04-22,2,403.28
T1005702,S018,P0067,C00893,2024-12-24,4,392.09
T1005703,S001,P0194,C00546,2025-01-22,6,53.08
T1005704,S011,P0047,C00243,2025-02-13,1,293.62
T1005705,S019,P0149,C00862,2025-05-04,3,27.28
T1005706,S007,P0070,C00840,2025-04-05,3,286.33
T1005707,S014,P0104,C00424,2024-11-06,9,427.61
T1005708,S017,P0142,C00015,2024-02-20,7,129.76
T1005709,S019,P0040,C00763,2025-05-23,9,34.38
T1005710,S020,P0199,C00563,2025-07-24,7,215.58
T1005711,S017,P0025,C00920,2025-08-09,7,423.81
T1005712,S013,P0177,C00336,2025-07-13,3,176.99
T1005713,S018,P0008,C00874,2024-05-07,5,366.52
T1005714,S010,P0130,C00382,2024-11-21,9,288.47
T1005715,S001,P0157,C00118,2025-02-24,2,189.32
T1005716,S011,P0142,C00041,2024-10-08,6,10.55
T1005717,S009,P0167,C00406,2024-03-14,3,461.69
T1005718,S018,P0031,C00968,2025-08-18,9,363.34
T1005719,S018,P0178,C00222,2024-08-16,5,112.92
T1005720,S013,P0025,C00568,2024-12-18,1,64.0
T1005721,S020,P0171,C00315,2025-04-01,6,215.34
T1005722,S007,P0122,C00105,2024-12-29,4,11.18
T1005723,S009,P0001,C00291,2024-12-08,5,236.74
T1005724,S020,P0106,C00254,2024-10-20,9,192.96
T1005725,S001,P0040,C00580,2025-03-19,4,37.04
T1005726,S019,P0115,C00863,2024-10-20,1,471.74
T1005727,S020,P0003,C00976,2024-03-06,2,187.7
T1005728,S006,P0166,C00930,2024-05-28,6,275.09
T1005729,S019,P0092,C00421,2024-10-18,6,351.56
T1005730,S010,P0195,C00606,2024-07-16,9,5.99
T1005731,S004,P0041,C00712,2024-01-18,1,298.41
T1005732,S002,P0112,C00843,2025-07-23,6,97.15
T1005733,S012,P0075,C00523,2025-04-24,5,108.69
T1005734,S003,P0037,C00644,2024-04-17,3,398.67
T1005735,S017,P0122,C00244,2024-06-01,5,453.62
T1005736,S005,P0019,C00538,2025-09-30,8,15.27
T1005737,S016,P0179,C00186,2024-06-28,2,467.5
T1005738,S005,P0198,C00974,2025-03-05,2,23.98
T1005739,S020,P0175,C00664,2024-05-01,5,36.67
T1005740,S004,P0036,C00894,2025-07-03,8,172.24
T1005741,S011,P0199,C00275,2024-02-13,9,29.0
T1005742,S007,P0100,C00069,2024-09-19,2,308.38
T1005743,S001,P0096,C00590,2025-07-18,5,236.25
T1005744,S016,P0057,C00195,2024-01-10,1,445.5
T1005745,S020,P0109,C00894,2025-08-05,9,305.39
T1005746,S020,P0048,C00792,2024-09-25,6,465.3
T1005747,S013,P0099,C00955,2024-07-29,3,491.82
T1005748,S007,P0109,C00765,2024-12-09,2,495.98
T1005749,S003,P0189,C00907,2024-06-01,3,38.38
T1005750,S019,P0049,C00974,2024-12-06,7,338.86
T1005751,S001,P0132,C00941,2024-08-28,9,12.66
T1005752,S004,P0018,C00433,2025-09-28,3,154.91
T1005753,S012,P0026,C00426,2024-02-14,6,232.68
T1005754,S007,P0102,C00091,2024-06-27,3,38.34
T1005755,S009,P0093,C00555,2024-05-08,9,140.25
T1005756,S008,P0142,C00759,2024-04-23,6,195.12
T1005757,S012,P0122,C00065,2024-02-26,2,62.47
T1005758,S020,P0065,C00124,2024-05-31,2,470.84
T1005759,S012,P0168,C00486,2024-10-23,9,136.95
T1005760,S005,P0144,C00942,2025-04-17,2,6.95
T1005761,S001,P0141,C00371,2024-10-18,5,160.32
T1005762,S017,P0185,C00891,2024-07-21,7,400.03
T1005763,S016,P0136,C00387,2025-02-21,9,95.92
T1005764,S020,P0200,C00733,2025-07-14,5,463.48
T1005765,S008,P0102,C00936,2024-04-07,8,47.5
T1005766,S019,P0152,C00777,2025-05-05,4,25.4
T1005767,S005,P0149,C00907,2024-03-30,5,24.22
T1005768,S008,P0124,C00062,2024-09-28,6,55.21
T1005769,S008,P0126,C00809,2025-09-20,6,357.04
T1005770,S005,P0043,C00842,2024-04-22,6,434.45
T1005771,S008,P0023,C00709,2024-09-15,2,331.97
T1005772,S001,P0147,C00876,2024-08-24,2,157.97
T1005773,S007,P0186,C00934,2025-03-22,1,313.25
T1005774,S011,P0136,C00199,2025-04-12,3,158.56
T1005775,S008,P0023,C00209,2025-04-18,7,311.85
T1005776,S001,P0111,C00688,2025-05-25,4,111.77
T1005777,S005,P0125,C00888,2024-05-18,4,256.34
T1005778,S010,P0167,C00912,2024-11-14,3,175.85
T1005779,S016,P0052,C00235,2024-01-19,4,216.56
T1005780,S017,P0156,C00149,2024-06-28,1,163.44
T1005781,S011,P0196,C00915,2024-11-03,1,138.04
T1005782,S012,P0163,C00589,2025-03-17,7,331.91
T1005783,S015,P0007,C00958,2025-06-29,9,45.18
T1005784,S014,P0121,C00213,2025-02-26,2,241.7
T1005785,S006,P0095,C00882,2024-07-13,1,325.96
T1005786,S010,P0170,C00941,2024-02-07,8,312.31
T1005787,S010,P0019,C00686,2025-05-09,1,99.95
T1005788,S008,P0167,C00268,2024-08-26,4,191.05
T1005789,S010,P0167,C00987,2025-07-18,8,95.64
T1005790,S019,P0105,C00608,2025-02-19,4,307.76
T1005791,S008,P0138,C00867,2024-06-09,5,279.8
T1005792,S006,P0185,C00471,2025-02-18,9,329.81
T1005793,S020,P0187,C00526,2024-10-05,9,277.76
T1005794,S015,P0175,C00500,2025-07-01,4,477.14
T1005795,S013,P0156,C00404,2024-10-22,4,329.92
T1005796,S012,P0163,C00599,2024-06-05,3,308.83
T1005797,S014,P0111,C00503,2024-06-12,5,23.42
T1005798,S019,P0171,C00292,2025-07-13,5,241.79
T1005799,S012,P0173,C00352,2025-07-25,5,219.03
T1005800,S009,P0084,C00355,2025-08-29,1,25.81
T1005801,S020,P0128,C00218,2025-04-22,3,388.63
T1005802,S002,P0128,C00441,2025-03-28,9,288.46
T1005803,S012,P0026,C00789,2024-12-15,1,448.3
T1005804,S009,P0188,C00237,2025-03-07,2,397.49
T1005805,S003,P0002,C00367,2024-04-27,1,225.03
T1005806,S008,P0068,C00139,2024-04-03,5,374.46
T1005807,S011,P0091,C00765,2025-09-02,8,437.25
T1005808,S003,P0146,C00488,2025-07-20,5,225.65
T1005809,S019,P0184,C00288,2024-04-25,8,408.13
T1005810,S008,P0084,C00796,2025-06-20,7,442.16
T1005811,S006,P0186,C00441,2025-02-05,7,493.46
T1005812,S012,P0080,C00675,2025-04-11,9,317.81
T1005813,S015,P0146,C00040,2024-10-01,7,472.25
T1005814,S002,P0124,C00331,2024-10-21,2,432.35
T1005815,S017,P0073,C00200,2025-01-13,8,323.93
T1005816,S016,P0019,C00973,2024-03-25,4,23.42
T1005817,S009,P0193,C00668,2024-06-14,8,292.95
T1005818,S007,P0002,C00625,2024-05-31,6,291.53
T1005819,S010,P0050,C00701,2025-03-31,1,494.45
T1005820,S014,P0127,C00507,2025-04-19,4,393.92
T1005821,S018,P0070,C00560,2024-01-05,9,119.36
T1005822,S011,P0125,C00064,2024-10-04,2,172.82
T1005823,S019,P0081,C00072,2025-03-19,9,181.41
T1005824,S008,P0114,C00093,2024-12-23,1,464.04
T1005825,S003,P0096,C00164,2024-07-08,9,469.04
T1005826,S016,P0174,C00015,2024-05-08,6,371.82
T1005827,S001,P0085,C00898,2024-12-14,7,38.05
T1005828,S016,P0150,C00711,2024-11-29,8,199.69
T1005829,S013,P0169,C00206,2025-03-29,8,284.26
T1005830,S008,P0124,C00602,2024-10-24,8,247.57
T1005831,S010,P0154,C00194,2024-01-19,6,342.85
T1005832,S018,P0097,C00393,2025-07-09,6,248.42
T1005833,S007,P0068,C00850,2025-07-31,2,144.92
T1005834,S014,P0023,C00729,2024-08-28,7,45.78
T1005835,S019,P0091,C00247,2025-05-10,2,272.7
T1005836,S013,P0098,C00927,2024-12-19,2,397.88
T1005837,S011,P0118,C00896,2025-03-09,5,278.17
T1005838,S019,P0067,C00033,2025-06-11,6,43.85
T1005839,S014,P0092,C00678,2025-07-21,8,96.83
T1005840,S020,P0188,C00149,2025-09-08,8,127.35
T1005841,S007,P0033,C00174,2024-09-11,3,203.79
T1005842,S019,P0118,C00043,2025-05-24,2,17.21
T1005843,S008,P0021,C00104,2025-02-20,3,133.82
T1005844,S010,P0199,C00245,2025-09-21,9,478.32
T1005845,S020,P0188,C00605,2025-04-04,2,468.13
T1005846,S016,P0046,C00869,2024-12-16,1,428.03
T1005847,S001,P0054,C00768,2024-05-29,6,484.65
T1005848,S012,P0138,C00960,2024-12-30,2,265.89
T1005849,S002,P0094,C00088,2024-03-14,4,69.11
T1005850,S006,P0089,C00519,2024-02-26,3,210.82
T1005851,S001,P0053,C00266,2024-08-02,2,311.18
T1005852,S010,P0061,C00877,2024-02-10,2,351.92
T1005853,S004,P0110,C00384,2025-06-04,4,377.38
T1005854,S009,P0174,C00495,2024-01-06,4,494.33
T1005855,S004,P0076,C00304,2025-03-16,4,231.76
T1005856,S004,P0057,C00830,2025-05-11,2,229.94
T1005857,S018,P0188,C00272,2025-04-28,8,374.35
T1005858,S013,P0030,C00095,2025-05-09,7,177.42
T1005859,S001,P0188,C00889,2025-04-19,7,159.02
T1005860,S002,P0155,C00210,2025-05-16,2,198.58
T1005861,S007,P0167,C00385,2025-01-27,1,257.71
T1005862,S016,P0109,C00492,2025-05-29,4,74.02
T1005863,S008,P0031,C00263,2025-09-30,9,391.21
T1005864,S003,P0085,C00859,2024-03-01,3,145.23
T1005865,S010,P0090,C00605,2024-04-16,6,319.82
T1005866,S001,P0175,C00296,2025-01-26,4,420.35
T1005867,S003,P0130,C00944,2025-07-14,2,37.1
T1005868,S016,P0063,C00788,2025-07-06,5,474.97
T1005869,S018,P0065,C00002,2025-06-15,4,384.84
T1005870,S007,P0174,C00435,2025-08-12,1,226.45
T1005871,S013,P0188,C00788,2024-02-21,8,228.63
T1005872,S015,P0055,C00538,2025-09-08,9,114.32
T1005873,S001,P0028,C00853,2024-07-10,2,11.28
T1005874,S007,P0165,C00299,2024-11-09,8,360.55
T1005875,S004,P0177,C00227,2024-06-17,8,17.71
T1005876,S010,P0142,C00530,2024-06-24,7,248.22
T1005877,S004,P0091,C00625,2024-09-04,6,83.63
T1005878,S002,P0166,C00902,2025-04-16,7,449.04
T1005879,S018,P0143,C00031,2025-06-03,6,363.68
T1005880,S019,P0085,C00596,2025-02-09,4,297.42
T1005881,S013,P0135,C00406,2024-07-23,7,493.93
T1005882,S009,P0003,C00718,2024-06-26,8,294.28
T1005883,S004,P0103,C00203,2024-07-01,6,421.66
T1005884,S005,P0031,C00341,2024-11-12,3,143.53
T1005885,S002,P0147,C00529,2025-01-08,4,261.97
T1005886,S011,P0066,C00080,2024-08-08,7,127.56
T1005887,S003,P0137,C00157,2025-01-14,7,233.94
T1005888,S001,P0157,C00565,2024-05-16,7,305.08
T1005889,S001,P0096,C00966,2025-02-16,3,214.51
T1005890,S011,P0152,C00104,2024-02-02,8,84.37
T1005891,S010,P0121,C00356,2024-03-01,3,12.22
T1005892,S006,P0062,C00690,2024-03-10,7,285.35
T1005893,S020,P0161,C00681,2024-10-31,5,241.99
T1005894,S020,P0067,C00770,2024-09-26,1,60.71
T1005895,S009,P0195,C00354,2024-11-02,5,140.66
T1005896,S007,P0061,C00045,2025-03-14,7,63.68
T1005897,S011,P0188,C00860,2025-01-17,2,83.13
T1005898,S012,P0142,C00516,2025-06-15,3,368.7
T1005899,S004,P0150,C00410,2025-08-19,4,427.42
T1005900,S001,P0133,C00939,2024-09-26,6,409.43
T1005901,S004,P0191,C00545,2024-05-18,3,81.8
T1005902,S008,P0037,C00562,2025-01-24,4,475.54
T1005903,S018,P0197,C00688,2024-08-24,9,271.43
T1005904,S013,P0191,C00832,2025-05-16,3,125.89
T1005905,S014,P0147,C00907,2024-09-19,4,203.33
T1005906,S013,P0155,C00969,2024-08-02,9,240.38
T1005907,S009,P0057,C00525,2024-10-19,8,427.99
T1005908,S011,P0095,C00178,2025-03-26,7,405.04
T1005909,S011,P0064,C00238,2024-01-08,2,447.7
T1005910,S007,P0029,C00429,2024-06-13,3,313.56
T1005911,S003,P0064,C00501,2025-05-16,2,333.87
T1005912,S014,P0112,C00375,2025-09-21,6,29.93
T1005913,S019,P0033,C00419,2025-04-27,3,305.12
T1005914,S005,P0092,C00885,2024-09-28,8,178.11
T1005915,S011,P0083,C00992,2024-06-09,8,233.87
T1005916,S016,P0072,C00527,2024-02-28,4,469.61
T1005917,S003,P0107,C00936,2025-07-23,7,179.22
T1005918,S005,P0064,C00176,2025-01-30,1,488.81
T1005919,S011,P0089,C00720,2024-03-29,7,308.83
T1005920,S002,P0035,C00534,2025-06-10,5,193.24
T1005921,S020,P0174,C00864,2024-05-11,2,199.18
T1005922,S017,P0186,C00448,2025-08-14,4,463.88
T1005923,S015,P0006,C00388,2025-01-08,2,9.51
T1005924,S015,P0063,C00756,2024-09-23,4,222.34
T1005925,S020,P0030,C00295,2025-08-20,2,5.75
T1005926,S018,P0010,C00083,2025-09-14,8,274.21
T1005927,S020,P0039,C00596,2024-03-12,2,305.47
T1005928,S012,P0112,C00863,2024-05-18,2,126.81
T1005929,S014,P0047,C00866,2024-05-12,1,306.6
T1005930,S005,P0179,C00282,2024-04-27,5,57.08
T1005931,S016,P0081,C00040,2024-07-01,1,492.53
T1005932,S004,P0032,C00986,2024-01-13,5,372.14
T1005933,S005,P0104,C00829,2024-04-14,8,335.25
T1005934,S020,P0178,C00223,2025-04-13,8,392.99
T1005935,S001,P0055,C00980,2024-02-25,4,462.05
T1005936,S016,P0157,C00958,2024-08-06,5,196.1
T1005937,S005,P0006,C00726,2025-04-25,8,456.08
T1005938,S017,P0148,C00320,2025-04-06,5,243.45
T1005939,S012,P0073,C00048,2024-03-22,1,279.02
T1005940,S002,P0089,C00473,2024-03-03,6,158.79
T1005941,S011,P0004,C00658,2024-10-23,3,84.8
T1005942,S004,P0143,C00039,2025-08-01,3,341.97
T1005943,S003,P0144,C00577,2025-01-13,2,182.51
T1005944,S001,P0111,C00150,2024-12-22,9,105.41
T1005945,S004,P0009,C00608,2025-05-03,4,347.56
T1005946,S008,P0035,C00879,2025-05-18,8,480.99
T1005947,S019,P0163,C00590,2024-04-01,2,374.02
T1005948,S020,P0024,C00008,2024-01-14,7,301.8
T1005949,S005,P0163,C00559,2025-01-16,3,144.27
T1005950,S003,P0015,C00747,2025-01-16,8,89.91
T1005951,S005,P0095,C00249,2024-06-11,4,163.65
T1005952,S018,P0172,C00949,2024-01-17,6,156.14
T1005953,S019,P0104,C00653,2025-04-22,6,61.91
T1005954,S019,P0200,C00104,2024-05-23,6,481.62
T1005955,S019,P0033,C00138,2024-10-31,6,266.45
T1005956,S004,P0111,C00236,2024-01-14,1,431.81
T1005957,S017,P0092,C00928,2025-02-19,5,47.55
T1005958,S001,P0196,C00264,2025-02-08,8,260.59
T1005959,S011,P0119,C00526,2025-09-12,9,176.46
T1005960,S017,P0071,C00315,2025-09-16,1,98.1
T1005961,S006,P0039,C00124,2024-08-26,4,343.33
T1005962,S007,P0014,C00095,2024-12-01,9,40.12
T1005963,S004,P0123,C00959,2024-01-13,8,190.98
T1005964,S011,P0029,C00534,2024-09-28,4,257.44
T1005965,S018,P0063,C00593,2025-07-17,6,375.74
T1005966,S003,P0138,C00501,2024-03-14,2,296.06
T1005967,S012,P0098,C00486,2024-02-14,1,460.76
T1005968,S017,P0070,C00126,2024-11-18,3,59.68
T1005969,S018,P0137,C00837,2025-04-16,6,411.64
T1005970,S002,P0064,C00802,2024-08-10,8,262.68
T1005971,S012,P0125,C00556,2025-05-10,3,462.8
T1005972,S009,P0032,C00300,2024-12-12,1,288.24
T1005973,S010,P0103,C00092,2025-08-30,2,371.63
T1005974,S015,P0160,C00371,2024-08-17,2,100.25
T1005975,S010,P0198,C00847,2025-04-24,9,25.06
T1005976,S006,P0016,C00942,2025-03-17,5,469.46
T1005977,S009,P0116,C00211,2024-05-08,1,489.03
T1005978,S005,P0168,C00533,2025-07-08,7,307.56
T1005979,S012,P0052,C00751,2024-03-27,7,164.49
T1005980,S010,P0051,C00896,2025-01-17,7,154.74
T1005981,S013,P0017,C00714,2025-08-19,5,285.5
T1005982,S014,P0183,C00126,2024-02-15,2,17.75
T1005983,S018,P0052,C00391,2024-09-17,9,345.72
T1005984,S005,P0142,C00686,2025-09-05,2,437.98
T1005985,S003,P0129,C00231,2024-09-25,8,16.21
T1005986,S018,P0085,C00732,2024-04-02,4,464.24
T1005987,S001,P0120,C00916,2024-04-23,9,494.17
T1005988,S009,P0172,C00165,2024-05-26,8,324.03
T1005989,S006,P0124,C00310,2025-05-16,6,296.47
T1005990,S020,P0012,C00187,2025-04-23,5,408.25
T1005991,S016,P0092,C00119,2024-08-22,5,109.72
T1005992,S004,P0047,C00368,2024-03-22,7,402.54
T1005993,S002,P0132,C00079,2025-06-28,1,65.28
T1005994,S009,P0191,C00330,2024-02-07,2,277.99
T1005995,S019,P0176,C00303,2024-01-29,2,391.51
T1005996,S018,P0120,C00185,2025-07-12,9,126.94
T1005997,S012,P0101,C00784,2025-08-23,9,38.0
T1005998,S020,P0088,C00477,2024-07-06,6,452.67
T1005999,S007,P0054,C00343,2024-04-23,8,317.58
T1006000,S020,P0084,C00555,2025-06-29,7,168.97
T1006001,S017,P0150,C00838,2025-03-15,6,109.78
T1006002,S011,P0121,C00226,2025-01-26,2,457.77
T1006003,S018,P0028,C00825,2024-02-21,8,219.49
T1006004,S001,P0066,C00574,2024-06-05,4,37.66
T1006005,S015,P0047,C00641,2024-09-23,6,448.99
T1006006,S004,P0127,C00707,2024-04-12,9,314.1
T1006007,S008,P0084,C00619,2025-05-12,7,21.25
T1006008,S005,P0139,C00282,2025-01-19,1,418.93
T1006009,S009,P0048,C00821,2025-03-16,2,441.36
T1006010,S015,P0055,C00953,2025-09-12,4,162.49
T1006011,S018,P0064,C00767,2025-01-31,1,67.04
T1006012,S020,P0014,C00401,2024-09-14,6,188.01
T1006013,S019,P0088,C00109,2024-11-29,6,394.08
T1006014,S009,P0149,C00866,2024-11-30,5,464.39
T1006015,S019,P0084,C00763,2025-07-05,9,260.14
T1006016,S002,P0060,C00866,2025-02-03,9,499.42
T1006017,S014,P0083,C00937,2025-06-22,2,240.57
T1006018,S014,P0180,C00188,2024-02-01,3,154.91
T1006019,S004,P0113,C00627,2024-12-11,3,469.36
T1006020,S018,P0014,C00361,2025-03-16,7,121.02
T1006021,S006,P0048,C00735,2025-01-13,8,296.15
T1006022,S019,P0116,C00946,2025-02-17,1,243.42
T1006023,S015,P0197,C00063,2025-09-05,1,24.19
T1006024,S009,P0005,C00911,2024-12-19,8,358.15
T1006025,S019,P0182,C00848,2024-07-27,3,335.79
T1006026,S008,P0037,C00250,2024-03-08,2,355.91
T1006027,S003,P0004,C00399,2024-11-11,6,417.43
T1006028,S016,P0081,C00190,2024-12-04,2,56.64
T1006029,S004,P0029,C00454,2025-08-12,8,233.82
T1006030,S015,P0026,C00180,2025-09-28,4,254.31
T1006031,S005,P0030,C00468,2024-10-05,7,206.69
T1006032,S015,P0108,C00010,2024-09-16,1,307.15
T1006033,S010,P0046,C00404,2025-09-23,2,407.16
T1006034,S006,P0136,C00459,2024-07-15,7,363.26
T1006035,S020,P0148,C00089,2024-12-05,6,474.67
T1006036,S017,P0182,C00021,2025-05-03,2,145.69
T1006037,S004,P0016,C00439,2024-12-25,2,154.78
T1006038,S005,P0105,C00510,2024-04-20,3,134.49
T1006039,S010,P0011,C00095,2025-08-04,2,473.13
T1006040,S001,P0111,C00358,2024-07-13,5,136.09
T1006041,S007,P0101,C00267,2025-06-13,9,186.48
T1006042,S012,P0008,C00698,2024-09-10,7,467.7
T1006043,S005,P0144,C00218,2024-06-11,6,213.42
T1006044,S012,P0076,C00890,2024-06-20,1,189.53
T1006045,S002,P0090,C00594,2024-12-25,6,132.08
T1006046,S020,P0183,C00657,2024-05-04,9,259.68
T1006047,S006,P0039,C00720,2025-06-18,8,264.98
T1006048,S007,P0192,C00091,2024-08-09,3,159.32
T1006049,S017,P0019,C00553,2024-07-12,1,218.14
T1006050,S013,P0078,C00134,2025-09-25,4,478.67
T1006051,S001,P0200,C00536,2025-05-20,8,137.35
T1006052,S005,P0021,C00498,2024-11-01,1,284.91
T1006053,S002,P0057,C00190,2025-09-04,8,347.52
T1006054,S018,P0036,C00016,2025-02-15,5,423.19
T1006055,S009,P0195,C00399,2024-02-04,2,272.01
T1006056,S005,P0075,C00992,2024-03-01,4,173.81
T1006057,S020,P0146,C00357,2024-12-10,7,234.09
T1006058,S013,P0132,C00298,2025-02-16,6,87.46
T1006059,S010,P0032,C00366,2024-09-15,9,361.4
T1006060,S001,P0108,C00991,2024-12-20,3,132.85
T1006061,S017,P0134,C00563,2024-10-22,1,180.81
T1006062,S012,P0038,C00698,2025-03-16,3,121.54
T1006063,S010,P0165,C00658,2024-06-08,2,284.7
T1006064,S006,P0116,C00118,2025-08-31,1,351.33
T1006065,S004,P0037,C00730,2025-06-13,2,23.38
T1006066,S014,P0077,C00283,2024-08-17,8,43.69
T1006067,S001,P0113,C00289,2025-04-23,3,224.13
T1006068,S013,P0116,C00391,2024-06-01,7,174.75
T1006069,S020,P0037,C00029,2025-06-25,3,187.51
T1006070,S013,P0144,C00821,2024-12-10,7,457.6
T1006071,S003,P0066,C00925,2025-07-14,7,113.15
T1006072,S006,P0185,C00044,2024-09-03,8,45.49
T1006073,S005,P0033,C00641,2025-05-10,6,386.92
T1006074,S017,P0087,C00092,2024-01-05,2,403.0
T1006075,S016,P0119,C00199,2024-04-14,3,319.06
T1006076,S003,P0029,C00204,2024-01-07,2,440.53
T1006077,S011,P0103,C00602,2024-01-27,2,140.21
T1006078,S014,P0003,C00103,2024-04-09,4,354.63
T1006079,S001,P0137,C00972,2024-10-25,9,267.07
T1006080,S007,P0137,C00246,2024-12-22,2,243.49
T1006081,S005,P0083,C00461,2024-01-22,1,391.77
T1006082,S009,P0126,C00210,2025-08-28,3,215.91
T1006083,S002,P0039,C00087,2025-02-05,1,90.42
T1006084,S019,P0179,C00701,2025-09-24,5,331.09
T1006085,S005,P0155,C00419,2025-05-22,9,290.64
T1006086,S013,P0187,C00859,2025-01-10,7,207.49
T1006087,S009,P0191,C00157,2024-04-26,4,94.97
T1006088,S016,P0170,C00063,2025-07-21,9,238.59
T1006089,S017,P0083,C00917,2024-10-15,3,23.7
T1006090,S001,P0122,C00445,2024-07-17,2,146.55
T1006091,S003,P0062,C00882,2025-07-02,4,462.82
T1006092,S008,P0077,C00058,2025-02-03,4,5.34
T1006093,S003,P0125,C00799,2024-01-09,1,161.1
T1006094,S015,P0072,C00635,2024-04-08,9,117.72
T1006095,S001,P0001,C00667,2025-05-19,4,73.55
T1006096,S011,P0056,C00785,2024-06-13,2,468.5
T1006097,S016,P0055,C00877,2025-01-04,5,232.4
T1006098,S010,P0194,C00172,2024-07-18,1,168.81
T1006099,S002,P0014,C00462,2025-05-30,6,42.96
T1006100,S019,P0045,C00642,2024-02-26,1,476.69
T1006101,S019,P0166,C00689,2024-04-26,3,421.37
T1006102,S011,P0116,C00464,2024-12-09,2,9.67
T1006103,S004,P0003,C00587,2025-05-13,8,64.66
T1006104,S001,P0141,C00860,2025-05-14,3,69.72
T1006105,S012,P0156,C00168,2024-08-14,3,268.1
T1006106,S003,P0156,C00219,2025-01-22,5,320.54
T1006107,S008,P0132,C00894,2025-07-08,5,172.98
T1006108,S019,P0168,C00930,2024-06-05,6,157.7
T1006109,S020,P0003,C00572,2024-03-22,1,182.35
T1006110,S016,P0136,C00205,2024-06-30,3,229.89
T1006111,S013,P0041,C00818,2025-07-17,3,28.16
T1006112,S009,P0037,C00071,2024-08-01,8,321.27
T1006113,S008,P0081,C00787,2024-12-25,8,9.99
T1006114,S013,P0048,C00175,2025-08-10,2,327.25
T1006115,S001,P0026,C00259,2025-03-23,4,495.23
T1006116,S002,P0162,C00121,2025-02-20,8,304.23
T1006117,S015,P0076,C00810,2025-06-07,1,389.19
T1006118,S018,P0074,C00459,2024-05-19,5,50.44
T1006119,S020,P0046,C00313,2024-11-26,5,134.31
T1006120,S007,P0057,C00236,2025-02-12,2,252.12
T1006121,S011,P0090,C00921,2025-03-09,6,453.35
T1006122,S012,P0025,C00958,2025-01-14,9,89.19
T1006123,S011,P0169,C00786,2025-06-14,3,339.94
T1006124,S004,P0026,C00671,2024-08-30,7,190.12
T1006125,S016,P0103,C00456,2024-08-14,7,382.46
T1006126,S001,P0130,C00875,2024-01-10,7,154.13
T1006127,S009,P0087,C00613,2024-09-20,8,384.99
T1006128,S004,P0186,C00393,2024-09-19,8,47.33
T1006129,S017,P0081,C00488,2025-01-31,9,241.29
T1006130,S011,P0008,C00295,2025-02-23,1,481.93
T1006131,S003,P0079,C00301,2024-02-25,1,341.62
T1006132,S001,P0182,C00243,2024-10-18,4,5.41
T1006133,S001,P0010,C00751,2024-01-27,4,378.16
T1006134,S007,P0071,C00248,2024-05-15,6,362.73
T1006135,S016,P0029,C00135,2024-05-15,8,285.41
T1006136,S019,P0032,C00396,2024-03-07,8,408.53
T1006137,S020,P0132,C00338,2024-01-18,2,270.56
T1006138,S006,P0027,C00871,2025-02-22,8,409.5
T1006139,S015,P0028,C00493,2025-02-01,7,234.68
T1006140,S004,P0122,C00331,2025-01-21,3,174.82
T1006141,S006,P0163,C00903,2025-08-03,4,237.84
T1006142,S015,P0160,C00008,2024-01-30,1,20.63
T1006143,S015,P0056,C00551,2024-07-30,9,407.99
T1006144,S002,P0010,C00450,2025-07-04,6,56.22
T1006145,S016,P0130,C00341,2024-02-22,2,235.08
T1006146,S008,P0091,C00243,2024-03-24,9,382.25
T1006147,S018,P0148,C00670,2025-01-18,9,475.37
T1006148,S018,P0199,C00924,2025-02-07,9,285.02
T1006149,S003,P0190,C00572,2024-06-09,3,92.92
T1006150,S016,P0029,C00436,2024-07-24,1,119.9
T1006151,S019,P0009,C00558,2024-02-03,8,253.72
T1006152,S016,P0156,C00673,2025-01-04,2,369.92
T1006153,S007,P0139,C00528,2025-09-10,7,356.74
T1006154,S018,P0141,C00543,2024-10-22,4,495.47
T1006155,S004,P0024,C00838,2024-02-11,3,171.48
T1006156,S006,P0026,C00256,2025-03-27,9,426.64
T1006157,S008,P0127,C00620,2024-07-22,6,308.66
T1006158,S008,P0035,C00273,2024-12-28,8,388.28
T1006159,S017,P0050,C00171,2025-08-09,1,127.65
T1006160,S012,P0010,C00848,2024-01-10,5,425.05
T1006161,S015,P0142,C00215,2025-09-10,4,361.93
T1006162,S007,P0090,C00327,2025-04-18,3,151.16
T1006163,S002,P0029,C00616,2025-08-05,6,171.85
T1006164,S007,P0006,C00822,2025-06-05,8,366.94
T1006165,S009,P0079,C00583,2025-08-28,6,299.0
T1006166,S007,P0117,C00468,2024-05-29,5,330.87
T1006167,S011,P0120,C00205,2025-05-08,2,31.07
T1006168,S011,P0153,C00790,2024-09-23,9,432.89
T1006169,S019,P0145,C00253,2024-10-10,4,275.03
T1006170,S006,P0050,C00028,2024-02-26,2,149.87
T1006171,S012,P0181,C00093,2024-09-09,8,20.76
T1006172,S012,P0151,C00073,2024-10-31,6,283.23
T1006173,S013,P0042,C00016,2025-03-12,1,166.33
T1006174,S014,P0100,C00902,2025-02-05,3,136.81
T1006175,S018,P0046,C00535,2025-07-07,9,486.44
T1006176,S004,P0151,C00156,2024-12-29,3,381.03
T1006177,S017,P0048,C00649,2025-03-17,6,187.16
T1006178,S001,P0014,C00183,2025-04-25,8,231.62
T1006179,S012,P0110,C00334,2024-06-10,8,84.73
T1006180,S013,P0199,C00389,2025-02-17,8,337.9
T1006181,S011,P0078,C00008,2024-11-24,1,47.69
T1006182,S008,P0106,C00592,2025-04-18,6,333.91
T1006183,S006,P0007,C00366,2025-05-08,1,228.35
T1006184,S017,P0077,C00812,2025-08-29,3,360.08
T1006185,S018,P0198,C00526,2025-06-13,1,476.87
T1006186,S014,P0185,C00223,2024-11-16,5,38.14
T1006187,S018,P0105,C00716,2024-10-10,9,149.6
T1006188,S013,P0061,C00425,2025-03-24,6,37.66
T1006189,S009,P0026,C00906,2024-07-01,6,310.48
T1006190,S014,P0073,C00874,2024-07-19,8,173.8
T1006191,S016,P0097,C00635,2024-11-19,2,421.22
T1006192,S010,P0158,C01000,2025-02-03,4,286.17
T1006193,S011,P0139,C00680,2025-04-11,8,151.83
T1006194,S008,P0009,C00134,2025-05-28,6,54.77
T1006195,S001,P0082,C00488,2024-08-14,6,164.54
T1006196,S006,P0195,C00345,2025-04-21,4,20.66
T1006197,S001,P0011,C00010,2025-04-15,7,478.19
T1006198,S010,P0156,C00964,2024-03-11,3,357.56
T1006199,S013,P0190,C00340,2024-11-07,6,478.93
T1006200,S012,P0135,C00204,2025-06-10,9,121.09
T1006201,S003,P0125,C00737,2025-08-10,9,264.53
T1006202,S013,P0121,C00251,2025-08-02,5,96.66
T1006203,S012,P0125,C00310,2025-03-09,9,381.23
T1006204,S001,P0092,C00455,2024-11-26,2,409.46
T1006205,S020,P0060,C00112,2025-08-25,4,317.84
T1006206,S007,P0053,C00822,2024-10-16,5,307.77
T1006207,S012,P0155,C00116,2024-12-18,6,499.2
T1006208,S008,P0058,C00163,2024-05-08,2,137.08
T1006209,S007,P0171,C00666,2024-12-02,6,188.29
T1006210,S002,P0123,C00788,2024-01-13,1,195.23
T1006211,S020,P0127,C00310,2025-03-17,2,236.79
T1006212,S005,P0082,C00098,2024-09-22,3,476.28
T1006213,S017,P0146,C00882,2025-08-21,5,268.09
T1006214,S008,P0070,C00029,2024-08-12,3,445.21
T1006215,S017,P0122,C00987,2025-05-02,4,452.54
T1006216,S013,P0118,C00268,2025-01-29,9,465.93
T1006217,S015,P0145,C00160,2024-11-13,2,173.13
T1006218,S009,P0019,C00338,2024-12-23,3,349.09
T1006219,S015,P0069,C00749,2024-01-18,3,141.26
T1006220,S017,P0115,C00378,2024-10-28,8,435.18
T1006221,S010,P0038,C00670,2024-03-01,3,408.32
T1006222,S002,P0176,C00797,2024-01-18,7,496.2
T1006223,S007,P0197,C00277,2025-01-02,9,188.6
T1006224,S005,P0082,C00913,2025-05-28,4,461.48
T1006225,S008,P0176,C00069,2024-06-06,6,392.56
T1006226,S013,P0193,C00115,2025-07-22,6,14.22
T1006227,S006,P0146,C00779,2024-07-15,9,321.53
T1006228,S019,P0058,C00350,2024-05-01,2,50.82
T1006229,S001,P0006,C00133,2024-12-11,8,87.09
T1006230,S007,P0006,C00152,2024-12-11,1,243.7
T1006231,S018,P0081,C00490,2024-05-15,8,271.09
T1006232,S004,P0167,C00756,2025-05-31,7,270.41
T1006233,S015,P0034,C00654,2025-01-11,8,57.98
T1006234,S014,P0058,C00695,2024-09-14,8,241.86
T1006235,S009,P0031,C00476,2025-07-13,2,368.32
T1006236,S011,P0172,C00417,2024-01-02,6,334.09
T1006237,S007,P0076,C00605,2025-04-09,6,218.08
T1006238,S002,P0129,C00443,2024-10-09,1,211.81
T1006239,S012,P0091,C00709,2025-06-23,9,453.99
T1006240,S007,P0158,C00434,2025-03-03,1,469.98
T1006241,S013,P0192,C00220,2025-02-21,3,482.84
T1006242,S020,P0064,C00891,2025-02-03,3,495.43
T1006243,S019,P0093,C00843,2025-09-25,4,52.25
T1006244,S011,P0143,C00889,2025-01-21,6,465.01
T1006245,S012,P0152,C00538,2025-06-26,2,235.59
T1006246,S017,P0108,C00286,2025-04-17,7,206.63
T1006247,S018,P0128,C00570,2024-03-13,9,350.92
T1006248,S011,P0092,C00648,2025-04-11,1,409.48
T1006249,S015,P0018,C00323,2025-07-08,8,103.97
T1006250,S009,P0199,C00478,2025-05-11,7,236.86
T1006251,S004,P0181,C00082,2024-08-30,1,413.76
T1006252,S020,P0080,C00535,2024-02-20,2,179.09
T1006253,S014,P0142,C00338,2024-03-18,2,11.04
T1006254,S014,P0169,C00299,2024-12-18,4,303.96
T1006255,S018,P0022,C00167,2025-01-08,7,262.07
T1006256,S004,P0060,C00706,2024-12-17,4,418.63
T1006257,S003,P0161,C00217,2025-01-23,8,181.36
T1006258,S004,P0119,C00829,2024-07-17,7,491.02
T1006259,S013,P0189,C00934,2024-07-21,4,444.57
T1006260,S010,P0074,C00310,2024-06-15,9,356.86
T1006261,S007,P0065,C00495,2024-06-10,2,13.65
T1006262,S014,P0084,C00633,2025-09-10,1,262.05
T1006263,S005,P0181,C00738,2024-01-27,5,326.7
T1006264,S004,P0095,C00673,2024-08-18,8,284.19
T1006265,S015,P0169,C00750,2025-05-01,9,415.18
T1006266,S015,P0186,C00210,2025-07-25,8,274.72
T1006267,S018,P0123,C00248,2025-01-29,5,384.99
T1006268,S010,P0073,C00197,2025-01-10,9,12.67
T1006269,S006,P0053,C00876,2025-04-28,1,66.92
T1006270,S002,P0097,C00606,2025-09-24,9,96.24
T1006271,S004,P0034,C00685,2024-10-13,3,349.13
T1006272,S001,P0175,C00355,2024-11-26,3,137.43
T1006273,S011,P0171,C00072,2025-01-02,9,491.18
T1006274,S007,P0046,C00560,2024-08-16,3,424.65
T1006275,S009,P0185,C00245,2025-05-30,7,245.06
T1006276,S020,P0026,C00609,2024-09-15,2,46.96
T1006277,S010,P0113,C00706,2024-10-12,7,234.54
T1006278,S002,P0108,C00850,2024-11-07,2,346.38
T1006279,S020,P0188,C00602,2024-05-11,3,335.27
T1006280,S014,P0135,C00800,2024-02-28,3,194.38
T1006281,S006,P0173,C00702,2024-05-23,8,303.22
T1006282,S002,P0160,C00073,2024-08-19,1,417.96
T1006283,S002,P0094,C00347,2025-06-09,9,330.71
T1006284,S010,P0074,C00477,2024-12-10,7,293.47
T1006285,S002,P0116,C00384,2024-02-17,9,281.22
T1006286,S004,P0138,C00989,2024-10-08,2,454.88
T1006287,S015,P0162,C00362,2024-06-23,4,141.78
T1006288,S017,P0027,C00747,2025-06-14,8,476.41
T1006289,S011,P0141,C00156,2024-01-01,6,416.72
T1006290,S002,P0089,C00489,2025-06-05,9,155.45
T1006291,S017,P0159,C00031,2024-02-21,1,161.78
T1006292,S009,P0124,C00763,2025-08-08,2,441.46
T1006293,S006,P0046,C00390,2024-11-23,9,193.95
T1006294,S005,P0041,C00701,2024-05-04,9,280.45
T1006295,S007,P0186,C00011,2024-06-22,7,441.44
T1006296,S007,P0062,C00162,2024-11-12,7,303.94
T1006297,S016,P0104,C00738,2025-06-29,6,317.67
T1006298,S015,P0190,C00250,2025-07-17,3,207.37
T1006299,S016,P0194,C00822,2025-09-03,7,100.45
T1006300,S011,P0043,C00062,2025-03-08,2,479.67
T1006301,S017,P0191,C00908,2025-02-03,7,147.1
T1006302,S020,P0098,C00421,2025-01-13,4,16.54
T1006303,S015,P0104,C00801,2025-05-29,5,121.74
T1006304,S017,P0144,C00766,2024-02-08,9,196.23
T1006305,S015,P0158,C00509,2025-04-24,9,178.68
T1006306,S016,P0193,C00152,2025-09-13,1,178.63
T1006307,S014,P0050,C00733,2024-08-19,4,297.78
T1006308,S014,P0105,C00581,2024-09-17,3,347.56
T1006309,S008,P0173,C00548,2025-06-26,8,154.27
T1006310,S016,P0197,C00517,2024-07-25,9,271.28
T1006311,S018,P0057,C00875,2025-06-22,7,58.79
T1006312,S002,P0075,C00879,2025-04-20,1,480.42
T1006313,S003,P0118,C00984,2025-01-08,6,107.64
T1006314,S007,P0146,C00614,2025-05-11,6,9.86
T1006315,S014,P0024,C00377,2024-06-15,4,214.86
T1006316,S007,P0027,C00657,2024-01-18,8,436.03
T1006317,S007,P0006,C00202,2025-08-09,2,47.63
T1006318,S014,P0149,C00901,2025-08-22,4,491.71
T1006319,S013,P0153,C00892,2024-12-03,7,72.87
T1006320,S015,P0155,C00920,2024-08-21,8,310.26
T1006321,S013,P0190,C00696,2024-03-04,9,237.83
T1006322,S018,P0108,C00098,2025-07-05,3,179.32
T1006323,S004,P0008,C00074,2025-01-18,2,68.58
T1006324,S001,P0104,C00486,2024-07-15,7,25.08
T1006325,S001,P0052,C00390,2024-06-05,9,292.3
T1006326,S012,P0039,C00796,2025-07-12,4,498.29
T1006327,S011,P0131,C00386,2024-03-12,1,87.3
T1006328,S010,P0122,C00222,2024-07-10,9,468.82
T1006329,S016,P0194,C00473,2024-05-07,3,301.21
T1006330,S010,P0194,C00436,2024-08-02,9,360.98
T1006331,S010,P0165,C00065,2024-02-13,5,103.1
T1006332,S018,P0109,C00881,2024-05-26,8,114.23
T1006333,S013,P0198,C00433,2024-11-26,6,94.35
T1006334,S001,P0120,C00118,2025-05-31,9,381.87
T1006335,S016,P0133,C00490,2025-08-07,9,333.84
T1006336,S002,P0120,C00131,2024-01-06,2,77.22
T1006337,S004,P0140,C00845,2025-05-02,3,326.34
T1006338,S015,P0161,C00451,2024-12-25,5,156.77
T1006339,S005,P0077,C00489,2024-07-31,4,443.9
T1006340,S018,P0061,C00678,2024-12-21,4,117.13
T1006341,S012,P0007,C00008,2025-03-05,5,6.4
T1006342,S012,P0106,C00663,2025-06-18,7,422.2
T1006343,S016,P0016,C00241,2024-02-24,5,246.32
T1006344,S015,P0136,C00400,2025-07-31,2,84.48
T1006345,S009,P0111,C00834,2024-10-08,4,287.75
T1006346,S016,P0097,C00056,2024-09-30,9,287.7
T1006347,S006,P0062,C00324,2024-06-16,5,76.65
T1006348,S011,P0150,C00369,2024-01-07,6,163.09
T1006349,S003,P0118,C00969,2025-01-12,8,163.34
T1006350,S019,P0098,C00685,2024-02-27,9,409.43
T1006351,S004,P0138,C00565,2025-08-28,2,440.13
T1006352,S001,P0175,C00814,2025-08-12,4,428.12
T1006353,S019,P0107,C00474,2024-11-28,3,445.15
T1006354,S009,P0133,C00990,2024-12-15,2,442.56
T1006355,S015,P0169,C00776,2024-01-13,3,114.54
T1006356,S015,P0101,C00676,2025-03-18,8,152.7
T1006357,S015,P0063,C00301,2025-09-14,5,301.5
T1006358,S010,P0031,C00898,2025-02-12,2,380.48
T1006359,S003,P0162,C00260,2025-07-01,9,131.83
T1006360,S010,P0177,C00034,2025-06-19,5,184.22
T1006361,S018,P0191,C00096,2025-05-23,1,453.26
T1006362,S013,P0083,C00511,2024-05-06,4,56.64
T1006363,S001,P0193,C00614,2025-06-22,8,315.8
T1006364,S013,P0148,C00993,2025-05-04,3,375.96
T1006365,S012,P0105,C00813,2025-08-20,2,126.41
T1006366,S007,P0053,C00097,2024-06-05,6,377.43
T1006367,S006,P0051,C00578,2024-02-25,1,483.1
T1006368,S007,P0128,C00786,2024-06-03,4,247.24
T1006369,S008,P0067,C00396,2024-11-07,5,106.7
T1006370,S004,P0171,C00230,2025-03-06,6,443.17
T1006371,S020,P0164,C00793,2024-05-18,6,6.11
T1006372,S016,P0157,C00665,2025-08-24,5,140.08
T1006373,S011,P0113,C00269,2024-12-29,1,209.72
T1006374,S017,P0163,C00656,2024-07-29,4,223.56
T1006375,S010,P0190,C00233,2024-06-11,9,436.69
T1006376,S018,P0027,C00993,2025-02-18,4,483.72
T1006377,S002,P0190,C00076,2024-10-11,5,177.16
T1006378,S010,P0081,C00821,2024-07-15,4,138.46
T1006379,S018,P0113,C00704,2024-06-29,5,482.55
T1006380,S002,P0085,C00291,2024-05-13,6,174.77
T1006381,S013,P0174,C00632,2024-06-09,4,22.79
T1006382,S018,P0009,C00318,2025-02-01,7,416.06
T1006383,S017,P0192,C00625,2024-10-31,1,358.52
T1006384,S013,P0063,C00438,2025-08-18,7,32.41
T1006385,S015,P0046,C00286,2024-10-28,9,247.48
T1006386,S001,P0101,C00811,2024-01-24,9,341.83
T1006387,S011,P0101,C00125,2024-05-06,7,91.54
T1006388,S008,P0010,C00916,2025-01-13,6,105.34
T1006389,S017,P0067,C00762,2024-05-20,7,102.24
T1006390,S020,P0028,C00699,2025-01-06,8,376.18
T1006391,S007,P0066,C00048,2024-03-24,1,255.36
T1006392,S018,P0106,C00308,2025-05-20,8,473.19
T1006393,S020,P0191,C00144,2025-01-15,4,197.29
T1006394,S018,P0003,C00577,2025-06-09,6,55.54
T1006395,S020,P0053,C00848,2024-11-23,9,379.79
T1006396,S011,P0094,C00198,2024-11-14,3,139.86
T1006397,S013,P0187,C00920,2024-02-04,3,317.19
T1006398,S002,P0086,C00085,2024-03-22,2,145.01
T1006399,S011,P0032,C00081,2024-04-03,2,399.83
T1006400,S016,P0053,C00528,2024-05-04,9,384.53
T1006401,S019,P0030,C00527,2024-08-07,9,346.58
T1006402,S004,P0185,C00209,2025-03-04,3,272.87
T1006403,S017,P0169,C00242,2025-04-26,4,13.92
T1006404,S015,P0074,C00328,2025-02-08,5,404.97
T1006405,S004,P0118,C00351,2025-05-30,7,403.47
T1006406,S013,P0028,C00941,2025-06-19,7,39.84
T1006407,S001,P0114,C00148,2025-05-03,4,121.62
T1006408,S017,P0011,C00707,2025-03-27,5,485.16
T1006409,S017,P0140,C00222,2024-10-09,7,468.22
T1006410,S002,P0192,C00924,2024-09-29,7,38.98
T1006411,S013,P0004,C00239,2024-01-29,6,245.98
T1006412,S006,P0012,C00585,2024-06-14,6,353.2
T1006413,S014,P0145,C00916,2025-09-27,1,46.15
T1006414,S014,P0134,C00785,2024-11-04,6,242.41
T1006415,S005,P0143,C00095,2024-06-06,6,24.64
T1006416,S013,P0044,C00177,2024-11-07,8,425.29
T1006417,S019,P0193,C00527,2024-05-16,4,81.1
T1006418,S002,P0126,C00162,2025-05-06,9,276.3
T1006419,S012,P0014,C00997,2025-06-04,7,113.5
T1006420,S019,P0173,C00527,2024-09-05,9,152.26
T1006421,S003,P0066,C00029,2025-05-27,8,168.6
T1006422,S019,P0045,C00817,2025-09-01,2,237.61
T1006423,S012,P0195,C00557,2024-06-09,4,463.47
T1006424,S002,P0171,C00275,2024-07-30,8,67.51
T1006425,S012,P0049,C00511,2024-02-25,6,330.2
T1006426,S020,P0128,C00992,2025-02-01,6,315.41
T1006427,S007,P0030,C00099,2024-08-06,9,171.71
T1006428,S002,P0118,C00488,2024-12-15,7,126.01
T1006429,S017,P0147,C00033,2024-07-20,1,394.76
T1006430,S003,P0079,C00753,2024-11-08,2,256.99
T1006431,S001,P0094,C00902,2024-12-07,5,156.15
T1006432,S014,P0192,C00616,2024-12-26,2,47.86
T1006433,S001,P0180,C00792,2025-08-27,3,113.82
T1006434,S013,P0167,C00800,2025-07-16,4,210.54
T1006435,S019,P0009,C00184,2024-08-07,6,337.63
T1006436,S016,P0143,C00861,2024-11-13,1,169.13
T1006437,S013,P0019,C00612,2024-02-09,7,300.52
T1006438,S004,P0176,C00746,2024-03-14,1,99.25
T1006439,S004,P0112,C00233,2024-07-07,3,148.85
T1006440,S007,P0194,C00647,2024-08-13,5,498.35
T1006441,S005,P0155,C00611,2025-09-08,6,37.9
T1006442,S009,P0021,C00180,2024-08-25,2,204.74
T1006443,S020,P0039,C00409,2025-08-07,8,259.18
T1006444,S019,P0090,C00850,2024-09-24,7,333.7
T1006445,S007,P0080,C00189,2024-02-15,1,164.41
T1006446,S004,P0105,C00968,2024-08-30,5,37.53
T1006447,S019,P0060,C00823,2025-01-02,6,158.49
T1006448,S004,P0092,C00036,2024-05-12,1,460.29
T1006449,S011,P0158,C00620,2024-07-04,6,45.4
T1006450,S015,P0070,C00238,2025-08-29,2,132.21
T1006451,S009,P0170,C00461,2025-08-15,7,123.69
T1006452,S018,P0146,C00790,2024-07-17,9,328.79
T1006453,S004,P0021,C00839,2025-01-26,1,494.49
T1006454,S015,P0052,C00545,2024-09-24,1,285.41
T1006455,S004,P0171,C00579,2024-10-20,5,479.77
T1006456,S006,P0094,C00148,2024-10-15,2,209.47
T1006457,S003,P0165,C00185,2024-07-05,2,330.27
T1006458,S020,P0050,C00354,2025-06-26,8,191.15
T1006459,S009,P0131,C00378,2024-11-01,3,364.72
T1006460,S008,P0057,C00157,2024-10-19,6,360.84
T1006461,S004,P0198,C00829,2025-05-01,7,260.09
T1006462,S020,P0110,C00475,2024-08-14,4,414.53
T1006463,S010,P0147,C00016,2024-05-26,6,114.98
T1006464,S003,P0180,C00467,2024-01-27,5,137.66
T1006465,S009,P0141,C00191,2025-01-09,1,19.77
T1006466,S010,P0158,C00247,2025-05-24,7,183.08
T1006467,S002,P0074,C00222,2024-02-05,5,124.13
T1006468,S002,P0107,C00975,2024-06-27,4,482.6
T1006469,S016,P0070,C00825,2024-02-19,9,10.32
T1006470,S014,P0117,C00145,2025-01-30,2,10.82
T1006471,S013,P0051,C00238,2025-04-25,1,299.03
T1006472,S010,P0099,C00130,2024-01-24,3,499.35
T1006473,S002,P0118,C00446,2024-09-29,1,431.72
T1006474,S017,P0172,C00014,2025-03-17,3,152.85
T1006475,S018,P0076,C00460,2025-09-30,9,211.76
T1006476,S016,P0171,C00309,2025-06-05,5,201.52
T1006477,S017,P0025,C00986,2024-06-17,9,353.04
T1006478,S018,P0195,C00165,2025-02-23,4,114.12
T1006479,S014,P0027,C00521,2024-12-22,6,290.71
T1006480,S006,P0169,C00847,2024-01-15,2,128.25
T1006481,S002,P0133,C00836,2024-01-08,6,414.93
T1006482,S011,P0124,C00961,2024-09-20,5,475.01
T1006483,S013,P0139,C00010,2025-09-13,8,81.61
T1006484,S008,P0082,C00982,2025-06-13,9,154.52
T1006485,S017,P0100,C00729,2024-03-29,9,43.13
T1006486,S011,P0021,C00962,2024-03-13,7,56.02
T1006487,S008,P0182,C00345,2025-07-27,3,309.32
T1006488,S018,P0088,C00406,2024-12-10,4,378.19
T1006489,S001,P0004,C00591,2024-06-09,1,169.74
T1006490,S010,P0005,C00347,2024-04-08,4,353.76
T1006491,S006,P0051,C00501,2024-12-31,6,79.9
T1006492,S004,P0054,C00962,2024-12-03,3,187.37
T1006493,S001,P0066,C00873,2024-08-25,4,15.28
T1006494,S003,P0184,C00566,2025-09-25,4,223.86
T1006495,S015,P0016,C00700,2025-01-31,7,432.79
T1006496,S009,P0105,C00726,2025-06-19,2,55.66
T1006497,S020,P0017,C00488,2024-11-26,1,296.41
T1006498,S005,P0192,C00134,2024-06-06,7,140.58
T1006499,S018,P0076,C00156,2024-04-24,6,46.68
T1006500,S019,P0111,C00243,2024-05-31,4,32.72
T1006501,S004,P0089,C00731,2024-09-19,2,370.12
T1006502,S006,P0129,C00238,2025-07-27,5,146.14
T1006503,S018,P0146,C00539,2025-01-24,5,473.58
T1006504,S001,P0197,C00065,2025-03-10,9,32.06
T1006505,S011,P0157,C00239,2024-11-10,5,372.8
T1006506,S007,P0185,C00541,2025-03-11,6,71.63
T1006507,S008,P0154,C00327,2025-09-30,6,428.06
T1006508,S007,P0033,C00829,2025-04-24,8,154.61
T1006509,S013,P0023,C00537,2024-12-28,1,66.14
T1006510,S013,P0149,C00705,2024-04-26,1,380.04
T1006511,S009,P0102,C00788,2024-04-08,9,158.32
T1006512,S004,P0059,C00505,2024-10-20,4,127.38
T1006513,S009,P0171,C00093,2025-02-19,5,412.27
T1006514,S009,P0016,C00175,2025-05-18,4,200.53
T1006515,S015,P0138,C00698,2024-08-30,4,269.6
T1006516,S003,P0083,C00155,2025-08-06,8,165.14
T1006517,S007,P0129,C00779,2024-06-17,8,366.89
T1006518,S001,P0091,C00483,2025-02-05,6,130.34
T1006519,S017,P0151,C00158,2024-03-05,4,246.82
T1006520,S016,P0028,C00388,2025-04-21,6,150.01
T1006521,S012,P0041,C00797,2024-07-10,2,304.07
T1006522,S018,P0115,C00969,2024-10-19,8,163.23
T1006523,S018,P0156,C00450,2024-08-12,4,354.27
T1006524,S002,P0163,C00617,2025-06-17,2,173.75
T1006525,S017,P0149,C00420,2025-03-26,9,362.88
T1006526,S019,P0157,C00954,2024-03-21,4,335.46
T1006527,S002,P0081,C00063,2024-03-16,6,283.44
T1006528,S009,P0171,C00094,2024-07-23,4,201.14
T1006529,S003,P0139,C00259,2025-03-07,4,248.82
T1006530,S020,P0183,C00037,2024-02-25,4,370.93
T1006531,S020,P0075,C00229,2024-05-27,8,202.54
T1006532,S001,P0199,C00269,2024-12-22,9,424.66
T1006533,S006,P0054,C00439,2025-08-18,5,124.49
T1006534,S002,P0014,C00381,2024-07-26,2,153.73
T1006535,S008,P0072,C00118,2024-09-25,5,364.59
T1006536,S008,P0165,C00289,2025-09-07,2,154.07
T1006537,S010,P0090,C00669,2025-09-05,2,227.94
T1006538,S008,P0057,C00477,2025-01-22,8,494.02
T1006539,S013,P0142,C00124,2025-03-01,5,181.54
T1006540,S018,P0125,C00508,2025-03-03,6,58.26
T1006541,S009,P0200,C00491,2025-08-20,7,299.69
T1006542,S015,P0064,C00995,2025-07-18,8,254.9
T1006543,S001,P0154,C00158,2025-05-20,8,151.66
T1006544,S009,P0032,C00616,2024-02-07,2,129.16
T1006545,S013,P0047,C00296,2025-02-18,3,58.05
T1006546,S016,P0146,C00118,2025-05-22,1,34.79
T1006547,S004,P0054,C00104,2024-11-27,4,83.8
T1006548,S016,P0103,C00052,2024-06-28,8,498.1
T1006549,S002,P0017,C00720,2025-07-27,1,432.68
T1006550,S018,P0026,C00899,2025-03-08,8,143.29
T1006551,S013,P0089,C00538,2024-12-12,9,241.36
T1006552,S018,P0089,C00209,2024-11-10,2,319.14
T1006553,S002,P0091,C00131,2025-07-30,9,389.56
T1006554,S007,P0149,C00906,2024-11-04,8,381.13
T1006555,S020,P0185,C00408,2024-04-05,4,47.42
T1006556,S015,P0020,C00257,2024-09-24,2,441.95
T1006557,S010,P0080,C00834,2025-04-13,3,66.31
T1006558,S020,P0103,C00633,2025-03-05,2,473.93
T1006559,S010,P0193,C00845,2024-04-20,2,126.11
T1006560,S017,P0133,C00536,2025-07-20,6,478.68
T1006561,S011,P0095,C00870,2024-06-17,4,318.48
T1006562,S014,P0052,C00036,2025-02-01,9,356.97
T1006563,S001,P0099,C00778,2025-05-24,2,375.08
T1006564,S013,P0126,C00261,2024-05-16,3,12.23
T1006565,S015,P0136,C00760,2025-02-27,2,37.8
T1006566,S006,P0004,C00256,2024-09-11,3,73.52
T1006567,S002,P0171,C00676,2024-10-02,7,429.7
T1006568,S020,P0179,C00017,2024-06-12,2,328.94
T1006569,S015,P0127,C00183,2024-02-04,4,444.35
T1006570,S005,P0086,C00034,2024-07-05,5,251.73
T1006571,S013,P0099,C00462,2024-11-17,6,53.99
T1006572,S005,P0099,C00375,2025-07-31,6,466.68
T1006573,S006,P0087,C00885,2025-08-16,9,334.36
T1006574,S018,P0128,C00395,2024-07-23,3,66.58
T1006575,S016,P0125,C00117,2025-02-26,5,336.52
T1006576,S001,P0136,C00910,2024-06-13,1,414.04
T1006577,S018,P0192,C00612,2025-05-06,6,96.66
T1006578,S004,P0036,C00812,2024-09-24,3,361.64
T1006579,S004,P0147,C00442,2025-06-19,3,223.58
T1006580,S002,P0198,C00789,2025-06-12,8,75.41
T1006581,S010,P0063,C00676,2024-03-04,9,145.9
T1006582,S019,P0065,C00819,2025-02-22,6,471.63
T1006583,S003,P0104,C00153,2024-07-07,8,237.71
T1006584,S016,P0126,C00602,2024-11-02,7,264.29
T1006585,S008,P0154,C00253,2024-02-29,9,70.64
T1006586,S002,P0019,C00229,2025-08-06,8,136.83
T1006587,S004,P0007,C00080,2024-12-07,2,471.6
T1006588,S010,P0066,C00675,2025-03-01,6,362.65
T1006589,S001,P0077,C00996,2025-01-12,7,360.61
T1006590,S009,P0198,C00336,2025-06-05,4,203.68
T1006591,S012,P0096,C00581,2024-03-23,1,438.45
T1006592,S012,P0184,C00858,2024-12-27,3,260.42
T1006593,S015,P0082,C00878,2024-12-20,4,159.82
T1006594,S020,P0152,C00696,2025-01-13,6,472.42
T1006595,S014,P0134,C00493,2025-09-23,4,459.41
T1006596,S016,P0184,C00503,2025-04-28,5,226.27
T1006597,S012,P0049,C00227,2024-12-26,2,305.88
T1006598,S001,P0107,C00694,2024-07-08,3,268.24
T1006599,S013,P0134,C00401,2024-09-05,4,243.45
T1006600,S001,P0013,C00871,2024-09-05,1,276.21
T1006601,S005,P0112,C00152,2024-05-14,5,383.55
T1006602,S004,P0106,C00994,2025-06-10,1,337.69
T1006603,S002,P0005,C00686,2025-02-03,5,299.17
T1006604,S017,P0027,C00542,2024-07-30,8,120.38
T1006605,S010,P0067,C00300,2024-02-01,7,243.74
T1006606,S004,P0063,C00943,2025-04-24,8,377.33
T1006607,S007,P0161,C00744,2025-01-17,4,431.08
T1006608,S018,P0012,C00463,2024-01-18,6,12.85
T1006609,S002,P0191,C00355,2024-06-26,9,363.56
T1006610,S012,P0099,C00687,2025-04-06,7,297.95
T1006611,S009,P0035,C00593,2024-03-19,7,233.99
T1006612,S018,P0121,C00424,2024-02-09,4,415.8
T1006613,S010,P0022,C00828,2025-03-01,4,130.56
T1006614,S013,P0066,C00260,2025-02-25,2,396.29
T1006615,S008,P0114,C00222,2024-04-17,8,170.15
T1006616,S020,P0051,C00468,2024-07-16,3,216.21
T1006617,S017,P0024,C00224,2024-12-31,4,379.39
T1006618,S004,P0169,C00677,2025-02-12,7,490.92
T1006619,S016,P0097,C00667,2024-10-08,1,417.23
T1006620,S018,P0180,C00977,2024-11-16,2,103.05
T1006621,S008,P0171,C00025,2024-09-27,3,204.41
T1006622,S010,P0096,C00269,2024-12-30,6,412.31
T1006623,S011,P0089,C00924,2025-01-26,6,372.01
T1006624,S009,P0123,C00775,2024-08-09,2,107.04
T1006625,S006,P0049,C00129,2024-01-22,7,310.2
T1006626,S020,P0184,C00512,2024-09-27,3,231.41
T1006627,S007,P0089,C00892,2024-09-12,1,8.46
T1006628,S020,P0079,C00733,2025-06-05,8,180.28
T1006629,S018,P0162,C00203,2025-06-29,8,295.41
T1006630,S018,P0047,C00201,2025-06-29,4,421.93
T1006631,S007,P0021,C00310,2024-02-07,6,170.87
T1006632,S007,P0077,C00258,2024-05-29,6,18.45
T1006633,S009,P0078,C00886,2025-08-07,9,435.64
T1006634,S001,P0005,C00172,2025-06-03,7,496.38
T1006635,S009,P0066,C00503,2025-08-16,8,275.86
T1006636,S019,P0050,C00423,2025-07-02,4,70.6
T1006637,S018,P0131,C00143,2024-03-08,9,267.56
T1006638,S002,P0101,C00755,2024-02-18,1,43.14
T1006639,S002,P0132,C00285,2024-09-26,6,59.54
T1006640,S020,P0159,C00589,2024-07-04,1,355.17
T1006641,S010,P0023,C00907,2025-01-05,8,455.55
T1006642,S004,P0008,C00404,2024-01-13,1,224.71
T1006643,S017,P0114,C00591,2024-09-08,7,464.01
T1006644,S007,P0065,C00154,2024-08-01,7,77.65
T1006645,S016,P0018,C00025,2025-08-14,4,398.87
T1006646,S017,P0044,C00728,2024-05-10,4,390.6
T1006647,S001,P0069,C00773,2024-07-15,1,256.64
T1006648,S010,P0079,C00138,2024-02-19,6,394.75
T1006649,S002,P0058,C00457,2025-03-05,4,405.96
T1006650,S017,P0027,C00721,2025-03-29,8,90.3
T1006651,S006,P0184,C00816,2024-04-07,1,104.08
T1006652,S018,P0010,C00794,2024-04-10,3,275.4
T1006653,S007,P0055,C00001,2025-03-12,6,62.42
T1006654,S002,P0037,C00785,2024-07-14,2,401.52
T1006655,S019,P0199,C00298,2024-03-29,5,135.12
T1006656,S003,P0094,C00403,2024-10-25,9,354.36
T1006657,S018,P0009,C00455,2024-03-31,8,419.82
T1006658,S015,P0002,C00601,2024-01-18,2,346.13
T1006659,S001,P0178,C00679,2024-02-25,1,392.85
T1006660,S019,P0023,C00048,2024-02-06,2,248.95
T1006661,S019,P0033,C00056,2024-10-20,7,260.63
T1006662,S003,P0114,C00096,2024-07-20,9,114.17
T1006663,S007,P0023,C00151,2025-03-21,5,445.4
T1006664,S005,P0160,C00530,2025-04-17,2,242.78
T1006665,S019,P0069,C00925,2025-02-11,7,51.0
T1006666,S009,P0019,C00575,2025-09-22,1,247.38
T1006667,S006,P0101,C00041,2024-04-26,9,338.35
T1006668,S017,P0056,C00893,2024-10-12,7,422.2
T1006669,S009,P0031,C00462,2024-01-22,4,355.73
T1006670,S002,P0133,C00172,2024-06-23,8,382.77
T1006671,S020,P0022,C00359,2025-06-15,3,120.28
T1006672,S004,P0140,C00066,2025-07-20,5,140.15
T1006673,S001,P0189,C00162,2024-12-24,8,128.15
T1006674,S019,P0177,C00548,2025-04-10,8,145.98
T1006675,S014,P0196,C00298,2024-04-12,8,46.88
T1006676,S002,P0005,C00577,2025-03-17,4,389.99
T1006677,S005,P0080,C00007,2025-05-21,6,444.72
T1006678,S011,P0179,C00585,2024-08-31,1,254.1
T1006679,S013,P0055,C00339,2025-08-28,1,171.25
T1006680,S007,P0083,C00475,2025-01-16,2,251.05
T1006681,S010,P0041,C00505,2025-05-05,1,377.66
T1006682,S008,P0053,C00923,2025-07-22,3,420.16
T1006683,S016,P0186,C00927,2024-02-28,3,390.11
T1006684,S013,P0077,C00313,2025-02-16,7,141.13
T1006685,S014,P0102,C00822,2024-12-19,8,81.8
T1006686,S008,P0189,C00167,2024-11-05,6,80.37
T1006687,S010,P0049,C00211,2025-03-01,7,93.9
T1006688,S004,P0067,C00110,2024-08-09,4,422.47
T1006689,S002,P0170,C00920,2025-07-04,5,26.91
T1006690,S002,P0100,C00850,2024-04-09,7,208.73
T1006691,S012,P0005,C00316,2024-01-03,4,39.49
T1006692,S014,P0121,C00331,2024-10-01,7,343.77
T1006693,S013,P0138,C00789,2025-06-22,6,404.13
T1006694,S004,P0067,C00045,2024-12-12,3,141.52
T1006695,S014,P0131,C00177,2025-01-28,7,65.69
T1006696,S006,P0155,C00301,2025-08-18,3,286.81
T1006697,S008,P0082,C00877,2025-03-18,6,490.51
T1006698,S007,P0188,C00405,2025-05-28,5,229.16
T1006699,S010,P0054,C00195,2024-09-12,5,27.86
T1006700,S004,P0167,C00765,2024-09-06,4,249.51
T1006701,S006,P0143,C00380,2024-10-23,3,256.03
T1006702,S018,P0077,C00973,2025-04-18,7,243.6
T1006703,S013,P0063,C00878,2025-04-30,7,244.04
T1006704,S002,P0058,C00343,2024-03-12,6,22.25
T1006705,S020,P0019,C00750,2025-01-29,1,178.44
T1006706,S012,P0029,C00628,2024-04-16,7,238.76
T1006707,S016,P0117,C00229,2024-01-07,4,121.05
T1006708,S004,P0147,C00427,2024-11-08,3,161.38
T1006709,S007,P0106,C00512,2025-07-24,7,439.12
T1006710,S003,P0106,C00921,2025-05-22,2,195.58
T1006711,S010,P0075,C00339,2025-03-10,2,308.37
T1006712,S008,P0108,C00630,2024-03-19,2,23.66
T1006713,S015,P0164,C00346,2024-01-22,6,130.15
T1006714,S020,P0089,C00312,2024-04-12,8,277.08
T1006715,S019,P0008,C00436,2024-03-31,1,431.59
T1006716,S004,P0088,C00813,2024-12-28,5,78.16
T1006717,S013,P0018,C00941,2024-04-30,7,321.42
T1006718,S011,P0089,C00288,2025-04-25,9,250.78
T1006719,S010,P0095,C00619,2024-10-01,7,406.72
T1006720,S011,P0173,C00867,2024-11-28,4,384.25
T1006721,S007,P0070,C00316,2024-11-14,6,366.58
T1006722,S012,P0061,C00098,2024-07-29,7,254.49
T1006723,S006,P0011,C00559,2025-08-14,5,316.7
T1006724,S016,P0070,C00686,2024-08-22,7,191.98
T1006725,S007,P0178,C00752,2024-08-16,3,160.3
T1006726,S014,P0007,C00811,2024-07-27,6,131.66
T1006727,S020,P0156,C00547,2025-08-18,8,221.13
T1006728,S015,P0020,C00275,2025-01-12,3,219.09
T1006729,S004,P0047,C00233,2024-12-30,2,478.92
T1006730,S015,P0004,C00503,2024-06-30,4,362.0
T1006731,S015,P0028,C00308,2025-09-25,4,156.3
T1006732,S007,P0081,C00864,2024-01-17,4,473.42
T1006733,S005,P0136,C00139,2024-12-24,9,386.44
T1006734,S007,P0107,C00051,2025-03-30,2,168.07
T1006735,S003,P0059,C00607,2024-05-05,1,70.2
T1006736,S019,P0088,C00238,2025-08-01,7,288.28
T1006737,S015,P0008,C00284,2024-03-18,6,73.91
T1006738,S001,P0186,C00194,2024-05-28,4,337.96
T1006739,S012,P0055,C00051,2025-06-06,6,399.52
T1006740,S003,P0107,C00340,2024-02-21,3,227.24
T1006741,S013,P0200,C00591,2024-06-05,6,68.28
T1006742,S012,P0087,C00926,2024-07-14,7,141.83
T1006743,S007,P0190,C00689,2025-06-10,2,66.3
T1006744,S009,P0120,C00796,2025-05-26,2,437.56
T1006745,S020,P0055,C00587,2024-10-03,4,211.08
T1006746,S011,P0020,C00017,2024-06-22,3,105.8
T1006747,S001,P0151,C00994,2024-07-23,4,244.19
T1006748,S012,P0084,C00454,2024-09-01,2,425.84
T1006749,S017,P0122,C00336,2024-04-24,8,147.92
T1006750,S003,P0157,C00443,2024-07-25,1,289.03
T1006751,S016,P0009,C00135,2025-06-22,9,346.61
T1006752,S002,P0081,C00340,2025-07-14,8,393.68
T1006753,S008,P0149,C00013,2024-09-29,6,390.54
T1006754,S007,P0088,C00009,2025-07-17,8,377.87
T1006755,S002,P0059,C00843,2024-02-28,7,398.51
T1006756,S015,P0078,C00644,2024-12-28,6,297.26
T1006757,S018,P0133,C00989,2025-02-03,2,446.03
T1006758,S017,P0154,C00178,2025-04-02,3,399.4
T1006759,S007,P0123,C00433,2025-05-30,4,358.09
T1006760,S017,P0104,C00758,2025-09-30,2,26.86
T1006761,S018,P0041,C00898,2024-01-20,4,381.22
T1006762,S015,P0083,C00830,2025-06-25,3,422.58
T1006763,S016,P0181,C00161,2025-04-03,9,59.33
T1006764,S013,P0197,C00155,2025-07-08,9,389.92
T1006765,S017,P0119,C00334,2025-04-22,6,171.25
T1006766,S013,P0065,C00367,2025-04-27,2,321.3
T1006767,S003,P0014,C00580,2024-07-20,7,188.21
T1006768,S020,P0004,C01000,2025-04-05,8,326.07
T1006769,S001,P0190,C00208,2025-10-01,1,485.53
T1006770,S013,P0071,C00612,2025-08-26,1,79.81
T1006771,S015,P0193,C00211,2024-10-27,3,46.73
T1006772,S007,P0088,C00841,2024-02-06,9,436.64
T1006773,S008,P0041,C00158,2025-02-02,1,419.79
T1006774,S015,P0131,C00015,2025-02-06,6,110.27
T1006775,S007,P0194,C00129,2025-07-31,6,392.39
T1006776,S005,P0032,C00150,2024-03-12,4,55.89
T1006777,S007,P0060,C00777,2024-09-15,2,176.68
T1006778,S007,P0010,C00043,2025-07-15,4,61.02
T1006779,S012,P0029,C00173,2024-04-17,5,465.69
T1006780,S019,P0141,C00357,2025-05-12,4,329.14
T1006781,S009,P0178,C00906,2024-08-19,5,36.93
T1006782,S009,P0049,C00577,2025-03-23,2,206.89
T1006783,S017,P0121,C00938,2024-09-12,6,130.11
T1006784,S001,P0073,C00317,2024-09-20,7,494.25
T1006785,S017,P0056,C00877,2024-04-14,2,47.57
T1006786,S005,P0002,C00653,2024-04-04,4,303.36
T1006787,S013,P0130,C00488,2024-11-30,3,181.35
T1006788,S018,P0051,C00179,2025-05-29,2,168.12
T1006789,S015,P0075,C00260,2025-06-21,9,345.11
T1006790,S003,P0152,C00738,2025-02-14,5,23.23
T1006791,S011,P0049,C00302,2024-07-01,3,53.36
T1006792,S004,P0115,C00576,2024-10-08,5,68.75
T1006793,S010,P0034,C00102,2024-08-05,3,449.9
T1006794,S001,P0161,C00488,2024-02-18,1,423.44
T1006795,S020,P0141,C00942,2025-01-14,4,191.68
T1006796,S010,P0118,C00920,2024-04-22,7,303.29
T1006797,S002,P0166,C00928,2025-07-12,4,126.74
T1006798,S019,P0136,C00975,2024-07-16,8,450.43
T1006799,S017,P0139,C00307,2025-02-06,2,159.83
T1006800,S004,P0103,C00160,2024-09-02,4,443.5
T1006801,S005,P0055,C00327,2024-05-23,4,180.24
T1006802,S009,P0148,C00428,2025-03-26,1,26.58
T1006803,S019,P0195,C00351,2024-07-02,6,377.38
T1006804,S015,P0169,C00016,2024-08-02,2,113.79
T1006805,S010,P0030,C00456,2025-09-13,4,9.55
T1006806,S011,P0189,C00159,2025-02-05,8,200.27
T1006807,S004,P0176,C00791,2024-02-25,1,366.66
T1006808,S004,P0030,C00133,2024-04-16,9,169.32
T1006809,S020,P0185,C00295,2024-12-03,2,465.75
T1006810,S019,P0182,C00791,2025-01-30,8,416.43
T1006811,S015,P0154,C00620,2024-09-30,1,40.94
T1006812,S003,P0146,C00315,2024-08-20,4,32.35
T1006813,S002,P0135,C00323,2024-05-26,1,102.48
T1006814,S016,P0179,C00425,2025-01-03,2,81.49
T1006815,S018,P0176,C00362,2024-06-13,8,140.84
T1006816,S018,P0147,C00466,2024-09-23,1,50.01
T1006817,S007,P0121,C00704,2024-08-27,9,170.92
T1006818,S016,P0040,C00537,2024-01-08,6,441.79
T1006819,S016,P0062,C00236,2024-01-06,8,347.73
T1006820,S009,P0175,C00169,2024-05-31,1,388.62
T1006821,S008,P0065,C00871,2024-03-23,3,137.07
T1006822,S003,P0128,C00363,2024-12-28,1,213.25
T1006823,S003,P0012,C00219,2025-02-07,9,325.65
T1006824,S017,P0141,C00120,2024-04-18,5,223.56
T1006825,S005,P0078,C00207,2025-04-07,4,110.21
T1006826,S018,P0160,C00609,2024-06-20,1,167.26
T1006827,S002,P0111,C00336,2024-05-27,7,29.66
T1006828,S015,P0010,C00006,2025-03-17,9,112.96
T1006829,S011,P0124,C00858,2024-07-11,2,408.85
T1006830,S007,P0105,C00523,2025-03-21,4,389.17
T1006831,S007,P0016,C00049,2024-10-07,8,62.31
T1006832,S011,P0156,C00882,2024-11-14,5,139.4
T1006833,S014,P0052,C00820,2024-10-12,6,94.24
T1006834,S008,P0043,C00703,2025-06-28,9,109.32
T1006835,S014,P0151,C00810,2025-03-24,9,177.19
T1006836,S010,P0021,C00926,2024-09-06,6,449.54
T1006837,S016,P0102,C00862,2024-03-13,7,44.54
T1006838,S004,P0112,C00890,2024-10-20,2,98.0
T1006839,S007,P0024,C00271,2024-10-14,3,405.38
T1006840,S007,P0129,C00135,2024-07-14,4,7.25
T1006841,S008,P0056,C00542,2025-03-13,3,252.02
T1006842,S003,P0068,C00501,2024-12-29,3,364.32
T1006843,S020,P0130,C00558,2024-09-13,1,339.03
T1006844,S013,P0137,C00550,2025-08-29,7,220.01
T1006845,S008,P0086,C00384,2025-08-17,9,193.79
T1006846,S019,P0102,C00957,2024-01-08,1,432.65
T1006847,S013,P0182,C00938,2024-10-31,5,245.9
T1006848,S008,P0089,C00132,2024-03-24,8,273.97
T1006849,S008,P0096,C00112,2024-02-01,5,109.04
T1006850,S003,P0057,C00426,2024-10-04,5,246.84
T1006851,S016,P0107,C00841,2024-06-19,6,253.51
T1006852,S009,P0125,C00429,2025-01-06,7,306.02
T1006853,S004,P0197,C00762,2025-06-17,5,61.69
T1006854,S015,P0089,C00724,2025-03-05,5,31.32
T1006855,S014,P0183,C00485,2024-06-26,4,405.12
T1006856,S012,P0196,C00726,2025-03-04,3,29.01
T1006857,S014,P0011,C00937,2025-01-06,9,71.08
T1006858,S016,P0004,C00648,2025-08-29,7,49.16
T1006859,S006,P0120,C00587,2025-02-23,1,53.77
T1006860,S002,P0161,C00020,2024-01-11,3,370.53
T1006861,S017,P0013,C00674,2025-04-29,8,75.13
T1006862,S003,P0046,C00912,2024-02-27,8,172.87
T1006863,S013,P0114,C00717,2024-05-07,6,429.28
T1006864,S004,P0180,C00457,2024-05-31,6,12.17
T1006865,S015,P0042,C00478,2025-01-22,3,229.07
T1006866,S012,P0159,C00236,2025-05-05,2,443.01
T1006867,S004,P0037,C00398,2025-01-17,2,116.14
T1006868,S015,P0131,C00737,2025-05-14,6,356.79
T1006869,S019,P0043,C00022,2025-01-13,8,176.45
T1006870,S016,P0143,C00289,2025-04-22,8,234.66
T1006871,S016,P0078,C00511,2024-11-03,8,205.54
T1006872,S013,P0085,C00175,2024-09-20,2,112.01
T1006873,S007,P0148,C00653,2024-05-06,2,436.98
T1006874,S006,P0120,C00160,2024-11-02,9,130.7
T1006875,S014,P0124,C00335,2025-08-06,3,143.26
T1006876,S014,P0148,C00920,2025-07-01,4,66.91
T1006877,S007,P0061,C00961,2024-12-16,5,143.36
T1006878,S009,P0174,C00764,2024-07-08,9,286.71
T1006879,S016,P0152,C00602,2024-10-29,6,388.11
T1006880,S011,P0160,C00404,2024-11-22,2,318.59
T1006881,S001,P0012,C00980,2024-09-04,5,7.64
T1006882,S017,P0080,C00241,2025-07-28,8,96.37
T1006883,S011,P0012,C00419,2024-10-26,5,285.09
T1006884,S008,P0071,C00514,2025-02-28,5,253.05
T1006885,S013,P0089,C00782,2025-09-09,6,48.57
T1006886,S001,P0143,C00299,2024-05-30,7,359.32
T1006887,S020,P0080,C00557,2024-08-18,6,235.79
T1006888,S017,P0167,C00919,2024-03-25,2,445.53
T1006889,S001,P0190,C00728,2024-08-31,7,350.01
T1006890,S006,P0113,C00216,2024-07-11,2,282.22
T1006891,S008,P0162,C00337,2025-08-25,2,368.96
T1006892,S011,P0099,C00833,2024-05-04,6,340.82
T1006893,S015,P0157,C00380,2024-07-31,8,139.11
T1006894,S013,P0135,C00825,2024-04-10,4,62.76
T1006895,S002,P0053,C00806,2025-05-01,1,41.07
T1006896,S007,P0078,C00504,2024-08-25,2,448.43
T1006897,S008,P0179,C00416,2025-02-12,6,146.24
T1006898,S006,P0177,C00541,2024-03-13,1,316.46
T1006899,S010,P0129,C00293,2025-04-12,5,499.27
T1006900,S003,P0043,C00600,2024-11-25,8,433.58
T1006901,S012,P0189,C00057,2025-09-12,2,7.28
T1006902,S007,P0075,C00129,2024-04-08,5,148.36
T1006903,S006,P0176,C00399,2025-03-27,8,81.47
T1006904,S019,P0080,C00857,2024-07-01,5,253.53
T1006905,S013,P0052,C00573,2024-08-29,4,424.83
T1006906,S006,P0020,C00005,2025-01-22,9,247.59
T1006907,S003,P0179,C00305,2024-09-29,7,21.38
T1006908,S007,P0100,C00073,2025-06-06,3,404.31
T1006909,S006,P0134,C00932,2024-09-05,5,408.65
T1006910,S009,P0104,C00949,2024-10-20,6,381.58
T1006911,S010,P0094,C00208,2025-05-29,7,98.48
T1006912,S007,P0145,C00769,2024-02-18,2,73.84
T1006913,S020,P0163,C00937,2025-05-22,2,191.75
T1006914,S015,P0045,C00902,2024-12-08,7,437.33
T1006915,S013,P0124,C00883,2024-11-14,3,281.32
T1006916,S004,P0082,C00427,2024-09-18,4,456.13
T1006917,S015,P0011,C00848,2024-04-07,7,315.2
T1006918,S011,P0037,C00745,2024-04-26,3,430.36
T1006919,S010,P0029,C00504,2025-06-01,2,204.67
T1006920,S006,P0150,C00191,2025-04-07,5,348.74
T1006921,S006,P0027,C00708,2024-03-19,7,441.6
T1006922,S006,P0176,C00810,2025-03-06,9,77.56
T1006923,S014,P0190,C00581,2025-03-04,2,428.85
T1006924,S020,P0051,C00922,2024-05-21,8,63.9
T1006925,S011,P0101,C00509,2024-06-21,9,445.68
T1006926,S007,P0140,C00277,2024-03-05,8,220.6
T1006927,S010,P0137,C00868,2024-09-27,9,200.9
T1006928,S005,P0067,C00361,2024-12-07,4,286.76
T1006929,S002,P0114,C00659,2024-01-05,5,88.73
T1006930,S011,P0044,C00009,2025-01-31,3,216.55
T1006931,S011,P0073,C00556,2025-05-14,1,239.18
T1006932,S011,P0195,C00728,2024-04-22,2,244.91
T1006933,S018,P0066,C00330,2025-01-12,2,471.87
T1006934,S019,P0063,C00076,2025-03-15,9,77.72
T1006935,S016,P0126,C00689,2025-04-23,2,42.21
T1006936,S012,P0040,C00231,2025-08-31,9,264.48
T1006937,S018,P0148,C00687,2024-10-17,2,256.15
T1006938,S002,P0107,C00150,2024-08-11,2,414.22
T1006939,S010,P0087,C00091,2024-11-02,8,179.27
T1006940,S005,P0135,C00829,2024-06-17,4,368.07
T1006941,S013,P0191,C00870,2024-02-07,3,418.04
T1006942,S002,P0134,C00289,2024-05-25,3,468.69
T1006943,S010,P0046,C00909,2024-05-21,3,48.44
T1006944,S008,P0041,C00172,2025-06-19,3,391.61
T1006945,S010,P0015,C00972,2024-03-04,6,19.78
T1006946,S007,P0048,C00435,2024-10-20,4,218.63
T1006947,S001,P0184,C00148,2025-05-30,8,322.47
T1006948,S004,P0126,C00328,2025-01-04,4,19.16
T1006949,S003,P0149,C00170,2024-09-03,6,276.2
T1006950,S005,P0085,C00084,2025-06-15,5,198.42
T1006951,S017,P0011,C00295,2025-06-10,7,83.48
T1006952,S018,P0053,C00033,2025-03-26,3,344.41
T1006953,S016,P0129,C00587,2025-08-18,8,340.0
T1006954,S005,P0090,C00029,2024-02-22,1,316.42
T1006955,S014,P0076,C00657,2024-07-14,9,144.54
T1006956,S017,P0043,C00336,2024-01-10,1,439.88
T1006957,S010,P0176,C00555,2025-03-14,5,71.87
T1006958,S016,P0054,C00818,2024-12-07,5,72.82
T1006959,S012,P0018,C00669,2024-12-09,5,449.7
T1006960,S003,P0154,C00010,2025-01-20,5,214.82
T1006961,S005,P0176,C00331,2025-08-08,3,291.81
T1006962,S018,P0149,C00468,2024-05-12,3,155.23
T1006963,S001,P0046,C00694,2025-03-04,5,76.99
T1006964,S010,P0065,C00597,2025-07-23,1,106.32
T1006965,S006,P0125,C00872,2024-05-09,1,49.08
T1006966,S016,P0072,C00381,2025-08-29,5,368.73
T1006967,S012,P0015,C00908,2024-03-05,3,49.65
T1006968,S012,P0046,C00320,2025-09-01,8,115.31
T1006969,S010,P0199,C00291,2025-04-15,2,208.44
T1006970,S003,P0169,C00415,2024-07-23,5,402.86
T1006971,S016,P0067,C00323,2025-06-20,2,383.51
T1006972,S007,P0162,C00140,2025-02-28,2,178.94
T1006973,S009,P0098,C00016,2025-07-11,1,221.66
T1006974,S018,P0016,C00838,2025-06-24,3,325.22
T1006975,S011,P0012,C00452,2024-07-29,7,257.28
T1006976,S011,P0039,C00161,2025-09-02,4,482.4
T1006977,S008,P0013,C00635,2025-03-10,1,180.79
T1006978,S011,P0106,C00319,2025-07-07,9,416.02
T1006979,S012,P0123,C00386,2024-02-03,9,115.03
T1006980,S018,P0079,C00456,2025-05-18,3,193.08
T1006981,S007,P0124,C00266,2024-08-24,8,260.94
T1006982,S018,P0083,C00006,2024-04-03,7,266.5
T1006983,S007,P0022,C00433,2025-06-12,6,377.75
T1006984,S001,P0080,C00862,2025-07-02,2,100.83
T1006985,S011,P0106,C00210,2024-08-30,6,463.43
T1006986,S003,P0184,C00749,2024-07-26,5,381.87
T1006987,S018,P0080,C00016,2025-07-16,5,215.68
T1006988,S003,P0128,C00848,2024-03-06,8,328.89
T1006989,S006,P0113,C00995,2025-04-18,5,338.84
T1006990,S017,P0025,C00179,2024-09-25,2,67.97
T1006991,S015,P0006,C00031,2024-01-18,8,453.78
T1006992,S009,P0117,C00474,2025-01-07,7,337.5
T1006993,S001,P0194,C00338,2024-08-30,1,123.07
T1006994,S005,P0140,C00834,2025-03-03,7,317.0
T1006995,S005,P0037,C00132,2024-11-27,4,33.5
T1006996,S014,P0180,C00755,2024-05-13,2,28.12
T1006997,S007,P0077,C00407,2024-01-04,9,89.02
T1006998,S008,P0032,C00280,2025-09-24,8,143.67
T1006999,S015,P0028,C00591,2024-02-05,1,290.62
T1007000,S012,P0161,C00530,2025-09-04,2,280.75
T1007001,S017,P0188,C00425,2025-08-01,9,493.23
T1007002,S012,P0025,C00427,2024-03-12,1,195.37
T1007003,S004,P0068,C00667,2024-04-24,9,37.98
T1007004,S013,P0049,C00591,2025-08-18,4,10.25
T1007005,S007,P0119,C00950,2025-07-10,8,253.26
T1007006,S013,P0194,C00053,2024-11-15,2,342.07
T1007007,S008,P0181,C00914,2024-03-18,4,464.94
T1007008,S020,P0177,C00189,2025-06-28,9,369.27
T1007009,S018,P0144,C00123,2025-04-24,6,366.81
T1007010,S010,P0150,C00793,2024-01-20,6,412.59
T1007011,S001,P0097,C00779,2024-04-04,3,420.81
T1007012,S003,P0176,C00349,2024-03-05,7,184.85
T1007013,S014,P0123,C00653,2025-08-20,6,40.08
T1007014,S004,P0098,C00118,2024-06-28,6,139.93
T1007015,S020,P0090,C00094,2025-09-07,9,196.44
T1007016,S002,P0057,C00575,2024-03-06,5,489.81
T1007017,S006,P0032,C00415,2025-09-19,9,139.59
T1007018,S019,P0165,C00941,2024-12-20,9,389.53
T1007019,S001,P0064,C00622,2024-08-01,5,341.71
T1007020,S005,P0125,C00020,2024-06-20,6,323.19
T1007021,S017,P0162,C00067,2024-01-23,4,184.61
T1007022,S014,P0030,C00888,2024-01-20,8,426.71
T1007023,S017,P0038,C00729,2025-01-12,6,295.47
T1007024,S013,P0022,C00848,2024-11-24,9,60.45
T1007025,S007,P0135,C00276,2025-01-11,9,287.98
T1007026,S018,P0015,C00390,2024-03-14,4,386.15
T1007027,S004,P0016,C00839,2025-05-12,7,329.48
T1007028,S011,P0002,C00226,2024-03-01,9,5.14
T1007029,S007,P0143,C00227,2025-09-27,4,132.79
T1007030,S004,P0156,C00728,2025-02-07,6,91.28
T1007031,S017,P0143,C00982,2024-12-14,2,82.97
T1007032,S006,P0184,C00988,2025-06-12,5,217.17
T1007033,S016,P0109,C00152,2024-12-16,2,471.94
T1007034,S003,P0003,C00145,2024-09-18,5,85.39
T1007035,S001,P0118,C00911,2024-08-23,5,470.37
T1007036,S002,P0039,C00905,2025-03-09,4,249.42
T1007037,S013,P0024,C00679,2025-03-13,1,87.02
T1007038,S007,P0046,C00600,2024-04-22,7,90.59
T1007039,S015,P0174,C00466,2025-08-29,7,122.04
T1007040,S014,P0166,C00162,2024-05-02,4,262.39
T1007041,S014,P0154,C00292,2024-05-04,4,63.16
T1007042,S002,P0188,C00321,2025-04-01,6,239.22
T1007043,S001,P0041,C00224,2024-01-11,9,357.01
T1007044,S014,P0134,C00912,2025-02-10,1,127.45
T1007045,S016,P0128,C00412,2025-03-17,5,446.54
T1007046,S007,P0044,C00286,2025-03-08,5,421.7
T1007047,S013,P0031,C00625,2024-11-19,2,257.94
T1007048,S001,P0108,C00984,2024-11-08,9,243.56
T1007049,S020,P0009,C00324,2025-09-06,1,188.3
T1007050,S012,P0063,C00450,2025-07-13,7,295.74
T1007051,S007,P0010,C00330,2024-06-05,1,284.57
T1007052,S020,P0199,C00842,2024-12-09,3,214.98
T1007053,S018,P0072,C00622,2024-01-26,1,414.27
T1007054,S019,P0185,C00896,2025-05-19,4,280.4
T1007055,S015,P0005,C00871,2024-01-11,6,41.14
T1007056,S007,P0177,C00804,2024-09-05,4,110.14
T1007057,S007,P0185,C00357,2025-02-14,4,450.68
T1007058,S016,P0007,C00366,2024-10-15,7,475.59
T1007059,S014,P0098,C00497,2025-06-13,6,309.49
T1007060,S012,P0036,C00635,2025-07-28,7,333.08
T1007061,S014,P0111,C00189,2024-03-15,7,402.72
T1007062,S013,P0190,C00538,2024-03-18,1,365.72
T1007063,S003,P0040,C00039,2025-08-23,6,349.06
T1007064,S018,P0007,C00660,2024-05-19,3,127.6
T1007065,S006,P0063,C00239,2025-09-25,5,425.24
T1007066,S011,P0148,C00494,2024-10-19,7,414.95
T1007067,S016,P0023,C00439,2025-08-24,3,177.64
T1007068,S006,P0111,C00590,2024-06-04,8,279.33
T1007069,S003,P0032,C00717,2024-04-19,4,330.25
T1007070,S008,P0195,C00692,2024-03-17,4,487.62
T1007071,S003,P0036,C00142,2025-07-02,3,418.46
T1007072,S014,P0118,C00347,2024-04-17,5,393.53
T1007073,S004,P0011,C00074,2025-03-02,5,475.06
T1007074,S015,P0172,C00741,2024-05-30,4,103.27
T1007075,S010,P0155,C00755,2024-12-07,9,27.82
T1007076,S020,P0196,C00566,2024-04-23,5,177.91
T1007077,S018,P0007,C00028,2025-09-27,1,180.96
T1007078,S009,P0027,C00188,2024-05-31,8,333.52
T1007079,S005,P0061,C00830,2025-07-31,4,25.76
T1007080,S009,P0071,C00321,2025-06-27,2,50.88
T1007081,S002,P0141,C00170,2025-04-24,5,457.28
T1007082,S017,P0022,C00490,2025-06-15,1,59.32
T1007083,S013,P0128,C00392,2024-03-02,4,231.08
T1007084,S014,P0181,C00095,2024-12-25,2,310.45
T1007085,S001,P0169,C00828,2024-11-03,2,378.56
T1007086,S016,P0007,C00762,2025-06-09,2,268.71
T1007087,S007,P0007,C00948,2025-02-17,5,63.78
T1007088,S008,P0111,C00413,2025-02-13,7,110.98
T1007089,S009,P0043,C00011,2024-06-16,8,189.22
T1007090,S002,P0181,C00417,2024-11-18,2,377.81
T1007091,S002,P0192,C00839,2025-01-01,4,344.48
T1007092,S014,P0038,C00133,2024-10-25,9,35.1
T1007093,S010,P0159,C00773,2024-01-13,7,80.25
T1007094,S006,P0178,C00502,2024-02-06,1,468.53
T1007095,S012,P0096,C00967,2024-09-23,6,300.36
T1007096,S001,P0148,C00245,2025-09-15,3,7.4
T1007097,S019,P0067,C00537,2024-08-26,1,204.74
T1007098,S001,P0155,C00465,2024-10-17,4,69.08
T1007099,S001,P0199,C00630,2025-04-04,7,353.32
T1007100,S011,P0093,C00439,2024-11-14,2,141.84
T1007101,S015,P0158,C00740,2025-07-12,2,275.8
T1007102,S009,P0178,C00187,2024-08-25,9,281.23
T1007103,S007,P0054,C00729,2025-09-19,9,407.02
T1007104,S008,P0018,C00915,2024-11-18,3,270.79
T1007105,S016,P0030,C00955,2024-02-25,5,386.02
T1007106,S005,P0015,C00391,2024-03-11,1,266.24
T1007107,S003,P0027,C00659,2024-05-07,1,403.98
T1007108,S009,P0089,C00295,2024-04-12,8,476.94
T1007109,S002,P0083,C00828,2024-02-24,7,30.16
T1007110,S014,P0075,C00674,2024-02-08,4,158.25
T1007111,S016,P0073,C00829,2024-01-06,1,442.35
T1007112,S004,P0181,C00466,2025-09-13,1,409.17
T1007113,S002,P0200,C00877,2024-04-13,1,396.79
T1007114,S019,P0014,C00673,2024-09-02,4,296.31
T1007115,S006,P0194,C00672,2024-07-14,5,102.62
T1007116,S014,P0178,C00054,2025-04-26,5,439.68
T1007117,S008,P0079,C00109,2025-08-15,7,36.12
T1007118,S016,P0051,C00199,2024-06-03,9,391.85
T1007119,S020,P0129,C00582,2024-04-01,1,89.47
T1007120,S001,P0114,C00438,2024-06-27,8,360.77
T1007121,S008,P0186,C00475,2025-02-18,7,319.26
T1007122,S008,P0025,C00543,2024-09-17,1,223.61
T1007123,S019,P0104,C00041,2024-10-25,8,159.88
T1007124,S003,P0159,C00241,2025-09-02,4,427.89
T1007125,S014,P0187,C00331,2024-01-07,8,476.29
T1007126,S015,P0153,C00920,2024-06-20,4,36.88
T1007127,S020,P0181,C00939,2024-05-21,9,116.54
T1007128,S002,P0038,C00150,2024-05-23,8,346.96
T1007129,S006,P0177,C00609,2024-02-21,9,315.59
T1007130,S003,P0155,C00351,2024-04-20,2,467.98
T1007131,S002,P0165,C00921,2024-06-06,8,105.61
T1007132,S016,P0084,C00701,2024-05-19,8,229.05
T1007133,S005,P0196,C00254,2024-10-11,6,240.08
T1007134,S003,P0152,C00119,2025-06-12,7,116.14
T1007135,S013,P0013,C00270,2024-03-09,7,46.41
T1007136,S014,P0086,C00738,2025-04-21,8,254.52
T1007137,S010,P0030,C00969,2025-06-26,9,238.54
T1007138,S015,P0071,C00692,2025-04-16,3,428.09
T1007139,S016,P0116,C00137,2025-07-18,6,235.97
T1007140,S007,P0047,C00108,2024-01-27,4,415.66
T1007141,S009,P0076,C00825,2025-07-21,8,219.13
T1007142,S005,P0157,C00434,2024-03-10,4,175.0
T1007143,S006,P0097,C00810,2025-09-30,7,129.22
T1007144,S019,P0150,C00228,2025-09-24,9,197.39
T1007145,S015,P0115,C00653,2024-06-27,7,495.36
T1007146,S008,P0141,C00787,2024-05-24,4,203.58
T1007147,S008,P0113,C00431,2024-01-12,6,368.17
T1007148,S005,P0167,C00998,2025-04-20,1,17.45
T1007149,S018,P0116,C00782,2025-02-02,2,381.23
T1007150,S020,P0132,C00766,2025-03-29,1,259.34
T1007151,S009,P0032,C00866,2025-05-27,3,24.63
T1007152,S014,P0006,C00348,2024-09-19,3,177.14
T1007153,S004,P0092,C00291,2024-07-10,8,17.11
T1007154,S009,P0007,C00376,2025-05-25,9,438.15
T1007155,S018,P0130,C00366,2024-10-11,7,45.73
T1007156,S011,P0029,C00148,2025-01-29,8,425.52
T1007157,S015,P0083,C00119,2025-05-19,6,43.13
T1007158,S005,P0108,C00663,2024-12-15,8,404.86
T1007159,S001,P0182,C00103,2024-04-29,2,313.31
T1007160,S018,P0088,C00303,2025-03-10,2,42.0
T1007161,S013,P0032,C00337,2025-05-03,6,195.56
T1007162,S017,P0090,C00499,2025-01-25,8,369.77
T1007163,S016,P0119,C00664,2025-07-02,3,382.92
T1007164,S014,P0096,C00062,2025-09-18,5,350.94
T1007165,S011,P0133,C00371,2025-05-07,4,315.14
T1007166,S014,P0087,C00025,2025-07-24,5,172.89
T1007167,S018,P0177,C00516,2024-12-02,6,491.17
T1007168,S017,P0087,C00415,2024-02-18,9,363.21
T1007169,S003,P0173,C00055,2024-11-13,1,120.85
T1007170,S013,P0157,C00743,2024-03-31,3,266.07
T1007171,S017,P0150,C00007,2024-07-22,2,351.17
T1007172,S008,P0163,C00586,2024-12-29,7,222.31
T1007173,S016,P0031,C00602,2025-03-04,6,27.37
T1007174,S007,P0076,C00074,2024-01-11,8,134.52
T1007175,S018,P0089,C00079,2024-04-21,8,32.54
T1007176,S014,P0089,C00357,2025-01-07,2,67.81
T1007177,S004,P0115,C00961,2024-01-05,9,130.51
T1007178,S008,P0132,C00963,2024-10-13,1,97.83
T1007179,S008,P0104,C00789,2025-09-14,8,190.27
T1007180,S008,P0010,C00128,2025-05-12,1,244.33
T1007181,S011,P0031,C00348,2024-05-28,3,306.98
T1007182,S006,P0062,C00909,2024-07-25,6,49.59
T1007183,S007,P0160,C00505,2024-03-09,2,42.43
T1007184,S010,P0013,C00976,2025-09-02,4,36.23
T1007185,S010,P0112,C00339,2024-06-04,3,271.76
T1007186,S003,P0126,C00457,2025-02-24,5,309.69
T1007187,S010,P0070,C00289,2025-07-06,1,266.89
T1007188,S002,P0087,C00122,2024-07-05,3,466.23
T1007189,S011,P0022,C00245,2025-03-28,1,21.44
T1007190,S005,P0031,C00431,2025-05-14,1,245.54
T1007191,S006,P0025,C00373,2024-05-14,7,253.22
T1007192,S009,P0126,C00411,2025-05-03,8,227.49
T1007193,S008,P0018,C00195,2024-06-28,2,398.73
T1007194,S011,P0036,C00597,2025-04-02,4,170.79
T1007195,S015,P0017,C00446,2024-09-14,4,129.8
T1007196,S008,P0035,C00970,2025-03-01,3,306.22
T1007197,S011,P0194,C00607,2024-05-27,5,288.39
T1007198,S019,P0172,C00485,2025-05-19,1,339.28
T1007199,S010,P0113,C00820,2024-07-01,1,72.97
T1007200,S019,P0160,C00791,2025-03-28,4,63.01
T1007201,S005,P0084,C00832,2025-06-27,1,332.73
T1007202,S006,P0125,C00384,2025-06-03,2,433.94
T1007203,S020,P0025,C00796,2024-11-20,2,357.14
T1007204,S007,P0178,C00647,2024-07-17,3,228.06
T1007205,S011,P0034,C00267,2024-02-04,4,497.32
T1007206,S017,P0169,C00783,2024-03-27,3,312.86
T1007207,S009,P0178,C00644,2024-11-04,2,492.64
T1007208,S002,P0163,C00120,2025-07-03,7,125.3
T1007209,S003,P0111,C00010,2025-05-18,2,455.12
T1007210,S008,P0097,C00050,2024-12-11,3,332.55
T1007211,S019,P0043,C00341,2025-02-06,7,391.7
T1007212,S006,P0097,C00594,2024-08-24,2,222.66
T1007213,S004,P0017,C00835,2025-02-18,2,335.45
T1007214,S007,P0093,C00202,2024-07-24,7,282.05
T1007215,S013,P0175,C00097,2025-09-17,6,41.84
T1007216,S012,P0040,C00315,2024-06-01,5,416.04
T1007217,S006,P0024,C00058,2024-07-19,1,160.65
T1007218,S019,P0034,C00255,2024-05-07,5,148.13
T1007219,S006,P0061,C00405,2025-05-11,4,293.53
T1007220,S013,P0047,C00259,2025-03-23,7,248.07
T1007221,S020,P0195,C00712,2024-10-18,2,157.79
T1007222,S020,P0111,C00121,2024-12-05,2,324.66
T1007223,S018,P0060,C00025,2024-08-15,3,323.59
T1007224,S014,P0116,C00279,2024-01-18,6,130.98
T1007225,S011,P0098,C00688,2024-10-16,1,63.4
T1007226,S019,P0191,C00501,2025-07-18,8,274.78
T1007227,S020,P0037,C00118,2025-03-24,1,116.3
T1007228,S004,P0193,C00952,2024-09-05,1,89.27
T1007229,S013,P0017,C00179,2024-05-19,6,202.85
T1007230,S003,P0157,C00481,2024-11-16,5,87.31
T1007231,S020,P0001,C00209,2025-08-24,4,230.43
T1007232,S018,P0010,C00222,2024-05-25,6,396.09
T1007233,S015,P0175,C00750,2025-05-12,7,14.44
T1007234,S012,P0073,C00788,2025-01-22,3,246.23
T1007235,S006,P0022,C00812,2025-05-05,7,470.7
T1007236,S015,P0064,C00954,2024-02-25,3,45.15
T1007237,S013,P0069,C00736,2024-03-30,8,166.74
T1007238,S006,P0138,C00518,2025-09-15,8,470.3
T1007239,S016,P0057,C00098,2024-07-11,7,264.65
T1007240,S005,P0067,C00345,2025-05-17,8,379.95
T1007241,S006,P0042,C00371,2024-01-18,6,415.86
T1007242,S016,P0191,C00880,2024-04-23,8,398.93
T1007243,S003,P0037,C00023,2024-12-21,6,319.36
T1007244,S017,P0084,C00008,2025-01-02,1,76.6
T1007245,S014,P0070,C00937,2024-12-20,8,475.07
T1007246,S017,P0105,C00121,2025-05-25,1,142.61
T1007247,S006,P0083,C00745,2024-10-09,9,141.5
T1007248,S001,P0174,C00694,2024-03-20,7,39.48
T1007249,S015,P0091,C00828,2024-10-07,8,131.62
T1007250,S017,P0148,C00216,2025-05-27,2,472.1
T1007251,S005,P0093,C00617,2024-04-23,3,385.08
T1007252,S014,P0063,C00234,2025-04-13,5,23.85
T1007253,S013,P0071,C00524,2024-08-23,7,68.54
T1007254,S013,P0140,C00975,2024-05-28,9,251.66
T1007255,S009,P0174,C00738,2025-02-20,3,162.24
T1007256,S011,P0086,C00205,2025-08-20,1,457.3
T1007257,S018,P0121,C00477,2025-07-13,1,209.55
T1007258,S003,P0056,C00756,2025-04-09,8,226.71
T1007259,S001,P0011,C00567,2025-04-11,5,416.78
T1007260,S018,P0192,C00383,2024-07-29,2,161.12
T1007261,S007,P0067,C00940,2024-04-27,7,478.75
T1007262,S011,P0080,C00750,2025-06-24,4,456.25
T1007263,S015,P0196,C00876,2024-03-11,3,131.94
T1007264,S002,P0071,C00742,2024-05-13,5,379.02
T1007265,S009,P0107,C00651,2024-04-06,3,408.97
T1007266,S010,P0056,C00145,2025-05-17,9,424.01
T1007267,S012,P0079,C00557,2025-07-25,8,91.51
T1007268,S015,P0163,C00978,2024-10-13,8,196.78
T1007269,S013,P0104,C00297,2024-11-21,2,477.94
T1007270,S013,P0068,C00446,2025-01-30,7,300.74
T1007271,S004,P0011,C00987,2025-01-17,3,344.34
T1007272,S017,P0108,C00422,2024-09-03,9,153.02
T1007273,S016,P0009,C00375,2025-01-10,5,26.36
T1007274,S002,P0101,C00232,2024-09-06,8,81.97
T1007275,S016,P0181,C00113,2024-03-17,2,422.6
T1007276,S016,P0172,C00656,2025-08-26,6,276.54
T1007277,S004,P0111,C00497,2025-03-01,3,401.88
T1007278,S014,P0185,C00303,2024-05-23,8,441.2
T1007279,S004,P0178,C00149,2025-06-17,9,323.72
T1007280,S019,P0086,C00689,2025-04-08,6,225.55
T1007281,S019,P0091,C00550,2024-09-29,6,278.35
T1007282,S007,P0128,C00201,2024-08-04,1,200.26
T1007283,S017,P0075,C00883,2024-05-16,7,86.73
T1007284,S014,P0020,C00664,2025-05-15,9,206.08
T1007285,S016,P0148,C00803,2024-02-21,1,275.75
T1007286,S002,P0036,C00910,2024-08-08,6,462.89
T1007287,S001,P0157,C00697,2025-08-16,6,455.41
T1007288,S008,P0131,C00433,2025-06-25,5,176.01
T1007289,S019,P0148,C00869,2025-04-23,4,287.12
T1007290,S017,P0034,C00818,2025-08-05,3,201.29
T1007291,S013,P0118,C00093,2024-10-22,9,311.31
T1007292,S005,P0014,C00508,2024-02-25,8,56.58
T1007293,S005,P0140,C00301,2024-03-12,4,394.62
T1007294,S009,P0057,C00487,2025-05-07,3,317.15
T1007295,S004,P0126,C00835,2024-09-13,8,443.61
T1007296,S014,P0120,C00837,2025-03-13,8,431.87
T1007297,S001,P0120,C00395,2025-06-09,6,167.48
T1007298,S002,P0019,C00283,2024-05-30,9,8.62
T1007299,S009,P0183,C00956,2024-12-16,1,418.6
T1007300,S005,P0137,C00366,2024-10-30,6,161.21
T1007301,S002,P0110,C00244,2024-05-29,8,163.76
T1007302,S013,P0053,C00328,2025-04-01,6,256.32
T1007303,S005,P0098,C00454,2024-10-20,1,356.68
T1007304,S019,P0011,C00623,2024-01-31,7,471.52
T1007305,S005,P0030,C00469,2024-06-27,1,488.51
T1007306,S014,P0008,C00895,2024-07-20,8,34.88
T1007307,S013,P0052,C00103,2024-05-20,7,410.06
T1007308,S017,P0130,C00866,2024-11-02,1,312.14
T1007309,S018,P0027,C00038,2025-01-26,3,382.49
T1007310,S009,P0087,C00505,2025-08-01,6,296.7
T1007311,S004,P0005,C00744,2025-04-12,5,449.74
T1007312,S002,P0184,C00691,2025-01-21,4,484.29
T1007313,S010,P0149,C00711,2025-09-16,8,354.58
T1007314,S014,P0173,C00461,2024-07-20,1,343.91
T1007315,S009,P0128,C00691,2024-06-06,8,65.96
T1007316,S015,P0020,C00667,2024-05-05,8,204.05
T1007317,S018,P0075,C00818,2024-04-21,6,308.3
T1007318,S008,P0112,C00578,2025-04-17,5,372.84
T1007319,S020,P0057,C00258,2025-02-26,6,405.65
T1007320,S015,P0131,C00300,2024-03-02,8,499.29
T1007321,S004,P0149,C00624,2024-07-12,3,12.93
T1007322,S018,P0058,C00559,2024-06-23,8,493.74
T1007323,S008,P0169,C00581,2024-12-16,7,134.17
T1007324,S018,P0051,C00641,2024-04-04,4,156.94
T1007325,S012,P0018,C00096,2024-08-12,9,366.45
T1007326,S007,P0179,C00155,2024-09-10,5,231.37
T1007327,S016,P0020,C00001,2024-01-04,9,41.56
T1007328,S009,P0118,C00848,2024-12-30,1,251.1
T1007329,S005,P0097,C00191,2025-09-08,7,232.32
T1007330,S006,P0169,C00591,2024-11-15,4,215.72
T1007331,S008,P0185,C00681,2024-11-02,8,248.12
T1007332,S011,P0091,C00526,2025-08-03,3,337.13
T1007333,S002,P0140,C00966,2025-09-17,6,375.92
T1007334,S011,P0007,C00263,2024-05-26,1,350.15
T1007335,S009,P0141,C00244,2024-07-08,2,148.37
T1007336,S017,P0159,C00281,2025-03-30,7,351.99
T1007337,S001,P0166,C00267,2025-09-19,6,176.62
T1007338,S007,P0087,C00896,2024-01-10,4,39.37
T1007339,S018,P0039,C00261,2024-11-02,8,279.13
T1007340,S006,P0069,C00709,2024-05-21,8,130.83
T1007341,S002,P0050,C00025,2025-09-20,4,348.4
T1007342,S013,P0111,C00447,2025-05-10,6,50.57
T1007343,S017,P0192,C00433,2024-09-14,6,71.05
T1007344,S007,P0188,C00889,2024-01-26,1,19.84
T1007345,S009,P0051,C00719,2025-09-18,5,136.32
T1007346,S007,P0047,C00911,2024-09-01,7,291.68
T1007347,S014,P0088,C00108,2024-08-02,7,202.3
T1007348,S018,P0126,C00678,2024-06-22,2,59.28
T1007349,S004,P0025,C00811,2025-08-06,7,47.31
T1007350,S015,P0018,C00053,2025-09-04,5,147.04
T1007351,S009,P0074,C00501,2025-01-07,4,276.99
T1007352,S003,P0187,C00529,2024-02-14,9,338.78
T1007353,S002,P0121,C00424,2024-12-16,3,14.5
T1007354,S018,P0154,C00147,2025-09-07,7,18.47
T1007355,S002,P0115,C00743,2024-08-21,8,377.57
T1007356,S010,P0089,C00742,2024-01-09,1,157.23
T1007357,S004,P0022,C00087,2024-02-13,9,110.15
T1007358,S014,P0058,C00584,2024-11-11,2,369.29
T1007359,S016,P0018,C00482,2025-05-03,9,258.19
T1007360,S006,P0081,C00107,2025-03-04,5,67.32
T1007361,S011,P0165,C00399,2024-03-19,6,473.12
T1007362,S019,P0037,C00955,2025-09-02,2,425.3
T1007363,S014,P0100,C00792,2024-09-07,7,401.72
T1007364,S003,P0137,C00291,2024-04-02,8,288.56
T1007365,S014,P0130,C00644,2025-07-15,8,352.32
T1007366,S017,P0068,C00328,2024-02-04,7,313.27
T1007367,S020,P0180,C00700,2024-03-05,7,199.81
T1007368,S012,P0001,C00998,2025-05-21,4,449.72
T1007369,S018,P0070,C00861,2024-06-30,4,285.05
T1007370,S013,P0080,C00110,2025-05-17,8,150.19
T1007371,S004,P0014,C00191,2024-10-11,6,91.69
T1007372,S006,P0184,C00910,2024-01-20,6,145.87
T1007373,S002,P0169,C00165,2024-05-07,6,288.27
T1007374,S005,P0117,C00951,2024-01-14,1,429.54
T1007375,S005,P0197,C00808,2025-07-31,1,144.32
T1007376,S001,P0028,C00475,2025-05-24,1,346.99
T1007377,S006,P0030,C00583,2024-03-17,7,169.23
T1007378,S004,P0185,C00504,2025-04-14,4,450.61
T1007379,S007,P0081,C00850,2024-01-24,5,276.74
T1007380,S003,P0095,C00493,2024-07-21,2,408.52
T1007381,S003,P0021,C00785,2025-01-30,9,452.4
T1007382,S010,P0029,C00565,2024-09-02,5,197.72
T1007383,S004,P0041,C00505,2025-04-17,2,123.85
T1007384,S019,P0186,C00358,2024-03-10,6,179.09
T1007385,S016,P0155,C00406,2025-03-06,5,40.75
T1007386,S020,P0106,C00058,2025-03-19,5,259.33
T1007387,S013,P0174,C00969,2025-01-23,9,204.23
T1007388,S012,P0114,C00453,2025-07-08,7,128.22
T1007389,S003,P0006,C00650,2024-04-07,8,378.68
T1007390,S006,P0171,C00547,2024-12-08,4,324.98
T1007391,S002,P0126,C00218,2025-03-08,2,329.8
T1007392,S012,P0187,C00991,2024-08-17,2,51.43
T1007393,S002,P0192,C00323,2024-06-25,7,20.34
T1007394,S015,P0057,C00950,2024-10-11,4,172.22
T1007395,S020,P0184,C00972,2025-01-12,6,252.03
T1007396,S018,P0100,C00081,2025-09-30,8,53.42
T1007397,S004,P0051,C00991,2025-09-23,9,48.48
T1007398,S015,P0044,C00595,2025-09-01,8,406.86
T1007399,S006,P0113,C00752,2025-08-11,3,304.94
T1007400,S007,P0024,C00436,2024-01-17,2,177.99
T1007401,S011,P0154,C00894,2024-11-18,7,9.01
T1007402,S002,P0057,C00946,2025-05-19,8,404.37
T1007403,S001,P0184,C00598,2024-05-12,1,51.17
T1007404,S013,P0166,C00527,2025-02-18,2,244.22
T1007405,S017,P0042,C00665,2024-04-24,9,170.96
T1007406,S020,P0085,C00263,2024-06-09,3,62.27
T1007407,S018,P0079,C00040,2024-06-11,6,345.4
T1007408,S001,P0120,C00482,2025-03-29,1,10.55
T1007409,S002,P0144,C00934,2025-07-27,3,278.28
T1007410,S006,P0147,C00900,2024-10-12,4,293.71
T1007411,S008,P0121,C00463,2024-12-08,2,43.01
T1007412,S008,P0165,C00972,2024-11-20,4,209.52
T1007413,S001,P0096,C00152,2024-12-07,9,462.01
T1007414,S014,P0013,C00498,2024-03-18,2,406.1
T1007415,S012,P0043,C00549,2025-02-08,2,430.07
T1007416,S017,P0114,C00337,2025-02-09,6,497.76
T1007417,S009,P0117,C00601,2025-07-10,3,334.74
T1007418,S019,P0090,C00133,2024-02-21,7,410.44
T1007419,S020,P0163,C00029,2025-01-19,4,376.09
T1007420,S004,P0147,C00552,2024-06-02,2,455.68
T1007421,S003,P0050,C00463,2025-03-03,9,359.86
T1007422,S016,P0072,C00944,2024-06-09,7,42.31
T1007423,S012,P0197,C00714,2025-05-19,4,95.61
T1007424,S005,P0040,C00806,2025-08-02,9,66.74
T1007425,S011,P0176,C00883,2024-11-06,9,359.47
T1007426,S017,P0017,C00886,2025-09-06,8,467.53
T1007427,S019,P0083,C00345,2024-07-15,9,358.42
T1007428,S008,P0103,C00996,2025-01-23,7,411.16
T1007429,S009,P0067,C00635,2024-04-21,6,452.05
T1007430,S020,P0181,C00757,2024-08-10,9,14.96
T1007431,S003,P0104,C00055,2025-03-21,4,80.87
T1007432,S001,P0162,C00176,2024-11-01,4,334.04
T1007433,S009,P0185,C00644,2025-02-10,5,34.93
T1007434,S001,P0033,C00649,2025-05-23,4,301.76
T1007435,S009,P0137,C00526,2025-04-29,6,309.22
T1007436,S006,P0128,C00851,2024-12-07,1,116.12
T1007437,S018,P0170,C00329,2024-01-01,1,421.57
T1007438,S010,P0176,C00947,2024-10-14,4,87.71
T1007439,S019,P0043,C00309,2025-04-16,1,363.93
T1007440,S009,P0105,C00208,2024-07-13,6,217.29
T1007441,S011,P0183,C00251,2025-06-25,6,35.66
T1007442,S017,P0164,C00636,2025-08-06,4,454.16
T1007443,S015,P0057,C00639,2025-02-03,4,488.4
T1007444,S003,P0003,C00316,2024-09-21,1,285.47
T1007445,S007,P0054,C00489,2024-03-14,6,88.58
T1007446,S020,P0025,C00282,2025-05-16,6,257.36
T1007447,S011,P0067,C00916,2024-01-15,6,289.48
T1007448,S003,P0089,C00126,2024-03-26,5,145.35
T1007449,S016,P0179,C00918,2024-05-03,9,164.2
T1007450,S009,P0126,C00515,2025-06-13,1,175.6
T1007451,S009,P0080,C00233,2025-06-09,6,466.68
T1007452,S005,P0006,C00750,2025-09-09,5,397.92
T1007453,S001,P0196,C00702,2024-01-25,5,34.74
T1007454,S019,P0061,C00398,2024-07-07,8,163.45
T1007455,S014,P0196,C00339,2024-07-17,3,5.05
T1007456,S012,P0106,C00637,2025-02-11,3,8.68
T1007457,S009,P0103,C00778,2025-01-26,6,400.49
T1007458,S016,P0084,C00110,2025-06-11,7,451.56
T1007459,S011,P0185,C00471,2025-01-19,4,465.15
T1007460,S019,P0008,C00223,2025-03-30,1,347.99
T1007461,S011,P0037,C00580,2025-08-12,3,292.25
T1007462,S019,P0182,C00359,2025-09-14,2,298.81
T1007463,S015,P0183,C00912,2024-02-18,8,163.9
T1007464,S003,P0173,C00442,2025-03-25,2,71.4
T1007465,S004,P0062,C00226,2025-08-15,6,289.15
T1007466,S009,P0020,C00473,2025-01-04,2,316.45
T1007467,S007,P0021,C00210,2025-08-08,9,50.57
T1007468,S015,P0152,C00243,2025-01-09,3,383.34
T1007469,S016,P0200,C00722,2024-11-03,8,420.02
T1007470,S011,P0092,C00111,2025-05-29,9,401.76
T1007471,S001,P0154,C00989,2024-07-11,4,133.1
T1007472,S003,P0106,C00647,2024-02-27,6,404.01
T1007473,S003,P0145,C00692,2025-03-08,1,267.87
T1007474,S008,P0119,C00541,2025-02-15,4,169.09
T1007475,S009,P0054,C00401,2024-02-13,1,392.21
T1007476,S004,P0145,C00798,2024-10-26,2,215.57
T1007477,S004,P0086,C00774,2024-06-22,4,160.31
T1007478,S006,P0104,C00147,2024-11-20,8,364.17
T1007479,S004,P0190,C00990,2024-11-25,7,293.57
T1007480,S018,P0048,C00557,2025-08-02,9,172.6
T1007481,S015,P0166,C00835,2025-02-05,3,166.26
T1007482,S010,P0166,C00330,2024-10-15,2,412.39
T1007483,S013,P0115,C00350,2024-07-11,2,330.27
T1007484,S016,P0084,C00217,2025-05-11,1,198.41
T1007485,S003,P0060,C00978,2024-07-12,4,431.54
T1007486,S013,P0122,C00181,2025-06-26,4,232.88
T1007487,S018,P0048,C00874,2024-11-13,1,65.53
T1007488,S012,P0094,C00292,2025-04-19,6,27.84
T1007489,S020,P0170,C00372,2025-08-24,2,173.86
T1007490,S014,P0109,C00345,2024-01-14,5,218.21
T1007491,S005,P0080,C00259,2024-10-04,2,401.93
T1007492,S008,P0167,C00491,2024-10-21,2,41.06
T1007493,S015,P0136,C00634,2024-06-26,6,293.03
T1007494,S002,P0135,C00268,2024-05-22,9,172.94
T1007495,S015,P0165,C00213,2024-10-22,9,6.18
T1007496,S007,P0142,C00473,2024-03-16,7,455.88
T1007497,S010,P0118,C00426,2025-02-13,6,285.64
T1007498,S007,P0070,C00697,2025-01-15,3,405.2
T1007499,S001,P0139,C00257,2024-07-28,1,41.11
T1007500,S001,P0191,C00938,2024-06-27,7,442.86
T1007501,S014,P0059,C00631,2024-12-06,4,429.13
T1007502,S013,P0045,C00532,2024-06-25,9,129.14
T1007503,S005,P0120,C00083,2025-02-08,8,112.58
T1007504,S009,P0042,C00285,2024-03-16,9,185.86
T1007505,S020,P0119,C00638,2024-10-16,8,43.52
T1007506,S019,P0084,C00002,2024-08-21,2,446.28
T1007507,S010,P0185,C00886,2024-11-01,9,78.27
T1007508,S006,P0085,C00336,2024-01-05,1,353.08
T1007509,S002,P0075,C00559,2025-02-11,5,188.63
T1007510,S013,P0176,C00624,2024-04-05,4,59.54
T1007511,S006,P0026,C00738,2024-09-16,2,297.47
T1007512,S013,P0083,C00411,2025-05-15,1,164.62
T1007513,S007,P0129,C00452,2025-07-22,6,247.19
T1007514,S002,P0142,C00828,2024-02-04,1,303.05
T1007515,S005,P0108,C00169,2024-09-29,7,397.84
T1007516,S003,P0030,C00256,2024-10-04,5,183.58
T1007517,S004,P0139,C00451,2025-07-04,3,239.17
T1007518,S006,P0178,C00634,2024-05-31,3,160.33
T1007519,S003,P0128,C00136,2025-06-16,7,315.38
T1007520,S013,P0129,C00530,2025-07-02,5,141.1
T1007521,S009,P0130,C00173,2024-10-29,7,212.69
T1007522,S001,P0082,C00874,2025-07-14,5,423.13
T1007523,S014,P0001,C00809,2025-09-04,8,324.51
T1007524,S006,P0137,C00636,2024-07-01,7,81.48
T1007525,S008,P0099,C00497,2025-03-08,3,399.27
T1007526,S004,P0028,C00094,2024-02-23,5,495.46
T1007527,S020,P0132,C00298,2024-06-22,2,326.52
T1007528,S008,P0108,C00781,2024-06-16,4,421.64
T1007529,S019,P0084,C00562,2024-10-01,9,81.44
T1007530,S008,P0002,C00402,2025-05-17,3,126.3
T1007531,S015,P0023,C00541,2025-02-08,2,310.87
T1007532,S009,P0153,C00922,2025-09-10,3,380.6
T1007533,S014,P0098,C00914,2024-11-15,1,64.43
T1007534,S007,P0072,C00144,2025-02-23,6,455.41
T1007535,S011,P0001,C00660,2025-02-23,9,492.13
T1007536,S019,P0024,C00495,2025-02-16,1,341.44
T1007537,S001,P0167,C00561,2025-02-20,3,352.95
T1007538,S012,P0023,C00646,2025-09-04,9,337.5
T1007539,S012,P0074,C00514,2025-02-23,2,417.22
T1007540,S012,P0019,C00602,2024-11-21,2,228.95
T1007541,S004,P0049,C00944,2024-08-20,7,364.77
T1007542,S011,P0013,C00309,2024-01-10,5,317.12
T1007543,S018,P0177,C00654,2025-05-30,8,268.88
T1007544,S014,P0142,C00466,2024-10-03,2,183.49
T1007545,S015,P0009,C00642,2024-07-05,9,374.17
T1007546,S004,P0055,C00450,2025-06-07,3,207.93
T1007547,S003,P0074,C00348,2024-11-13,3,463.86
T1007548,S018,P0098,C00228,2024-06-23,3,193.54
T1007549,S019,P0012,C00264,2024-12-12,9,153.54
T1007550,S006,P0158,C00795,2024-07-12,6,333.33
T1007551,S002,P0172,C00156,2025-05-02,4,113.11
T1007552,S001,P0194,C00309,2024-08-28,2,466.78
T1007553,S020,P0158,C00442,2024-04-22,6,209.86
T1007554,S017,P0017,C00504,2025-06-28,9,156.1
T1007555,S011,P0126,C00385,2024-04-19,9,283.19
T1007556,S020,P0005,C00571,2024-04-08,3,250.0
T1007557,S015,P0113,C00633,2024-04-10,6,97.43
T1007558,S013,P0030,C00556,2024-03-21,1,165.02
T1007559,S002,P0165,C00924,2024-12-21,5,206.09
T1007560,S004,P0094,C00391,2025-03-20,2,280.21
T1007561,S016,P0157,C00187,2025-08-20,9,50.27
T1007562,S004,P0085,C00871,2025-06-05,7,472.84
T1007563,S013,P0024,C00801,2025-08-27,7,349.25
T1007564,S014,P0005,C00791,2024-06-06,5,315.49
T1007565,S015,P0011,C00600,2025-01-16,1,268.49
T1007566,S006,P0192,C00451,2024-08-03,1,208.33
T1007567,S008,P0182,C00309,2025-01-20,1,481.61
T1007568,S005,P0159,C00355,2024-08-23,9,259.95
T1007569,S019,P0178,C00091,2024-03-17,9,188.83
T1007570,S016,P0016,C00747,2024-04-25,9,300.37
T1007571,S015,P0166,C00811,2025-09-10,4,206.96
T1007572,S013,P0061,C00374,2024-06-12,7,156.01
T1007573,S007,P0178,C00135,2025-08-11,4,195.37
T1007574,S007,P0120,C00619,2025-01-07,9,86.25
T1007575,S006,P0136,C00821,2024-05-13,8,219.89
T1007576,S007,P0020,C00968,2024-06-22,9,276.19
T1007577,S011,P0046,C00370,2025-04-15,6,52.16
T1007578,S003,P0029,C00530,2025-08-10,2,382.69
T1007579,S003,P0065,C00133,2024-11-22,6,181.22
T1007580,S008,P0164,C00073,2024-12-04,5,243.6
T1007581,S019,P0188,C00022,2025-07-27,6,337.95
T1007582,S005,P0107,C00468,2025-04-07,5,457.29
T1007583,S020,P0167,C00571,2024-01-26,8,379.07
T1007584,S005,P0157,C00114,2024-12-17,1,217.68
T1007585,S012,P0197,C00762,2024-12-05,3,153.48
T1007586,S016,P0021,C00031,2024-01-26,9,352.66
T1007587,S014,P0149,C00737,2025-05-19,5,385.29
T1007588,S006,P0123,C00309,2025-07-06,5,492.04
T1007589,S013,P0133,C00614,2025-03-15,2,393.93
T1007590,S004,P0097,C00108,2025-01-20,8,170.01
T1007591,S018,P0081,C00110,2025-05-12,6,82.65
T1007592,S011,P0020,C00818,2024-02-22,5,457.58
T1007593,S003,P0108,C00721,2025-03-11,8,287.2
T1007594,S010,P0108,C00316,2024-09-17,3,148.06
T1007595,S020,P0167,C00667,2024-10-16,1,303.99
T1007596,S007,P0031,C00587,2024-04-08,6,285.18
T1007597,S015,P0008,C00145,2024-05-16,3,404.29
T1007598,S005,P0102,C00866,2024-11-28,9,70.78
T1007599,S003,P0106,C00620,2025-08-19,6,491.16
T1007600,S003,P0126,C00801,2024-08-30,2,165.18
T1007601,S017,P0027,C00029,2024-10-07,9,440.52
T1007602,S006,P0069,C00898,2025-01-11,9,417.61
T1007603,S008,P0158,C00176,2024-12-01,1,329.16
T1007604,S015,P0113,C00378,2024-03-06,5,172.29
T1007605,S004,P0191,C00663,2024-01-04,3,47.29
T1007606,S006,P0124,C00846,2024-06-23,1,28.05
T1007607,S007,P0152,C00495,2025-08-15,7,364.09
T1007608,S003,P0078,C00098,2025-04-19,7,438.58
T1007609,S007,P0148,C00519,2024-01-31,7,47.88
T1007610,S019,P0198,C00873,2024-11-14,3,456.84
T1007611,S006,P0052,C00750,2025-07-01,8,28.9
T1007612,S017,P0087,C00296,2025-07-06,9,386.76
T1007613,S019,P0039,C00976,2025-03-24,5,49.61
T1007614,S019,P0169,C00870,2025-09-24,8,200.04
T1007615,S014,P0183,C00548,2024-03-27,8,384.2
T1007616,S012,P0159,C00939,2024-01-31,4,273.35
T1007617,S002,P0172,C00332,2024-06-17,2,248.14
T1007618,S006,P0029,C00244,2025-03-21,7,240.05
T1007619,S006,P0092,C00388,2024-08-07,8,85.1
T1007620,S017,P0163,C00895,2025-08-03,8,78.16
T1007621,S009,P0068,C00444,2025-03-28,3,405.35
T1007622,S006,P0074,C00354,2024-10-28,9,495.67
T1007623,S002,P0029,C00814,2024-03-29,5,27.1
T1007624,S015,P0025,C00928,2025-08-19,2,444.52
T1007625,S014,P0134,C00829,2024-12-14,5,111.52
T1007626,S015,P0112,C00832,2024-02-07,5,205.88
T1007627,S007,P0177,C00941,2025-02-13,7,200.37
T1007628,S004,P0081,C00173,2025-09-01,4,433.36
T1007629,S019,P0164,C00015,2024-09-08,9,301.5
T1007630,S020,P0083,C00421,2024-01-13,4,300.9
T1007631,S010,P0145,C00958,2024-10-31,7,212.95
T1007632,S003,P0060,C00476,2025-02-10,6,259.54
T1007633,S019,P0194,C00539,2025-04-01,4,470.31
T1007634,S015,P0109,C00903,2025-08-20,8,467.31
T1007635,S020,P0174,C00151,2025-03-06,3,93.97
T1007636,S020,P0099,C00326,2024-09-24,1,186.66
T1007637,S009,P0131,C00417,2025-03-23,2,361.75
T1007638,S014,P0018,C00761,2024-05-09,3,393.73
T1007639,S001,P0141,C00340,2025-05-12,4,113.94
T1007640,S004,P0004,C00194,2024-01-19,1,200.87
T1007641,S010,P0144,C00470,2024-12-02,2,320.16
T1007642,S020,P0034,C00284,2024-05-22,9,302.82
T1007643,S008,P0105,C00529,2025-07-13,8,233.12
T1007644,S013,P0175,C00646,2025-09-01,1,432.64
T1007645,S004,P0032,C00531,2024-07-26,6,450.73
T1007646,S015,P0173,C00607,2025-01-16,6,115.28
T1007647,S016,P0108,C00402,2024-05-27,8,280.52
T1007648,S020,P0028,C00438,2024-05-08,3,83.03
T1007649,S011,P0111,C00311,2024-03-02,3,424.73
T1007650,S016,P0022,C00791,2024-07-28,3,140.52
T1007651,S011,P0062,C00584,2025-03-03,7,355.15
T1007652,S015,P0186,C00522,2025-01-23,9,470.98
T1007653,S009,P0162,C00116,2025-08-30,7,445.57
T1007654,S019,P0182,C00425,2024-06-20,9,55.8
T1007655,S017,P0094,C00745,2025-06-12,4,370.95
T1007656,S015,P0196,C00270,2024-10-05,5,330.75
T1007657,S013,P0114,C00161,2024-04-28,5,218.02
T1007658,S006,P0175,C00327,2025-02-08,2,111.41
T1007659,S013,P0096,C00153,2024-03-31,9,421.94
T1007660,S013,P0188,C00289,2025-07-09,6,490.44
T1007661,S007,P0110,C00753,2024-05-11,4,328.28
T1007662,S004,P0001,C00450,2025-09-03,1,252.9
T1007663,S004,P0116,C00971,2025-04-12,4,9.63
T1007664,S016,P0016,C00522,2025-08-08,6,325.02
T1007665,S001,P0144,C00324,2025-05-23,3,499.47
T1007666,S019,P0177,C00588,2024-10-16,8,442.84
T1007667,S011,P0052,C00398,2025-09-15,7,150.01
T1007668,S011,P0165,C00061,2024-03-07,2,479.35
T1007669,S015,P0110,C00991,2025-06-23,4,158.72
T1007670,S013,P0045,C00035,2025-07-19,5,282.31
T1007671,S009,P0023,C00007,2024-03-02,8,120.41
T1007672,S001,P0076,C00294,2024-02-11,6,407.44
T1007673,S012,P0133,C00711,2025-05-14,1,64.42
T1007674,S001,P0049,C00023,2024-06-12,1,253.12
T1007675,S019,P0012,C00941,2025-01-19,8,303.58
T1007676,S019,P0162,C00472,2024-04-24,3,317.74
T1007677,S002,P0148,C00534,2025-05-25,1,383.83
T1007678,S016,P0117,C00136,2025-03-01,8,428.01
T1007679,S016,P0109,C00498,2024-03-26,7,139.14
T1007680,S012,P0119,C00511,2025-05-23,6,104.89
T1007681,S015,P0068,C00143,2025-04-18,4,470.15
T1007682,S019,P0140,C00832,2024-12-14,5,414.79
T1007683,S013,P0148,C00357,2025-03-21,6,237.81
T1007684,S008,P0164,C00576,2025-01-16,2,297.17
T1007685,S020,P0175,C00796,2025-04-01,5,468.81
T1007686,S017,P0073,C00485,2024-01-13,9,363.52
T1007687,S018,P0137,C00861,2024-01-20,6,102.84
T1007688,S007,P0186,C00841,2025-04-03,1,341.41
T1007689,S019,P0013,C00508,2024-01-09,6,135.48
T1007690,S009,P0018,C00075,2025-06-03,3,151.64
T1007691,S020,P0016,C00353,2024-07-06,1,68.28
T1007692,S013,P0016,C00334,2025-09-05,8,19.33
T1007693,S010,P0057,C00388,2025-05-06,3,220.29
T1007694,S015,P0059,C00947,2024-03-12,9,42.43
T1007695,S016,P0016,C00136,2025-05-18,4,373.25
T1007696,S009,P0008,C00491,2024-10-04,4,305.24
T1007697,S016,P0168,C00874,2024-06-27,2,223.97
T1007698,S016,P0001,C00086,2024-04-07,2,297.56
T1007699,S004,P0112,C00542,2025-09-26,5,24.74
T1007700,S006,P0156,C00988,2025-08-02,6,238.28
T1007701,S016,P0057,C00345,2024-12-30,8,224.54
T1007702,S016,P0054,C00363,2025-09-17,9,274.79
T1007703,S001,P0160,C00497,2024-04-27,3,15.54
T1007704,S018,P0167,C00597,2024-10-02,8,462.25
T1007705,S007,P0037,C00189,2025-07-22,2,158.07
T1007706,S012,P0020,C00197,2025-07-27,4,178.25
T1007707,S016,P0082,C00816,2024-02-04,5,296.58
T1007708,S017,P0065,C00648,2025-04-18,1,56.48
T1007709,S008,P0151,C00959,2025-03-10,8,445.03
T1007710,S009,P0096,C00663,2024-07-11,5,480.77
T1007711,S018,P0101,C00857,2024-03-23,6,196.11
T1007712,S001,P0187,C00709,2025-04-29,8,315.94
T1007713,S012,P0109,C00349,2024-03-08,9,236.28
T1007714,S001,P0101,C00455,2024-10-16,1,42.06
T1007715,S011,P0151,C00488,2024-08-26,9,275.09
T1007716,S008,P0181,C00976,2024-11-08,5,125.52
T1007717,S006,P0159,C00876,2025-09-27,4,393.08
T1007718,S004,P0076,C00380,2024-10-19,3,468.39
T1007719,S011,P0040,C00110,2025-08-26,7,328.45
T1007720,S015,P0191,C00149,2024-05-05,7,210.12
T1007721,S015,P0013,C00257,2024-06-22,9,494.64
T1007722,S003,P0183,C00044,2025-03-31,4,372.32
T1007723,S005,P0192,C00367,2024-02-19,6,442.92
T1007724,S005,P0033,C00155,2024-12-29,8,24.5
T1007725,S002,P0151,C00940,2024-11-23,2,32.97
T1007726,S004,P0164,C00966,2025-02-14,7,91.49
T1007727,S014,P0191,C00601,2025-01-10,6,455.11
T1007728,S003,P0121,C00415,2024-09-16,9,142.59
T1007729,S006,P0056,C00439,2025-03-01,1,230.01
T1007730,S003,P0167,C00657,2024-10-29,6,138.05
T1007731,S009,P0092,C00159,2024-09-28,7,9.12
T1007732,S003,P0176,C00381,2024-12-25,9,90.98
T1007733,S015,P0059,C00215,2024-07-07,4,318.22
T1007734,S013,P0191,C00428,2024-01-04,6,111.78
T1007735,S020,P0051,C00150,2024-09-30,9,434.24
T1007736,S015,P0195,C00348,2024-01-14,8,294.88
T1007737,S001,P0139,C00471,2025-05-30,3,40.39
T1007738,S019,P0170,C00538,2025-02-22,6,301.82
T1007739,S008,P0096,C00345,2025-09-13,5,18.53
T1007740,S012,P0021,C00714,2024-04-07,8,327.08
T1007741,S005,P0075,C00834,2024-05-11,3,486.29
T1007742,S016,P0155,C00401,2025-01-27,2,418.56
T1007743,S016,P0042,C00234,2025-05-12,5,251.35
T1007744,S007,P0087,C00237,2024-06-27,7,47.99
T1007745,S014,P0142,C00433,2024-07-26,6,382.4
T1007746,S004,P0076,C00609,2024-12-06,2,492.64
T1007747,S002,P0163,C00830,2025-08-30,5,404.23
T1007748,S001,P0098,C00212,2025-01-20,5,233.01
T1007749,S014,P0057,C00286,2025-08-15,6,466.13
T1007750,S003,P0135,C00766,2024-08-17,6,470.55
T1007751,S003,P0015,C00536,2024-09-24,1,477.21
T1007752,S011,P0116,C00147,2024-10-03,3,254.51
T1007753,S006,P0184,C00547,2025-02-06,1,169.9
T1007754,S005,P0184,C00736,2025-08-28,5,63.02
T1007755,S013,P0173,C00150,2024-07-24,7,235.14
T1007756,S011,P0049,C00577,2024-08-31,8,274.32
T1007757,S007,P0061,C00363,2024-05-09,2,385.43
T1007758,S010,P0138,C00599,2025-04-16,2,235.83
T1007759,S019,P0187,C00817,2025-04-11,6,288.46
T1007760,S018,P0195,C00969,2024-10-21,4,45.49
T1007761,S007,P0054,C00185,2025-07-30,1,15.16
T1007762,S011,P0048,C00944,2025-02-03,8,220.83
T1007763,S011,P0012,C00164,2025-07-28,6,384.96
T1007764,S015,P0031,C00866,2024-11-16,4,228.15
T1007765,S020,P0128,C00247,2025-01-13,1,412.05
T1007766,S014,P0044,C00728,2025-04-21,3,498.44
T1007767,S005,P0200,C00234,2024-01-01,3,387.22
T1007768,S001,P0020,C00995,2024-09-24,2,100.5
T1007769,S001,P0029,C00532,2025-01-13,6,317.27
T1007770,S017,P0022,C00968,2025-09-14,7,356.39
T1007771,S004,P0048,C00510,2024-03-28,7,152.79
T1007772,S018,P0152,C00493,2024-11-22,5,446.46
T1007773,S006,P0014,C00180,2024-02-02,5,72.94
T1007774,S016,P0024,C00487,2024-02-03,5,44.28
T1007775,S019,P0038,C00746,2024-10-26,6,285.17
T1007776,S010,P0079,C00446,2025-09-27,1,331.91
T1007777,S016,P0046,C00074,2024-08-19,5,386.24
T1007778,S011,P0194,C00761,2024-08-30,3,424.54
T1007779,S006,P0022,C00239,2024-05-05,7,282.86
T1007780,S001,P0105,C00895,2025-03-21,7,111.19
T1007781,S001,P0122,C00107,2025-06-15,3,480.87
T1007782,S015,P0134,C00488,2024-03-22,4,12.81
T1007783,S007,P0063,C00777,2025-07-16,3,266.1
T1007784,S002,P0031,C00248,2024-07-12,4,212.36
T1007785,S014,P0034,C00062,2025-05-21,8,354.92
T1007786,S007,P0086,C00139,2024-06-17,5,481.86
T1007787,S017,P0084,C00579,2024-08-06,8,120.06
T1007788,S011,P0042,C00057,2024-11-17,3,308.42
T1007789,S019,P0013,C00397,2024-02-02,2,137.45
T1007790,S018,P0152,C00198,2024-03-24,6,212.25
T1007791,S014,P0007,C00724,2024-12-02,6,324.29
T1007792,S020,P0154,C00119,2024-07-08,5,195.29
T1007793,S011,P0158,C00915,2024-07-12,4,203.35
T1007794,S011,P0070,C00392,2025-08-23,9,439.65
T1007795,S014,P0155,C00094,2025-04-13,3,81.71
T1007796,S020,P0162,C00166,2024-10-17,6,16.16
T1007797,S007,P0061,C00166,2024-01-12,1,177.65
T1007798,S003,P0093,C00921,2025-02-10,7,278.5
T1007799,S010,P0166,C00958,2024-03-16,6,271.9
T1007800,S004,P0124,C00064,2025-07-18,2,398.07
T1007801,S012,P0189,C00470,2025-09-12,1,265.66
T1007802,S018,P0116,C00450,2025-03-16,1,305.92
T1007803,S016,P0011,C00996,2025-07-08,4,128.74
T1007804,S018,P0051,C00364,2024-08-22,9,238.29
T1007805,S005,P0006,C00878,2025-06-01,9,315.05
T1007806,S006,P0104,C00618,2024-07-29,3,156.64
T1007807,S010,P0118,C00610,2025-09-20,6,479.62
T1007808,S007,P0189,C00947,2024-12-04,8,285.2
T1007809,S004,P0044,C00091,2024-12-17,1,400.75
T1007810,S014,P0006,C00472,2024-10-10,2,11.95
T1007811,S012,P0130,C00518,2025-05-27,4,105.93
T1007812,S007,P0080,C00488,2025-03-15,8,278.65
T1007813,S011,P0116,C00352,2025-05-08,2,485.74
T1007814,S008,P0052,C00615,2024-11-17,1,98.86
T1007815,S018,P0108,C00622,2025-08-18,4,12.59
T1007816,S018,P0042,C00666,2025-05-24,6,466.19
T1007817,S008,P0107,C00962,2025-01-10,6,398.26
T1007818,S004,P0051,C00870,2025-03-07,6,492.31
T1007819,S017,P0028,C00397,2024-05-05,6,404.42
T1007820,S004,P0184,C00509,2025-07-27,5,304.52
T1007821,S003,P0126,C00369,2025-01-02,6,229.72
T1007822,S017,P0052,C00587,2024-08-26,7,184.26
T1007823,S011,P0165,C00777,2025-09-24,7,236.07
T1007824,S007,P0058,C00861,2025-06-14,6,195.05
T1007825,S017,P0200,C00799,2024-02-12,3,18.84
T1007826,S019,P0026,C00708,2024-09-07,5,225.27
T1007827,S014,P0176,C00875,2024-05-25,8,274.68
T1007828,S005,P0021,C00071,2024-10-18,3,324.33
T1007829,S017,P0071,C00362,2024-09-02,8,409.22
T1007830,S017,P0060,C00259,2024-10-22,3,65.24
T1007831,S020,P0198,C00012,2025-05-05,5,106.16
T1007832,S006,P0141,C00558,2025-05-23,7,377.77
T1007833,S004,P0084,C00770,2024-02-17,5,189.41
T1007834,S014,P0192,C00638,2025-04-10,2,239.89
T1007835,S006,P0160,C00201,2025-01-05,8,305.85
T1007836,S011,P0062,C00470,2025-04-20,8,243.84
T1007837,S004,P0078,C00438,2025-05-06,1,270.91
T1007838,S005,P0007,C00011,2025-05-15,6,338.73
T1007839,S012,P0169,C00372,2024-02-27,9,327.04
T1007840,S005,P0048,C00310,2025-02-26,7,88.43
T1007841,S015,P0197,C00955,2024-03-29,4,267.44
T1007842,S014,P0108,C00396,2024-02-10,7,125.15
T1007843,S006,P0104,C00498,2025-09-24,1,381.63
T1007844,S012,P0036,C00668,2025-06-18,3,424.24
T1007845,S012,P0095,C00223,2024-11-15,8,473.93
T1007846,S001,P0136,C00172,2025-03-22,5,251.23
T1007847,S005,P0160,C00427,2024-07-18,9,464.27
T1007848,S018,P0066,C00875,2024-08-10,2,386.8
T1007849,S017,P0011,C00883,2025-02-21,5,269.92
T1007850,S001,P0179,C00245,2024-05-12,6,245.9
T1007851,S014,P0044,C00509,2024-10-09,1,332.09
T1007852,S007,P0198,C00823,2024-04-05,2,105.84
T1007853,S011,P0009,C00246,2024-10-17,6,108.91
T1007854,S012,P0085,C00445,2025-02-23,1,494.04
T1007855,S004,P0019,C00916,2025-08-03,1,17.55
T1007856,S015,P0036,C00071,2025-02-26,4,260.26
T1007857,S008,P0199,C00216,2025-05-31,3,371.79
T1007858,S006,P0085,C00538,2025-02-16,2,375.75
T1007859,S001,P0191,C00764,2024-04-09,1,254.74
T1007860,S007,P0178,C00406,2025-09-01,6,15.2
T1007861,S012,P0072,C00007,2024-04-03,6,493.82
T1007862,S003,P0026,C00067,2025-01-19,8,176.94
T1007863,S002,P0116,C00891,2024-09-14,2,229.63
T1007864,S006,P0175,C00318,2025-02-27,1,442.9
T1007865,S013,P0035,C00999,2024-01-16,7,113.84
T1007866,S020,P0136,C00885,2025-01-12,6,462.64
T1007867,S010,P0113,C00268,2025-08-05,2,17.51
T1007868,S012,P0047,C00895,2024-04-18,2,67.42
T1007869,S002,P0075,C00609,2024-06-03,5,230.66
T1007870,S010,P0036,C00933,2025-04-18,7,98.51
T1007871,S019,P0186,C00557,2024-02-26,6,357.12
T1007872,S001,P0080,C00575,2024-08-11,2,388.19
T1007873,S014,P0098,C00058,2024-04-17,6,356.69
T1007874,S015,P0125,C00431,2025-07-26,2,97.49
T1007875,S010,P0012,C00939,2025-08-26,6,97.47
T1007876,S011,P0033,C00508,2024-02-18,9,399.07
T1007877,S003,P0077,C00394,2024-01-02,5,417.45
T1007878,S008,P0049,C00310,2024-01-13,6,50.38
T1007879,S010,P0005,C00820,2025-07-09,8,154.09
T1007880,S004,P0063,C00717,2024-10-22,8,77.33
T1007881,S015,P0185,C00314,2025-04-27,1,423.58
T1007882,S012,P0130,C00956,2025-07-25,3,476.95
T1007883,S009,P0188,C00154,2024-08-10,1,428.36
T1007884,S003,P0128,C00553,2024-08-26,7,389.39
T1007885,S010,P0130,C00415,2025-07-21,7,465.01
T1007886,S019,P0161,C00032,2025-07-28,8,255.98
T1007887,S020,P0054,C00897,2024-07-21,2,291.82
T1007888,S020,P0093,C00842,2025-07-13,7,308.87
T1007889,S003,P0117,C00670,2024-05-13,7,486.76
T1007890,S002,P0184,C00711,2025-07-01,5,399.22
T1007891,S008,P0018,C00969,2025-01-24,7,492.79
T1007892,S001,P0042,C00521,2024-03-17,5,258.96
T1007893,S015,P0029,C00855,2024-07-05,8,246.67
T1007894,S003,P0003,C00341,2025-03-02,9,451.78
T1007895,S003,P0121,C00335,2024-10-13,4,284.31
T1007896,S018,P0047,C00331,2024-09-11,4,35.5
T1007897,S004,P0174,C00671,2024-02-25,8,196.01
T1007898,S012,P0163,C00435,2024-05-29,5,204.59
T1007899,S003,P0096,C00689,2025-03-05,9,279.71
T1007900,S014,P0196,C00116,2024-08-21,2,414.78
T1007901,S012,P0047,C00652,2025-09-29,3,120.22
T1007902,S009,P0027,C00391,2024-07-14,6,43.05
T1007903,S015,P0138,C00351,2024-08-04,1,182.54
T1007904,S012,P0043,C00980,2025-07-06,7,71.73
T1007905,S004,P0007,C00855,2025-07-11,7,360.65
T1007906,S009,P0173,C00291,2025-01-05,3,452.24
T1007907,S013,P0159,C00127,2025-07-08,8,24.36
T1007908,S020,P0015,C00024,2024-04-14,9,143.77
T1007909,S007,P0188,C00023,2024-09-14,2,273.62
T1007910,S001,P0176,C00215,2024-05-14,3,62.94
T1007911,S019,P0083,C00053,2024-07-04,6,374.88
T1007912,S020,P0016,C00404,2025-04-09,6,67.42
T1007913,S016,P0049,C00445,2025-06-25,1,103.88
T1007914,S020,P0162,C00051,2024-05-16,6,180.03
T1007915,S018,P0177,C00657,2025-02-13,9,217.36
T1007916,S012,P0008,C00145,2024-04-30,5,68.56
T1007917,S014,P0006,C00065,2024-08-28,8,75.06
T1007918,S017,P0173,C00890,2024-11-19,2,351.64
T1007919,S016,P0136,C00784,2024-04-18,7,416.23
T1007920,S001,P0004,C00308,2024-01-30,8,204.24
T1007921,S020,P0039,C01000,2025-08-11,8,296.7
T1007922,S004,P0125,C00428,2025-03-06,4,97.86
T1007923,S002,P0121,C00682,2025-08-21,4,168.28
T1007924,S014,P0176,C00062,2024-07-28,2,239.97
T1007925,S008,P0180,C00232,2025-02-17,8,83.04
T1007926,S008,P0180,C00353,2024-07-01,6,144.79
T1007927,S013,P0120,C00480,2025-07-27,2,421.01
T1007928,S019,P0166,C00301,2025-04-17,7,333.76
T1007929,S014,P0056,C00686,2025-09-30,8,457.33
T1007930,S011,P0194,C00091,2025-09-12,2,339.11
T1007931,S014,P0069,C00933,2025-03-16,9,451.2
T1007932,S018,P0153,C00274,2025-02-28,6,54.87
T1007933,S012,P0146,C00889,2025-08-03,7,494.19
T1007934,S005,P0108,C00786,2024-04-23,1,43.91
T1007935,S008,P0076,C00670,2024-01-04,2,227.53
T1007936,S012,P0194,C00986,2025-06-14,9,223.61
T1007937,S010,P0119,C00292,2024-02-03,6,26.11
T1007938,S020,P0051,C00526,2025-06-16,6,401.97
T1007939,S008,P0129,C00491,2025-05-06,7,178.13
T1007940,S006,P0140,C00488,2024-04-03,6,372.39
T1007941,S009,P0079,C00969,2025-06-06,7,204.61
T1007942,S016,P0132,C00118,2025-09-03,4,109.16
T1007943,S001,P0156,C00016,2025-03-17,3,167.32
T1007944,S015,P0068,C00927,2024-09-18,8,269.89
T1007945,S006,P0020,C00380,2025-07-22,5,145.57
T1007946,S002,P0112,C00559,2025-04-13,2,433.74
T1007947,S005,P0193,C00942,2024-12-21,6,379.69
T1007948,S004,P0170,C00765,2025-09-15,1,312.79
T1007949,S018,P0068,C00225,2024-02-10,3,23.95
T1007950,S020,P0092,C00069,2025-02-14,4,207.87
T1007951,S013,P0130,C00770,2024-01-04,5,474.53
T1007952,S019,P0003,C00771,2024-03-04,8,195.16
T1007953,S020,P0099,C00182,2024-03-19,2,269.51
T1007954,S018,P0112,C00776,2025-08-13,5,278.51
T1007955,S003,P0048,C00359,2025-05-29,5,464.51
T1007956,S012,P0041,C00326,2024-01-14,1,435.63
T1007957,S001,P0097,C00588,2024-04-10,1,69.24
T1007958,S009,P0009,C00797,2025-03-02,1,55.16
T1007959,S013,P0007,C00336,2024-05-03,2,181.51
T1007960,S007,P0114,C00460,2025-01-24,5,72.62
T1007961,S017,P0076,C00802,2024-07-02,2,158.07
T1007962,S019,P0160,C00773,2024-05-25,7,193.15
T1007963,S009,P0137,C00868,2024-10-25,5,82.73
T1007964,S015,P0166,C00358,2024-09-13,3,110.54
T1007965,S017,P0018,C00937,2024-04-24,6,206.16
T1007966,S007,P0081,C00507,2024-10-30,3,57.4
T1007967,S016,P0094,C00324,2024-01-03,7,343.63
T1007968,S017,P0044,C00960,2024-06-29,2,423.68
T1007969,S014,P0161,C00474,2024-10-21,9,219.35
T1007970,S019,P0074,C00349,2025-05-19,2,491.47
T1007971,S010,P0062,C00896,2024-04-23,6,407.39
T1007972,S010,P0102,C00936,2025-01-04,4,13.51
T1007973,S006,P0041,C00722,2024-11-29,9,271.97
T1007974,S020,P0176,C00611,2024-02-25,8,334.37
T1007975,S005,P0113,C00913,2025-04-21,1,131.37
T1007976,S003,P0144,C00587,2024-01-11,4,82.8
T1007977,S002,P0180,C00579,2025-01-06,6,321.25
T1007978,S006,P0110,C00948,2025-05-12,3,444.59
T1007979,S002,P0080,C00777,2024-05-31,4,83.71
T1007980,S012,P0028,C00422,2024-05-28,7,156.08
T1007981,S020,P0114,C00394,2024-12-05,6,140.87
T1007982,S011,P0102,C00113,2025-08-10,7,211.33
T1007983,S001,P0064,C00475,2025-06-08,4,347.04
T1007984,S013,P0144,C00913,2024-01-21,2,446.13
T1007985,S020,P0125,C00146,2024-10-20,4,451.28
T1007986,S013,P0004,C00128,2025-04-20,4,406.29
T1007987,S018,P0008,C00169,2024-12-14,4,279.16
T1007988,S004,P0111,C00656,2024-07-20,3,100.93
T1007989,S017,P0062,C00768,2024-04-27,8,457.35
T1007990,S011,P0140,C00706,2025-02-25,1,324.68
T1007991,S017,P0144,C00150,2024-05-15,7,421.12
T1007992,S017,P0167,C00078,2024-02-16,2,38.17
T1007993,S016,P0049,C00749,2025-05-17,5,225.77
T1007994,S014,P0027,C00867,2024-11-08,3,177.2
T1007995,S002,P0007,C00677,2025-09-19,2,461.23
T1007996,S002,P0005,C00191,2024-10-24,7,318.21
T1007997,S008,P0140,C00625,2024-11-29,4,430.2
T1007998,S018,P0082,C00587,2025-02-08,4,348.88
T1007999,S005,P0061,C00182,2025-05-11,9,219.14
T1008000,S019,P0182,C00288,2024-10-10,3,298.44
T1008001,S012,P0035,C00452,2024-10-13,1,172.8
T1008002,S004,P0096,C00352,2024-12-08,6,48.83
T1008003,S013,P0022,C00860,2025-01-25,5,6.97
T1008004,S008,P0141,C00501,2025-01-02,5,56.77
T1008005,S012,P0030,C00001,2024-10-23,5,147.42
T1008006,S013,P0002,C00376,2025-04-14,1,472.92
T1008007,S001,P0062,C00600,2024-01-22,6,328.43
T1008008,S019,P0051,C00190,2025-05-23,6,89.67
T1008009,S020,P0149,C00120,2024-05-17,1,289.3
T1008010,S006,P0046,C00419,2024-01-17,7,481.13
T1008011,S015,P0020,C00471,2024-09-06,7,411.24
T1008012,S018,P0092,C00382,2025-10-01,2,69.96
T1008013,S001,P0078,C00752,2025-08-05,1,168.71
T1008014,S009,P0029,C00130,2025-09-28,5,304.59
T1008015,S012,P0193,C00023,2024-12-03,3,303.32
T1008016,S001,P0060,C00267,2025-09-19,9,395.17
T1008017,S018,P0004,C00990,2025-03-31,4,466.47
T1008018,S007,P0151,C00119,2025-05-26,7,44.08
T1008019,S004,P0156,C00962,2024-04-18,5,314.63
T1008020,S002,P0011,C00681,2025-05-20,9,153.99
T1008021,S020,P0078,C00246,2024-11-13,4,367.05
T1008022,S003,P0080,C00323,2025-08-17,4,414.49
T1008023,S020,P0118,C00053,2025-06-27,9,466.8
T1008024,S013,P0105,C00846,2024-03-04,9,68.01
T1008025,S015,P0149,C00663,2024-02-13,2,470.35
T1008026,S009,P0148,C00956,2024-01-17,9,271.62
T1008027,S009,P0120,C00340,2024-05-22,1,146.09
T1008028,S002,P0150,C00019,2024-02-16,6,278.51
T1008029,S007,P0120,C00033,2024-05-30,8,487.21
T1008030,S002,P0021,C00777,2024-07-11,1,317.9
T1008031,S020,P0101,C00233,2024-01-20,1,458.28
T1008032,S014,P0195,C00412,2025-06-10,8,177.93
T1008033,S004,P0091,C00205,2025-09-02,4,187.32
T1008034,S014,P0009,C00995,2024-08-17,5,237.54
T1008035,S005,P0024,C00384,2025-05-06,5,209.73
T1008036,S015,P0011,C00911,2024-05-27,1,245.0
T1008037,S005,P0055,C00019,2024-10-11,4,286.74
T1008038,S014,P0040,C00577,2025-08-02,4,374.35
T1008039,S009,P0121,C00731,2024-06-16,9,408.9
T1008040,S018,P0015,C00290,2024-05-06,8,277.76
T1008041,S019,P0035,C00293,2025-07-22,2,353.78
T1008042,S011,P0065,C00823,2025-06-30,2,23.94
T1008043,S012,P0079,C00956,2024-04-30,9,30.05
T1008044,S013,P0092,C00605,2024-06-09,5,119.51
T1008045,S015,P0015,C00445,2024-01-27,5,160.16
T1008046,S012,P0080,C00017,2024-07-04,2,82.04
T1008047,S016,P0112,C00530,2025-09-12,4,6.19
T1008048,S018,P0164,C00682,2025-06-30,3,94.86
T1008049,S003,P0043,C00902,2024-03-11,6,367.81
T1008050,S001,P0016,C00719,2024-06-10,4,243.63
T1008051,S005,P0142,C00428,2025-06-18,5,294.89
T1008052,S015,P0122,C00795,2025-03-31,8,79.41
T1008053,S015,P0079,C00841,2025-03-20,4,75.66
T1008054,S015,P0137,C00312,2024-12-19,2,287.49
T1008055,S005,P0145,C00577,2024-09-10,4,195.44
T1008056,S016,P0068,C00607,2024-04-16,3,414.8
T1008057,S004,P0035,C00453,2024-07-07,5,130.37
T1008058,S008,P0109,C00904,2025-01-17,1,363.0
T1008059,S008,P0148,C00817,2024-09-25,7,298.33
T1008060,S020,P0138,C00955,2025-03-25,3,350.49
T1008061,S018,P0108,C00141,2025-05-23,5,373.42
T1008062,S008,P0123,C00108,2024-08-21,4,186.56
T1008063,S009,P0013,C00820,2025-04-30,9,222.3
T1008064,S004,P0155,C00734,2025-06-26,7,169.34
T1008065,S005,P0080,C00331,2025-02-20,5,64.33
T1008066,S005,P0147,C00119,2025-08-31,9,261.41
T1008067,S017,P0169,C00526,2024-01-22,3,298.4
T1008068,S008,P0050,C00672,2024-11-09,7,327.3
T1008069,S019,P0110,C00757,2025-04-20,5,193.92
T1008070,S016,P0014,C00680,2024-12-01,3,488.84
T1008071,S020,P0050,C00674,2025-03-11,2,234.98
T1008072,S006,P0121,C00344,2024-03-23,1,322.84
T1008073,S002,P0055,C00508,2024-05-22,4,75.93
T1008074,S012,P0116,C00825,2025-04-04,6,101.79
T1008075,S010,P0118,C00465,2024-03-01,1,102.58
T1008076,S017,P0154,C00153,2024-12-03,6,37.75
T1008077,S004,P0171,C00231,2025-09-29,6,98.82
T1008078,S002,P0155,C00604,2024-11-13,7,57.26
T1008079,S008,P0114,C00498,2025-04-11,2,145.63
T1008080,S005,P0128,C00294,2025-06-11,3,312.51
T1008081,S015,P0044,C00435,2024-12-27,8,465.82
T1008082,S020,P0111,C01000,2024-02-29,3,428.38
T1008083,S003,P0103,C00530,2024-02-21,8,186.33
T1008084,S012,P0083,C00348,2025-06-18,9,259.04
T1008085,S002,P0082,C00553,2024-02-17,9,451.19
T1008086,S012,P0169,C00820,2025-03-28,5,224.24
T1008087,S001,P0101,C00058,2024-07-30,4,84.1
T1008088,S014,P0078,C00402,2024-11-04,5,435.99
T1008089,S008,P0164,C00647,2025-08-26,8,453.77
T1008090,S016,P0086,C00340,2024-11-21,4,280.2
T1008091,S016,P0073,C00640,2025-01-17,8,148.33
T1008092,S019,P0076,C00546,2024-09-21,8,58.46
T1008093,S008,P0176,C00206,2025-02-26,9,231.46
T1008094,S012,P0010,C00867,2025-01-07,6,150.83
T1008095,S010,P0130,C00780,2025-05-18,4,180.18
T1008096,S006,P0190,C00401,2024-10-21,1,270.17
T1008097,S018,P0085,C00559,2024-11-19,5,484.47
T1008098,S004,P0147,C00191,2025-03-10,5,379.84
T1008099,S012,P0179,C00738,2024-04-04,8,183.14
T1008100,S008,P0067,C00137,2025-02-26,6,174.19
T1008101,S002,P0179,C00963,2024-12-07,5,275.72
T1008102,S004,P0027,C00423,2024-07-08,4,424.75
T1008103,S019,P0048,C00444,2025-03-22,6,126.67
T1008104,S008,P0120,C00792,2024-08-19,9,385.51
T1008105,S016,P0023,C00779,2024-06-06,7,55.58
T1008106,S013,P0197,C00227,2024-07-09,2,433.14
T1008107,S002,P0045,C00291,2024-04-01,2,425.32
T1008108,S012,P0007,C00831,2024-03-21,2,203.28
T1008109,S011,P0088,C00754,2024-07-27,4,175.86
T1008110,S006,P0056,C00817,2025-01-23,2,396.73
T1008111,S006,P0029,C00258,2024-03-04,3,16.92
T1008112,S006,P0048,C00967,2025-06-10,4,29.03
T1008113,S010,P0023,C00774,2024-10-16,6,350.12
T1008114,S015,P0022,C00910,2025-02-05,8,253.67
T1008115,S019,P0095,C00001,2024-05-09,8,455.8
T1008116,S011,P0070,C00911,2024-11-07,9,50.16
T1008117,S013,P0084,C00624,2025-02-01,8,101.89
T1008118,S010,P0194,C00890,2024-05-08,3,446.01
T1008119,S010,P0165,C00130,2025-05-09,2,478.04
T1008120,S018,P0172,C00128,2024-06-12,7,220.07
T1008121,S020,P0140,C00292,2025-04-01,6,37.8
T1008122,S016,P0091,C00086,2024-06-29,9,202.15
T1008123,S004,P0013,C00942,2025-09-08,5,125.1
T1008124,S017,P0086,C00570,2025-08-09,7,91.51
T1008125,S004,P0006,C00550,2024-01-06,4,183.15
T1008126,S013,P0095,C00627,2025-07-31,3,355.43
T1008127,S020,P0041,C00695,2024-09-29,9,493.71
T1008128,S020,P0043,C00214,2024-04-20,4,268.42
T1008129,S017,P0171,C00893,2024-03-27,8,90.08
T1008130,S010,P0089,C00463,2025-07-15,5,380.76
T1008131,S010,P0085,C00799,2024-07-06,7,140.1
T1008132,S003,P0070,C00363,2024-03-21,3,190.69
T1008133,S006,P0142,C00169,2024-03-11,3,449.02
T1008134,S013,P0136,C00221,2024-02-15,5,370.32
T1008135,S018,P0026,C00380,2024-06-02,7,148.3
T1008136,S013,P0112,C00950,2025-01-17,4,190.52
T1008137,S016,P0198,C00816,2024-11-19,4,345.85
T1008138,S001,P0197,C00465,2025-03-03,5,441.26
T1008139,S009,P0141,C00260,2024-01-05,4,48.32
T1008140,S018,P0122,C00910,2025-04-09,2,372.2
T1008141,S002,P0025,C00921,2025-01-29,7,148.2
T1008142,S003,P0149,C00659,2025-07-16,3,74.12
T1008143,S005,P0015,C00054,2025-06-12,7,475.74
T1008144,S008,P0054,C00036,2025-08-07,2,380.36
T1008145,S012,P0102,C00974,2025-01-24,9,168.67
T1008146,S007,P0179,C00712,2024-02-03,7,27.29
T1008147,S011,P0023,C00264,2024-08-15,9,484.87
T1008148,S019,P0053,C00135,2024-12-28,3,151.24
T1008149,S001,P0134,C00148,2025-04-06,7,76.99
T1008150,S005,P0002,C00271,2024-08-17,2,317.31
T1008151,S002,P0111,C00532,2025-07-05,5,426.09
T1008152,S013,P0161,C00578,2024-09-06,8,251.06
T1008153,S005,P0165,C00929,2024-12-11,9,58.37
T1008154,S006,P0079,C00891,2024-04-22,8,227.87
T1008155,S010,P0113,C00313,2024-11-10,5,380.74
T1008156,S019,P0178,C00302,2024-08-28,6,405.83
T1008157,S015,P0155,C00389,2024-10-13,1,216.71
T1008158,S001,P0164,C00501,2025-07-02,6,396.56
T1008159,S015,P0143,C00165,2025-07-25,4,392.35
T1008160,S016,P0066,C00573,2024-07-26,8,107.43
T1008161,S002,P0188,C00356,2025-04-03,8,478.75
T1008162,S010,P0066,C00005,2025-08-07,1,370.51
T1008163,S018,P0154,C00810,2025-05-27,2,79.88
T1008164,S001,P0067,C00394,2025-01-18,5,474.5
T1008165,S018,P0160,C00022,2025-07-01,8,404.73
T1008166,S011,P0007,C00359,2025-03-01,2,232.88
T1008167,S008,P0008,C00980,2024-12-30,7,255.54
T1008168,S018,P0191,C00638,2025-03-23,4,394.36
T1008169,S010,P0106,C00068,2025-06-25,6,410.33
T1008170,S007,P0122,C00107,2024-02-02,9,24.5
T1008171,S001,P0155,C00388,2025-02-19,8,179.09
T1008172,S017,P0137,C00462,2025-07-08,9,331.25
T1008173,S004,P0067,C00148,2024-12-03,6,204.83
T1008174,S012,P0052,C00350,2025-09-07,2,7.1
T1008175,S010,P0144,C00183,2024-09-22,6,149.47
T1008176,S006,P0190,C00247,2024-11-17,4,255.46
T1008177,S013,P0144,C00751,2025-04-15,5,281.54
T1008178,S008,P0172,C00669,2025-01-09,9,58.49
T1008179,S020,P0056,C00450,2025-08-23,1,309.05
T1008180,S001,P0005,C00629,2024-11-16,2,330.54
T1008181,S011,P0068,C00359,2024-02-18,3,304.67
T1008182,S016,P0010,C00556,2025-05-13,1,302.53
T1008183,S019,P0039,C00433,2024-06-01,2,206.55
T1008184,S020,P0166,C00528,2024-12-21,9,318.14
T1008185,S012,P0114,C00689,2024-03-14,4,429.25
T1008186,S012,P0128,C00526,2025-03-20,8,252.24
T1008187,S008,P0130,C00213,2024-02-10,2,281.15
T1008188,S007,P0184,C00979,2025-01-14,9,123.23
T1008189,S018,P0043,C00687,2024-12-11,7,236.03
T1008190,S012,P0076,C00919,2024-05-02,1,417.07
T1008191,S018,P0056,C00747,2025-05-19,1,252.71
T1008192,S001,P0025,C00881,2025-01-15,3,94.53
T1008193,S009,P0179,C00402,2025-08-08,9,5.5
T1008194,S002,P0197,C00481,2024-08-16,4,494.65
T1008195,S003,P0094,C00870,2024-10-29,1,291.65
T1008196,S019,P0003,C00766,2024-06-27,4,306.93
T1008197,S004,P0160,C00674,2025-04-08,2,212.23
T1008198,S002,P0179,C00268,2025-03-14,2,118.78
T1008199,S017,P0005,C00402,2024-07-13,9,476.38
T1008200,S008,P0109,C00238,2024-01-19,6,390.29
T1008201,S018,P0121,C00658,2024-07-09,6,124.82
T1008202,S003,P0087,C00273,2024-09-08,2,67.27
T1008203,S011,P0112,C00843,2024-05-22,3,421.13
T1008204,S016,P0107,C00188,2025-08-13,2,144.48
T1008205,S010,P0028,C00174,2025-06-21,8,481.0
T1008206,S014,P0081,C00465,2025-04-26,5,330.04
T1008207,S012,P0199,C00135,2025-08-29,6,87.8
T1008208,S019,P0183,C00728,2024-12-15,4,237.65
T1008209,S019,P0198,C00960,2024-04-10,6,411.7
T1008210,S015,P0120,C00054,2024-03-14,6,32.07
T1008211,S003,P0190,C00180,2024-04-04,6,157.06
T1008212,S013,P0035,C00928,2024-07-31,3,470.08
T1008213,S015,P0149,C00386,2025-04-19,2,330.87
T1008214,S019,P0151,C00634,2025-06-29,8,498.76
T1008215,S003,P0103,C00117,2025-09-08,1,13.51
T1008216,S008,P0031,C00119,2024-07-09,3,281.64
T1008217,S001,P0111,C00812,2024-06-23,7,37.13
T1008218,S007,P0104,C00266,2025-06-26,6,342.52
T1008219,S009,P0039,C00632,2025-02-05,5,137.77
T1008220,S018,P0166,C00719,2024-11-05,8,163.6
T1008221,S020,P0069,C00217,2024-08-04,5,263.7
T1008222,S018,P0088,C00477,2024-08-07,3,337.61
T1008223,S014,P0013,C00378,2024-09-18,2,279.36
T1008224,S006,P0029,C00276,2025-01-19,7,428.19
T1008225,S018,P0119,C00306,2024-04-01,4,276.68
T1008226,S019,P0135,C00059,2024-03-07,5,224.43
T1008227,S012,P0107,C00296,2025-06-23,2,366.25
T1008228,S017,P0080,C00525,2024-02-07,9,10.1
T1008229,S015,P0172,C00110,2024-09-21,3,307.26
T1008230,S019,P0126,C00954,2024-07-02,1,427.51
T1008231,S019,P0066,C00661,2024-06-29,9,260.82
T1008232,S009,P0105,C00562,2025-07-04,7,31.91
T1008233,S003,P0023,C00007,2025-08-08,2,38.43
T1008234,S017,P0077,C00190,2025-05-27,5,127.01
T1008235,S010,P0118,C00859,2024-10-03,1,415.83
T1008236,S009,P0061,C00691,2025-04-18,2,92.72
T1008237,S009,P0132,C00771,2024-01-20,5,412.85
T1008238,S012,P0070,C00051,2024-10-31,4,425.33
T1008239,S015,P0042,C00761,2024-04-29,8,467.65
T1008240,S011,P0180,C00277,2024-05-29,1,67.01
T1008241,S017,P0131,C00321,2025-06-01,6,133.56
T1008242,S006,P0126,C00457,2025-04-27,7,488.56
T1008243,S009,P0096,C00231,2025-06-15,9,196.79
T1008244,S016,P0012,C00201,2024-05-02,5,11.5
T1008245,S005,P0012,C00417,2025-08-04,1,280.22
T1008246,S001,P0025,C00966,2024-04-14,8,203.28
T1008247,S013,P0078,C00543,2024-03-30,2,407.74
T1008248,S003,P0070,C00918,2024-11-12,6,299.7
T1008249,S010,P0148,C00481,2024-03-20,3,126.12
T1008250,S002,P0041,C00110,2025-01-09,9,220.61
T1008251,S003,P0178,C00458,2024-01-09,6,39.21
T1008252,S017,P0135,C00996,2024-06-05,1,157.21
T1008253,S013,P0115,C00895,2024-07-13,6,148.82
T1008254,S014,P0184,C00058,2024-10-20,3,128.29
T1008255,S007,P0140,C00293,2025-04-26,2,388.88
T1008256,S016,P0165,C00241,2024-03-09,9,37.24
T1008257,S013,P0011,C00569,2024-12-27,1,198.0
T1008258,S020,P0114,C00570,2025-03-01,4,155.24
T1008259,S002,P0159,C00268,2025-05-31,9,123.27
T1008260,S004,P0029,C00073,2025-03-13,9,25.73
T1008261,S001,P0096,C00631,2025-02-20,3,234.09
T1008262,S011,P0060,C00882,2025-05-07,7,377.54
T1008263,S020,P0103,C00888,2024-08-28,7,111.75
T1008264,S002,P0177,C00835,2025-04-26,4,410.18
T1008265,S018,P0006,C00925,2025-01-07,3,373.85
T1008266,S017,P0063,C00284,2025-05-27,3,19.88
T1008267,S013,P0022,C00988,2025-05-20,2,328.93
T1008268,S011,P0012,C00377,2024-05-10,3,240.23
T1008269,S011,P0171,C00693,2025-02-27,8,216.42
T1008270,S020,P0131,C00973,2024-05-30,5,15.24
T1008271,S013,P0013,C00680,2024-09-09,4,180.78
T1008272,S014,P0026,C00283,2025-04-11,8,298.87
T1008273,S016,P0123,C00219,2025-01-06,8,235.75
T1008274,S019,P0141,C00247,2025-07-16,5,68.15
T1008275,S020,P0126,C00923,2024-11-17,4,256.02
T1008276,S009,P0193,C00637,2025-04-24,2,452.98
T1008277,S018,P0025,C00369,2024-01-14,3,91.16
T1008278,S003,P0172,C00123,2025-03-10,9,418.97
T1008279,S010,P0081,C00337,2024-03-14,3,6.75
T1008280,S008,P0096,C00188,2025-03-25,7,444.58
T1008281,S020,P0175,C00340,2024-09-04,3,321.02
T1008282,S001,P0115,C00476,2024-09-05,2,21.68
T1008283,S006,P0158,C00687,2025-03-29,8,217.04
T1008284,S011,P0002,C00403,2024-11-24,4,474.23
T1008285,S004,P0176,C00245,2024-03-04,5,129.91
T1008286,S009,P0058,C00728,2025-05-22,4,135.94
T1008287,S002,P0076,C00652,2024-03-20,1,12.47
T1008288,S013,P0103,C00564,2025-06-09,6,113.68
T1008289,S009,P0066,C00389,2024-10-17,8,313.78
T1008290,S012,P0198,C00520,2024-06-15,9,253.59
T1008291,S007,P0031,C00769,2025-05-19,4,323.86
T1008292,S005,P0040,C00860,2025-02-01,2,329.07
T1008293,S019,P0092,C00849,2025-07-16,9,67.26
T1008294,S004,P0111,C00128,2025-07-11,4,171.78
T1008295,S007,P0044,C00749,2024-12-31,4,326.25
T1008296,S013,P0067,C00509,2024-04-21,9,257.96
T1008297,S010,P0170,C00869,2025-07-21,1,228.19
T1008298,S006,P0157,C00666,2025-04-27,6,449.78
T1008299,S015,P0088,C00732,2025-02-03,9,79.12
T1008300,S013,P0002,C00765,2025-08-28,5,344.09
T1008301,S015,P0007,C00005,2025-08-29,1,121.22
T1008302,S016,P0093,C00113,2024-07-29,5,160.54
T1008303,S017,P0042,C00541,2024-10-03,3,28.19
T1008304,S007,P0039,C00745,2025-06-19,3,418.69
T1008305,S013,P0141,C00183,2025-05-26,6,192.29
T1008306,S012,P0093,C00170,2025-09-11,1,247.48
T1008307,S013,P0192,C00098,2024-09-23,5,494.0
T1008308,S008,P0136,C00521,2024-10-28,3,218.71
T1008309,S015,P0012,C00437,2024-06-16,2,481.03
T1008310,S019,P0026,C00480,2025-07-08,7,256.63
T1008311,S001,P0144,C00820,2024-04-15,7,294.05
T1008312,S015,P0124,C00184,2024-04-22,3,481.91
T1008313,S014,P0092,C00955,2024-09-24,5,225.05
T1008314,S008,P0023,C00736,2024-06-21,3,9.22
T1008315,S013,P0009,C00507,2025-09-08,4,370.95
T1008316,S014,P0024,C00041,2025-02-04,4,48.72
T1008317,S011,P0118,C00785,2024-10-15,3,365.52
T1008318,S015,P0069,C00754,2025-06-10,4,10.08
T1008319,S001,P0115,C00052,2025-01-05,6,200.29
T1008320,S017,P0068,C00441,2024-12-09,6,213.06
T1008321,S006,P0073,C00005,2024-09-16,4,22.89
T1008322,S015,P0151,C00487,2025-07-18,5,311.96
T1008323,S014,P0133,C00203,2025-09-30,4,30.26
T1008324,S006,P0066,C00868,2024-02-13,9,437.11
T1008325,S004,P0063,C00745,2025-03-04,1,269.71
T1008326,S001,P0024,C00503,2024-05-27,7,164.26
T1008327,S015,P0145,C00313,2025-05-05,7,337.17
T1008328,S016,P0053,C00621,2025-10-01,7,356.15
T1008329,S007,P0103,C00043,2024-09-23,5,344.25
T1008330,S015,P0071,C00016,2025-09-17,2,468.84
T1008331,S018,P0055,C00559,2024-04-14,9,292.92
T1008332,S020,P0063,C00862,2024-01-17,7,143.51
T1008333,S016,P0187,C00339,2024-03-01,6,286.43
T1008334,S011,P0155,C00477,2024-08-06,6,168.02
T1008335,S014,P0019,C00274,2024-10-26,2,104.73
T1008336,S003,P0133,C00410,2025-09-13,4,129.86
T1008337,S006,P0088,C00999,2024-05-28,2,293.63
T1008338,S007,P0189,C00062,2024-02-24,1,169.2
T1008339,S015,P0136,C00652,2024-04-18,9,301.97
T1008340,S013,P0131,C00410,2025-05-18,4,139.58
T1008341,S015,P0180,C00413,2024-02-27,2,438.21
T1008342,S016,P0153,C00209,2025-08-23,6,114.0
T1008343,S001,P0092,C00726,2025-09-02,7,366.97
T1008344,S013,P0114,C00772,2024-06-03,4,304.37
T1008345,S013,P0049,C00180,2024-09-01,6,88.31
T1008346,S003,P0132,C00601,2024-03-28,7,385.32
T1008347,S016,P0150,C00958,2024-08-24,1,299.8
T1008348,S012,P0172,C00157,2025-02-14,9,268.27
T1008349,S002,P0044,C00194,2025-08-17,2,141.67
T1008350,S015,P0158,C00699,2024-04-05,1,192.3
T1008351,S003,P0064,C00983,2024-02-14,8,59.33
T1008352,S015,P0076,C00939,2024-02-04,1,403.0
T1008353,S016,P0070,C00303,2025-06-29,3,406.96
T1008354,S013,P0133,C00665,2024-05-22,3,419.28
T1008355,S009,P0142,C00628,2024-03-27,6,409.55
T1008356,S014,P0109,C00421,2024-11-02,3,127.77
T1008357,S005,P0119,C00930,2025-05-31,1,176.78
T1008358,S011,P0129,C00128,2025-05-11,6,155.4
T1008359,S005,P0042,C00445,2025-08-19,7,370.18
T1008360,S018,P0055,C00956,2025-03-28,7,116.12
T1008361,S013,P0199,C00322,2024-09-18,2,221.75
T1008362,S003,P0196,C00375,2025-01-13,8,150.88
T1008363,S011,P0112,C00527,2024-05-14,3,59.96
T1008364,S012,P0141,C00745,2025-03-15,6,334.55
T1008365,S019,P0021,C00109,2024-07-21,7,494.51
T1008366,S010,P0048,C00647,2024-08-31,2,185.08
T1008367,S020,P0020,C00496,2024-08-06,9,247.98
T1008368,S019,P0140,C00025,2025-07-01,7,372.16
T1008369,S017,P0198,C00806,2024-05-15,8,81.0
T1008370,S006,P0119,C00447,2024-03-27,7,110.85
T1008371,S007,P0138,C00465,2025-08-26,4,403.36
T1008372,S013,P0060,C00371,2024-11-12,2,315.72
T1008373,S001,P0007,C00804,2025-03-06,6,217.66
T1008374,S018,P0095,C00806,2025-08-31,4,387.41
T1008375,S017,P0168,C00318,2025-06-24,9,233.36
T1008376,S006,P0023,C00545,2024-02-22,1,14.81
T1008377,S003,P0137,C00986,2025-07-21,5,332.43
T1008378,S019,P0023,C00341,2025-09-11,7,454.31
T1008379,S001,P0049,C00695,2024-04-21,5,121.33
T1008380,S009,P0127,C00326,2024-09-29,8,69.07
T1008381,S004,P0015,C00934,2025-07-12,8,245.56
T1008382,S015,P0148,C00978,2024-01-07,1,399.55
T1008383,S017,P0155,C00416,2024-12-21,5,366.66
T1008384,S017,P0151,C00270,2024-06-26,5,397.93
T1008385,S004,P0030,C00813,2024-05-16,4,303.73
T1008386,S001,P0063,C00117,2024-04-19,9,414.2
T1008387,S005,P0187,C00540,2024-06-12,1,330.99
T1008388,S001,P0133,C00127,2024-11-16,4,379.98
T1008389,S017,P0123,C00297,2024-12-21,9,183.77
T1008390,S010,P0061,C00720,2024-10-22,7,350.37
T1008391,S015,P0051,C00057,2024-02-21,6,486.04
T1008392,S016,P0097,C00947,2025-06-08,1,46.69
T1008393,S001,P0003,C00523,2024-03-15,1,81.46
T1008394,S010,P0172,C00220,2025-05-09,9,195.45
T1008395,S007,P0070,C00879,2025-06-05,7,295.28
T1008396,S009,P0006,C00384,2024-03-04,6,371.5
T1008397,S005,P0031,C00851,2025-08-25,8,108.04
T1008398,S018,P0135,C00989,2025-08-14,3,378.8
T1008399,S011,P0067,C00424,2025-07-31,5,464.03
T1008400,S012,P0015,C00914,2024-04-30,2,358.36
T1008401,S020,P0128,C00413,2025-04-27,6,369.01
T1008402,S011,P0161,C00949,2025-04-13,5,307.76
T1008403,S020,P0054,C00588,2025-09-14,1,58.72
T1008404,S006,P0004,C00827,2025-05-13,8,235.15
T1008405,S015,P0050,C00486,2024-09-25,4,357.14
T1008406,S002,P0121,C00946,2024-06-09,7,358.24
T1008407,S019,P0189,C01000,2024-02-02,6,485.05
T1008408,S001,P0035,C00274,2025-07-03,8,493.78
T1008409,S009,P0131,C00822,2024-12-25,1,203.4
T1008410,S016,P0010,C00635,2025-08-03,8,37.28
T1008411,S006,P0092,C00794,2025-05-29,4,464.27
T1008412,S002,P0141,C00709,2024-12-30,7,304.23
T1008413,S016,P0165,C00156,2024-11-28,7,164.95
T1008414,S009,P0074,C00780,2025-06-20,1,340.52
T1008415,S018,P0112,C00002,2025-04-09,6,278.5
T1008416,S008,P0132,C00472,2024-08-21,8,369.91
T1008417,S010,P0144,C00327,2025-02-22,4,178.67
T1008418,S007,P0160,C00216,2024-11-21,5,455.93
T1008419,S015,P0092,C00993,2024-10-14,6,334.05
T1008420,S008,P0112,C00453,2025-03-25,3,221.84
T1008421,S008,P0178,C00086,2025-04-14,1,244.71
T1008422,S017,P0186,C00892,2025-09-03,2,351.75
T1008423,S001,P0013,C00468,2024-05-08,3,187.03
T1008424,S006,P0136,C00913,2025-03-10,1,76.44
T1008425,S018,P0165,C00294,2025-04-21,1,205.96
T1008426,S018,P0156,C00125,2025-02-28,5,104.25
T1008427,S014,P0165,C00288,2025-06-12,7,148.41
T1008428,S019,P0084,C00348,2024-06-07,5,268.06
T1008429,S006,P0192,C00558,2024-07-19,7,426.55
T1008430,S019,P0090,C00914,2024-12-11,2,350.02
T1008431,S013,P0046,C00692,2024-04-03,2,262.89
T1008432,S001,P0145,C00197,2024-05-07,5,332.65
T1008433,S015,P0019,C00935,2024-06-18,1,233.67
T1008434,S015,P0127,C00878,2024-07-16,6,9.53
T1008435,S019,P0015,C00189,2025-07-08,2,182.64
T1008436,S014,P0169,C00013,2024-01-13,8,50.44
T1008437,S012,P0112,C00648,2025-08-27,4,464.54
T1008438,S009,P0023,C00243,2025-07-19,7,293.25
T1008439,S004,P0105,C00380,2024-12-03,2,47.76
T1008440,S017,P0080,C00947,2025-06-16,8,215.84
T1008441,S004,P0042,C00228,2024-12-14,8,82.09
T1008442,S009,P0186,C00945,2025-07-21,3,97.57
T1008443,S009,P0016,C00807,2025-04-21,5,26.26
T1008444,S006,P0144,C00256,2025-01-25,7,16.61
T1008445,S014,P0047,C00275,2024-12-07,5,58.19
T1008446,S015,P0108,C00660,2025-06-09,8,74.34
T1008447,S019,P0152,C00483,2024-11-08,4,360.45
T1008448,S015,P0080,C00424,2024-06-16,4,227.95
T1008449,S011,P0086,C00527,2025-03-24,2,318.73
T1008450,S015,P0036,C00627,2024-12-03,5,396.11
T1008451,S017,P0114,C00672,2024-07-22,1,105.95
T1008452,S017,P0183,C00489,2025-03-05,2,276.75
T1008453,S002,P0140,C00577,2025-08-16,6,307.43
T1008454,S017,P0172,C00080,2025-01-04,8,37.54
T1008455,S020,P0128,C00565,2025-09-10,9,177.23
T1008456,S004,P0164,C00097,2025-06-29,1,66.38
T1008457,S013,P0198,C00255,2025-01-16,3,372.38
T1008458,S004,P0004,C00604,2025-09-02,7,287.1
T1008459,S001,P0052,C00619,2025-05-03,4,57.66
T1008460,S010,P0154,C00923,2025-08-07,2,193.1
T1008461,S017,P0046,C00826,2025-03-12,6,463.02
T1008462,S018,P0057,C00980,2024-10-12,3,285.73
T1008463,S001,P0166,C00626,2025-09-09,1,179.13
T1008464,S004,P0053,C00535,2025-03-07,1,461.72
T1008465,S020,P0116,C00527,2024-11-28,3,104.1
T1008466,S019,P0052,C00174,2025-06-16,4,30.48
T1008467,S016,P0051,C00380,2025-03-04,1,177.39
T1008468,S017,P0057,C00294,2024-08-09,2,386.25
T1008469,S012,P0080,C00387,2024-08-09,6,450.62
T1008470,S003,P0162,C00906,2025-01-02,6,400.25
T1008471,S006,P0002,C00616,2024-03-10,2,77.64
T1008472,S001,P0197,C00267,2024-06-12,2,426.18
T1008473,S019,P0196,C00724,2025-08-12,4,95.7
T1008474,S016,P0072,C00349,2024-11-20,8,293.08
T1008475,S019,P0030,C00410,2024-01-31,7,144.37
T1008476,S012,P0067,C00624,2024-08-10,5,95.39
T1008477,S011,P0116,C00077,2024-04-14,8,273.43
T1008478,S007,P0053,C00903,2025-05-24,7,327.59
T1008479,S016,P0192,C00109,2025-03-03,9,355.33
T1008480,S006,P0074,C00111,2025-03-31,4,176.49
T1008481,S016,P0002,C00979,2025-05-10,3,480.2
T1008482,S012,P0088,C00897,2024-03-29,1,210.39
T1008483,S007,P0004,C00835,2024-11-05,1,122.68
T1008484,S002,P0127,C00323,2025-03-14,7,469.2
T1008485,S018,P0097,C00584,2025-01-27,1,348.98
T1008486,S019,P0061,C00363,2025-04-12,3,294.13
T1008487,S014,P0068,C00850,2024-12-20,1,267.69
T1008488,S003,P0091,C00428,2025-03-18,6,217.42
T1008489,S006,P0080,C00386,2024-05-14,4,325.92
T1008490,S020,P0150,C00444,2024-09-10,5,357.88
T1008491,S004,P0026,C00382,2025-01-09,4,210.95
T1008492,S017,P0193,C00195,2024-05-09,7,378.52
T1008493,S018,P0091,C00667,2024-05-30,4,455.03
T1008494,S007,P0120,C00575,2025-03-23,6,332.37
T1008495,S017,P0065,C00078,2025-08-06,5,175.13
T1008496,S011,P0020,C00047,2024-11-25,2,408.61
T1008497,S005,P0043,C00855,2024-12-26,9,423.89
T1008498,S012,P0037,C00712,2025-07-28,1,221.24
T1008499,S005,P0152,C00550,2024-08-17,6,456.52
T1008500,S010,P0020,C00832,2024-01-09,1,390.74
T1008501,S007,P0167,C00500,2025-02-28,3,327.99
T1008502,S015,P0184,C00402,2025-01-10,2,156.84
T1008503,S005,P0052,C00938,2024-03-13,2,9.97
T1008504,S008,P0186,C00723,2024-12-22,4,299.75
T1008505,S007,P0175,C00723,2025-09-14,9,348.56
T1008506,S018,P0113,C00589,2025-06-15,4,109.17
T1008507,S012,P0192,C00781,2024-08-09,4,451.16
T1008508,S002,P0075,C00825,2024-08-25,7,80.63
T1008509,S009,P0141,C00647,2024-10-07,4,208.84
T1008510,S017,P0138,C00200,2024-03-11,6,187.8
T1008511,S007,P0030,C00535,2025-05-09,4,288.06
T1008512,S012,P0179,C00867,2024-11-11,6,470.05
T1008513,S005,P0005,C00253,2025-05-20,7,14.17
T1008514,S010,P0105,C00059,2025-01-12,4,305.14
T1008515,S005,P0085,C00828,2024-05-17,3,88.08
T1008516,S018,P0150,C00696,2024-01-30,4,166.59
T1008517,S004,P0018,C00716,2024-11-05,7,83.38
T1008518,S006,P0131,C00508,2024-01-29,6,423.79
T1008519,S018,P0146,C00883,2024-03-13,1,287.49
T1008520,S014,P0197,C00589,2025-05-13,2,168.92
T1008521,S010,P0124,C00070,2025-04-06,9,11.04
T1008522,S006,P0164,C00826,2025-06-26,6,186.97
T1008523,S007,P0049,C00320,2024-01-13,4,80.88
T1008524,S007,P0166,C00873,2024-06-30,8,375.84
T1008525,S005,P0100,C00060,2024-10-18,3,136.1
T1008526,S013,P0123,C00579,2024-06-03,1,459.9
T1008527,S010,P0012,C00787,2025-07-03,5,127.41
T1008528,S014,P0155,C00033,2024-08-06,7,65.21
T1008529,S011,P0055,C00019,2024-11-20,7,274.46
T1008530,S009,P0052,C00440,2025-02-12,4,140.65
T1008531,S005,P0049,C00991,2025-01-22,3,23.72
T1008532,S014,P0126,C00670,2024-05-20,9,171.92
T1008533,S018,P0081,C00272,2024-02-13,8,168.05
T1008534,S009,P0011,C00426,2025-01-15,9,433.2
T1008535,S011,P0092,C00994,2025-07-15,1,87.8
T1008536,S012,P0118,C00287,2024-11-19,9,326.33
T1008537,S001,P0011,C00411,2025-06-10,8,235.34
T1008538,S017,P0117,C00324,2024-03-07,9,194.58
T1008539,S010,P0049,C00083,2024-05-21,1,472.11
T1008540,S019,P0123,C00901,2024-06-30,7,330.17
T1008541,S013,P0032,C00306,2025-09-11,3,467.67
T1008542,S014,P0085,C00141,2024-01-29,4,497.36
T1008543,S002,P0086,C00634,2025-02-11,6,478.32
T1008544,S015,P0191,C00798,2024-09-19,4,435.14
T1008545,S020,P0169,C00075,2024-03-29,7,389.71
T1008546,S006,P0052,C00009,2025-03-23,4,390.4
T1008547,S007,P0070,C00481,2024-03-31,3,425.18
T1008548,S008,P0132,C00291,2025-01-29,2,385.24
T1008549,S020,P0064,C00503,2025-08-07,3,382.58
T1008550,S012,P0119,C00572,2024-01-04,1,183.34
T1008551,S014,P0138,C00697,2025-04-30,1,345.93
T1008552,S003,P0037,C00272,2024-05-30,9,66.34
T1008553,S003,P0112,C00260,2024-05-06,1,421.76
T1008554,S014,P0175,C00671,2024-09-20,7,139.23
T1008555,S009,P0024,C00069,2025-02-22,3,445.79
T1008556,S007,P0153,C00789,2025-06-21,2,20.55
T1008557,S003,P0068,C00764,2024-10-26,8,193.44
T1008558,S003,P0190,C00265,2024-01-30,3,285.29
T1008559,S013,P0151,C00597,2024-04-28,6,67.33
T1008560,S003,P0183,C00392,2025-09-26,6,64.1
T1008561,S002,P0090,C00046,2025-08-17,2,416.91
T1008562,S020,P0169,C00907,2024-12-14,9,31.61
T1008563,S001,P0017,C00697,2024-07-10,2,166.48
T1008564,S008,P0195,C00466,2025-09-02,5,189.72
T1008565,S009,P0174,C00475,2024-07-12,7,35.8
T1008566,S013,P0176,C00918,2025-01-26,7,217.66
T1008567,S003,P0174,C00516,2025-02-04,4,124.68
T1008568,S010,P0039,C00899,2025-08-13,8,398.92
T1008569,S012,P0006,C00054,2025-02-02,3,277.6
T1008570,S016,P0056,C00228,2024-05-18,3,282.4
T1008571,S018,P0176,C00590,2025-07-10,8,416.18
T1008572,S013,P0037,C00222,2025-04-24,9,252.58
T1008573,S007,P0069,C00256,2024-07-15,3,155.81
T1008574,S007,P0134,C00182,2024-10-17,5,230.48
T1008575,S008,P0105,C00403,2025-02-09,2,356.48
T1008576,S010,P0106,C00405,2024-04-29,8,5.81
T1008577,S010,P0170,C00055,2025-06-24,7,406.74
T1008578,S019,P0002,C00282,2024-04-28,8,329.34
T1008579,S005,P0168,C00917,2024-12-30,5,228.67
T1008580,S006,P0081,C00850,2024-08-29,4,296.51
T1008581,S006,P0113,C00609,2025-01-14,5,445.91
T1008582,S007,P0093,C00701,2025-05-29,8,324.03
T1008583,S006,P0133,C00454,2025-06-11,5,80.14
T1008584,S009,P0008,C00850,2025-06-23,3,145.87
T1008585,S007,P0066,C00226,2025-03-21,7,118.98
T1008586,S007,P0020,C00840,2024-10-13,8,424.42
T1008587,S002,P0089,C00648,2025-02-13,8,202.62
T1008588,S010,P0062,C00462,2025-03-16,1,456.46
T1008589,S013,P0165,C00752,2024-10-11,1,256.23
T1008590,S003,P0031,C00308,2024-02-05,5,404.76
T1008591,S001,P0199,C00218,2024-12-26,3,55.14
T1008592,S020,P0015,C00851,2024-06-14,3,412.84
T1008593,S014,P0165,C00434,2024-05-14,5,330.98
T1008594,S015,P0047,C00127,2024-02-08,5,45.81
T1008595,S011,P0068,C00672,2025-06-05,9,354.41
T1008596,S006,P0187,C00313,2025-01-30,5,115.4
T1008597,S010,P0161,C00825,2025-03-06,8,331.48
T1008598,S020,P0165,C00894,2025-08-25,6,11.43
T1008599,S017,P0163,C00570,2024-09-20,1,224.74
T1008600,S007,P0193,C00786,2025-08-26,8,106.65
T1008601,S001,P0130,C00993,2025-06-25,5,336.38
T1008602,S008,P0158,C00031,2024-11-17,8,54.46
T1008603,S018,P0177,C00489,2024-12-13,7,366.36
T1008604,S002,P0115,C00012,2024-07-06,3,378.45
T1008605,S016,P0042,C00444,2024-03-23,4,64.04
T1008606,S003,P0007,C00793,2024-09-21,6,341.42
T1008607,S007,P0149,C00677,2025-03-27,3,307.72
T1008608,S012,P0138,C00047,2025-07-07,3,96.04
T1008609,S006,P0019,C00623,2024-08-05,4,277.68
T1008610,S014,P0103,C00081,2024-10-30,4,361.75
T1008611,S014,P0151,C00240,2025-06-04,6,205.8
T1008612,S009,P0099,C00604,2025-08-03,8,114.97
T1008613,S017,P0061,C00912,2024-09-09,7,372.46
T1008614,S008,P0065,C00451,2024-07-05,7,43.98
T1008615,S011,P0008,C00044,2024-04-24,8,140.84
T1008616,S011,P0163,C00413,2024-03-04,8,319.59
T1008617,S012,P0039,C00158,2025-03-05,4,313.92
T1008618,S013,P0120,C00119,2025-08-26,1,229.64
T1008619,S004,P0060,C00594,2024-05-19,7,146.28
T1008620,S002,P0035,C00253,2024-02-23,6,39.16
T1008621,S012,P0144,C00249,2024-01-10,8,248.11
T1008622,S001,P0090,C00421,2025-03-24,9,129.02
T1008623,S006,P0163,C00771,2024-10-04,7,55.11
T1008624,S012,P0064,C00373,2025-06-28,5,323.1
T1008625,S016,P0032,C00025,2025-03-03,4,218.46
T1008626,S003,P0135,C00813,2024-07-08,1,286.8
T1008627,S018,P0096,C00240,2024-12-31,4,114.77
T1008628,S016,P0119,C00597,2024-08-08,3,25.85
T1008629,S001,P0191,C00486,2024-07-28,4,469.2
T1008630,S012,P0091,C00546,2024-08-31,9,36.75
T1008631,S008,P0064,C00935,2025-09-16,5,467.17
T1008632,S020,P0131,C00288,2024-10-19,4,54.84
T1008633,S019,P0078,C00453,2024-11-30,5,349.66
T1008634,S011,P0169,C00013,2024-11-18,9,10.0
T1008635,S014,P0060,C00729,2024-05-10,8,436.12
T1008636,S001,P0067,C00995,2024-10-23,1,165.9
T1008637,S003,P0096,C00560,2024-10-25,2,466.24
T1008638,S016,P0065,C00455,2025-08-03,3,300.17
T1008639,S001,P0139,C00196,2024-07-11,2,66.65
T1008640,S002,P0155,C00560,2025-07-04,6,326.23
T1008641,S020,P0042,C00555,2025-09-01,6,290.86
T1008642,S015,P0141,C00825,2025-03-10,4,445.02
T1008643,S005,P0153,C00974,2024-08-10,6,293.6
T1008644,S002,P0014,C00536,2024-07-28,4,136.24
T1008645,S010,P0139,C00705,2024-12-18,5,494.85
T1008646,S009,P0082,C00521,2025-07-21,3,165.35
T1008647,S012,P0030,C00028,2024-09-02,6,361.04
T1008648,S019,P0004,C00386,2025-03-22,9,455.57
T1008649,S019,P0109,C00547,2025-02-24,8,84.36
T1008650,S003,P0057,C00290,2024-07-29,8,11.22
T1008651,S018,P0135,C00347,2025-04-01,8,411.52
T1008652,S004,P0118,C00467,2024-09-17,1,41.72
T1008653,S018,P0027,C00152,2024-01-14,4,155.33
T1008654,S007,P0154,C00803,2024-10-09,7,27.96
T1008655,S001,P0020,C00245,2024-10-23,1,127.18
T1008656,S008,P0068,C00494,2025-08-21,3,198.24
T1008657,S017,P0049,C00496,2025-04-12,4,137.69
T1008658,S011,P0196,C00942,2024-09-16,2,259.3
T1008659,S002,P0110,C00326,2024-01-28,2,313.26
T1008660,S003,P0173,C00813,2025-01-31,3,335.85
T1008661,S013,P0171,C00623,2024-05-27,3,291.42
T1008662,S008,P0029,C00557,2025-05-08,7,381.19
T1008663,S012,P0061,C00925,2025-01-14,1,181.92
T1008664,S017,P0105,C00593,2025-07-31,8,35.1
T1008665,S009,P0055,C00732,2024-03-07,6,225.08
T1008666,S017,P0191,C00500,2025-07-04,2,316.95
T1008667,S016,P0040,C00878,2024-04-09,7,220.96
T1008668,S006,P0183,C00812,2024-02-17,3,254.35
T1008669,S010,P0195,C00444,2025-04-15,2,55.86
T1008670,S019,P0144,C00592,2024-06-02,2,375.18
T1008671,S001,P0131,C00526,2025-05-03,2,235.8
T1008672,S001,P0017,C00703,2024-04-19,3,371.56
T1008673,S017,P0070,C00116,2025-02-12,2,36.95
T1008674,S005,P0024,C00335,2024-10-03,7,255.14
T1008675,S013,P0171,C00768,2025-09-25,5,44.35
T1008676,S016,P0066,C00440,2025-08-13,9,340.49
T1008677,S016,P0157,C00143,2025-08-26,6,306.2
T1008678,S011,P0176,C00809,2025-05-30,3,372.59
T1008679,S003,P0099,C00696,2025-06-27,9,472.88
T1008680,S012,P0032,C00871,2024-07-30,1,210.3
T1008681,S004,P0057,C00132,2025-09-25,9,38.11
T1008682,S006,P0085,C00543,2024-04-28,7,229.17
T1008683,S006,P0191,C00975,2025-05-09,6,244.77
T1008684,S019,P0073,C00620,2024-06-12,7,244.3
T1008685,S004,P0049,C00084,2024-10-28,3,268.91
T1008686,S014,P0181,C00974,2025-09-03,5,383.47
T1008687,S018,P0192,C00686,2024-09-26,4,209.88
T1008688,S011,P0060,C00746,2025-05-06,3,236.06
T1008689,S019,P0041,C00550,2024-01-05,7,96.76
T1008690,S010,P0010,C00757,2025-07-11,7,293.28
T1008691,S009,P0155,C00555,2025-06-02,9,96.22
T1008692,S011,P0103,C00086,2024-04-28,9,49.19
T1008693,S013,P0068,C00732,2024-03-18,7,476.09
T1008694,S001,P0195,C00246,2025-01-29,3,332.68
T1008695,S017,P0180,C00868,2025-05-24,6,158.52
T1008696,S002,P0135,C00068,2024-11-07,8,96.76
T1008697,S018,P0031,C00803,2024-08-04,6,395.32
T1008698,S018,P0076,C00995,2024-10-30,4,37.46
T1008699,S016,P0104,C00292,2025-08-10,5,131.02
T1008700,S016,P0190,C00769,2025-01-07,5,440.1
T1008701,S005,P0040,C00429,2024-12-18,9,252.12
T1008702,S006,P0108,C00259,2025-08-01,2,167.77
T1008703,S019,P0100,C00697,2024-01-08,2,274.23
T1008704,S009,P0043,C00092,2024-03-15,4,133.76
T1008705,S013,P0098,C00833,2025-01-24,2,58.05
T1008706,S012,P0094,C00646,2025-09-06,7,358.86
T1008707,S005,P0053,C00232,2025-08-02,3,288.12
T1008708,S013,P0147,C00068,2024-06-04,9,40.02
T1008709,S020,P0114,C00072,2024-03-09,4,143.18
T1008710,S016,P0052,C00649,2024-08-31,1,188.97
T1008711,S016,P0052,C00873,2024-10-08,8,116.72
T1008712,S017,P0199,C00893,2024-05-12,7,461.89
T1008713,S013,P0157,C00412,2024-06-18,5,250.53
T1008714,S004,P0075,C00179,2025-05-19,7,465.03
T1008715,S005,P0006,C00372,2024-07-16,3,190.38
T1008716,S019,P0053,C00519,2024-02-22,8,46.59
T1008717,S018,P0098,C00082,2025-04-06,8,246.77
T1008718,S008,P0115,C00143,2024-06-17,5,104.22
T1008719,S020,P0050,C00050,2024-05-12,8,309.2
T1008720,S018,P0155,C00147,2024-08-09,1,458.93
T1008721,S008,P0096,C00543,2024-09-29,1,326.86
T1008722,S016,P0019,C00375,2025-09-27,8,381.03
T1008723,S011,P0172,C00810,2024-08-14,1,47.69
T1008724,S006,P0127,C00659,2024-09-14,5,209.09
T1008725,S010,P0073,C00441,2025-01-19,2,321.63
T1008726,S010,P0007,C00222,2024-05-15,9,339.99
T1008727,S020,P0055,C00508,2024-09-07,9,343.92
T1008728,S009,P0069,C00671,2024-01-31,9,319.98
T1008729,S020,P0062,C00165,2025-03-02,1,59.47
T1008730,S002,P0199,C00931,2025-01-15,6,148.92
T1008731,S019,P0028,C00608,2024-11-02,8,304.63
T1008732,S001,P0004,C00593,2024-08-25,8,398.95
T1008733,S015,P0196,C00867,2024-03-02,8,405.17
T1008734,S004,P0003,C01000,2025-09-21,2,267.86
T1008735,S012,P0179,C00517,2024-07-05,4,197.78
T1008736,S004,P0030,C00923,2025-05-01,7,436.41
T1008737,S007,P0151,C00778,2025-03-22,4,391.44
T1008738,S011,P0005,C00802,2024-04-15,3,133.05
T1008739,S010,P0149,C00286,2024-01-18,9,288.14
T1008740,S017,P0038,C00284,2024-10-04,9,125.78
T1008741,S016,P0017,C00684,2024-12-17,6,423.62
T1008742,S015,P0095,C00330,2024-04-15,5,221.37
T1008743,S002,P0197,C00783,2024-03-14,1,395.24
T1008744,S011,P0139,C00662,2025-05-14,7,159.03
T1008745,S004,P0164,C00894,2024-07-25,9,227.36
T1008746,S004,P0097,C00624,2024-07-30,5,490.09
T1008747,S018,P0039,C00578,2025-07-18,3,63.28
T1008748,S016,P0020,C00968,2024-05-08,2,276.71
T1008749,S007,P0139,C00371,2025-05-07,6,23.97
T1008750,S003,P0159,C00647,2024-02-22,6,53.8
T1008751,S016,P0018,C00037,2024-12-01,5,156.38
T1008752,S006,P0174,C00560,2025-08-23,2,151.52
T1008753,S015,P0071,C00850,2024-12-05,4,127.17
T1008754,S003,P0077,C00825,2024-11-30,1,236.49
T1008755,S008,P0194,C00240,2025-04-05,9,261.95
T1008756,S013,P0116,C00216,2024-08-21,1,246.02
T1008757,S017,P0144,C00465,2024-10-04,3,495.95
T1008758,S015,P0143,C00360,2024-11-21,2,67.75
T1008759,S019,P0023,C00445,2025-05-11,2,197.3
T1008760,S012,P0128,C00891,2025-02-16,2,398.62
T1008761,S018,P0079,C00877,2024-05-29,5,142.7
T1008762,S011,P0200,C00841,2024-08-25,3,399.83
T1008763,S009,P0087,C00429,2025-09-25,8,65.52
T1008764,S009,P0129,C00974,2024-12-19,2,319.79
T1008765,S014,P0165,C00001,2025-09-20,6,473.32
T1008766,S014,P0014,C00844,2025-04-24,8,169.7
T1008767,S012,P0138,C00875,2024-06-25,6,342.23
T1008768,S014,P0013,C00994,2024-05-12,1,444.86
T1008769,S012,P0106,C00460,2025-07-30,8,131.55
T1008770,S017,P0073,C00999,2024-10-19,6,260.19
T1008771,S001,P0164,C00384,2025-08-21,7,344.53
T1008772,S011,P0074,C00667,2025-09-24,5,478.07
T1008773,S011,P0157,C00768,2024-06-22,4,444.49
T1008774,S015,P0119,C00554,2024-07-01,6,293.03
T1008775,S014,P0158,C00757,2025-01-26,3,91.81
T1008776,S015,P0061,C00286,2024-08-15,8,86.69
T1008777,S012,P0098,C00631,2024-08-21,2,478.46
T1008778,S002,P0062,C00536,2024-03-25,3,179.32
T1008779,S017,P0011,C00877,2024-01-25,1,303.65
T1008780,S014,P0165,C00330,2024-08-24,2,144.27
T1008781,S003,P0122,C00332,2025-04-24,1,97.74
T1008782,S001,P0152,C00251,2025-03-07,5,392.54
T1008783,S011,P0030,C00766,2025-09-07,8,240.06
T1008784,S002,P0110,C00656,2025-09-09,5,425.52
T1008785,S011,P0125,C00569,2025-08-19,8,148.53
T1008786,S009,P0030,C00417,2025-03-07,5,464.4
T1008787,S020,P0002,C00343,2025-01-10,2,333.99
T1008788,S014,P0199,C00210,2024-06-13,9,409.64
T1008789,S003,P0062,C00436,2025-08-22,4,419.13
T1008790,S005,P0146,C00266,2025-05-15,6,17.13
T1008791,S019,P0114,C00692,2024-06-07,5,46.48
T1008792,S011,P0052,C00493,2024-11-26,8,222.48
T1008793,S019,P0012,C00819,2024-11-30,5,496.58
T1008794,S011,P0143,C00144,2025-06-14,9,141.32
T1008795,S007,P0001,C00569,2024-09-21,5,103.5
T1008796,S019,P0196,C00349,2025-09-17,2,91.09
T1008797,S018,P0016,C00558,2024-09-10,7,222.06
T1008798,S011,P0185,C00059,2024-03-18,5,479.48
T1008799,S002,P0078,C00649,2025-04-14,2,73.98
T1008800,S010,P0081,C00118,2024-06-04,4,126.8
T1008801,S018,P0152,C00938,2024-10-21,6,190.78
T1008802,S002,P0150,C00079,2024-08-01,5,410.67
T1008803,S013,P0099,C00409,2025-07-20,6,140.27
T1008804,S006,P0164,C00874,2025-03-12,5,337.12
T1008805,S008,P0197,C00375,2025-05-09,4,414.16
T1008806,S014,P0051,C00198,2024-05-28,7,283.0
T1008807,S016,P0081,C00329,2025-04-12,2,236.67
T1008808,S007,P0083,C00072,2025-08-03,1,226.98
T1008809,S004,P0183,C00067,2025-02-26,3,164.33
T1008810,S016,P0058,C00464,2024-08-06,7,310.8
T1008811,S015,P0074,C00416,2025-03-01,4,344.15
T1008812,S019,P0160,C00910,2024-09-10,4,302.3
T1008813,S001,P0004,C00269,2025-03-06,9,124.94
T1008814,S009,P0157,C00790,2024-01-08,1,224.83
T1008815,S002,P0026,C00771,2024-02-10,9,223.71
T1008816,S010,P0008,C00630,2024-10-16,2,318.57
T1008817,S019,P0157,C00994,2024-07-11,2,220.39
T1008818,S018,P0166,C00828,2024-08-04,2,210.95
T1008819,S008,P0101,C00874,2025-05-29,6,352.59
T1008820,S013,P0016,C00791,2024-08-02,4,457.57
T1008821,S003,P0145,C00463,2025-08-02,4,180.89
T1008822,S009,P0095,C00428,2025-01-18,5,237.19
T1008823,S005,P0185,C00880,2024-02-22,7,445.14
T1008824,S006,P0009,C00702,2025-06-24,1,346.99
T1008825,S004,P0070,C00901,2024-06-05,3,222.87
T1008826,S013,P0120,C00939,2024-06-03,4,437.85
T1008827,S018,P0091,C00917,2025-03-06,3,392.78
T1008828,S013,P0166,C00706,2025-05-28,4,158.94
T1008829,S019,P0046,C00381,2025-09-29,2,13.84
T1008830,S017,P0115,C00458,2024-11-24,9,128.24
T1008831,S010,P0103,C00893,2025-03-10,3,83.09
T1008832,S005,P0089,C00779,2024-11-01,7,427.06
T1008833,S017,P0025,C00893,2025-02-05,4,108.33
T1008834,S015,P0152,C00154,2024-01-26,3,401.68
T1008835,S014,P0151,C00187,2024-12-27,2,79.42
T1008836,S014,P0049,C00438,2024-11-12,6,465.81
T1008837,S008,P0078,C00543,2025-03-21,7,450.51
T1008838,S016,P0115,C00140,2025-03-26,7,433.89
T1008839,S011,P0008,C00968,2025-03-17,4,214.17
T1008840,S016,P0075,C00181,2024-05-24,9,419.99
T1008841,S004,P0067,C00528,2024-07-24,7,268.26
T1008842,S012,P0004,C00295,2024-08-08,5,138.48
T1008843,S005,P0190,C00206,2024-12-01,7,28.04
T1008844,S014,P0103,C00420,2025-04-13,3,92.77
T1008845,S013,P0024,C00084,2024-03-28,9,339.83
T1008846,S003,P0112,C00654,2024-03-08,5,44.88
T1008847,S009,P0015,C00322,2024-01-05,1,377.48
T1008848,S013,P0130,C00715,2025-09-17,7,145.9
T1008849,S018,P0167,C00182,2025-05-05,5,132.13
T1008850,S019,P0066,C00317,2024-08-16,6,252.77
T1008851,S001,P0103,C00530,2025-08-01,4,139.96
T1008852,S017,P0006,C00555,2025-09-05,7,433.3
T1008853,S020,P0145,C00069,2025-04-11,7,388.95
T1008854,S001,P0010,C00386,2024-05-17,2,223.66
T1008855,S019,P0195,C00009,2024-06-05,6,234.98
T1008856,S005,P0084,C00276,2024-12-07,4,425.68
T1008857,S020,P0100,C00271,2025-05-03,5,177.9
T1008858,S010,P0188,C00142,2024-12-23,7,469.3
T1008859,S019,P0196,C00984,2025-02-04,9,207.96
T1008860,S002,P0023,C00521,2024-09-17,9,487.28
T1008861,S006,P0098,C00483,2025-01-27,5,409.03
T1008862,S009,P0108,C00515,2025-07-15,2,146.43
T1008863,S007,P0115,C00460,2024-11-17,1,19.35
T1008864,S019,P0055,C00818,2024-02-16,7,207.34
T1008865,S020,P0098,C00361,2025-09-17,7,139.18
T1008866,S012,P0180,C00624,2024-01-15,6,269.34
T1008867,S001,P0104,C00940,2025-05-25,6,316.43
T1008868,S006,P0009,C00681,2024-01-22,3,123.54
T1008869,S007,P0188,C00139,2024-05-17,4,437.54
T1008870,S005,P0093,C00771,2024-08-09,6,69.88
T1008871,S012,P0186,C00909,2024-03-28,9,24.18
T1008872,S006,P0200,C00964,2024-09-25,4,412.71
T1008873,S008,P0156,C00266,2024-02-23,1,134.53
T1008874,S008,P0069,C00833,2024-07-18,9,161.77
T1008875,S004,P0103,C00418,2025-04-22,4,488.95
T1008876,S004,P0193,C00931,2024-01-26,7,91.4
T1008877,S004,P0028,C00374,2024-01-11,2,443.02
T1008878,S007,P0025,C00986,2024-01-29,4,302.3
T1008879,S003,P0063,C00373,2024-06-26,2,276.49
T1008880,S010,P0165,C00538,2024-06-20,4,182.42
T1008881,S006,P0032,C00842,2025-08-02,8,172.6
T1008882,S018,P0179,C00368,2024-09-20,3,230.13
T1008883,S006,P0005,C00240,2025-01-09,6,159.51
T1008884,S002,P0154,C00436,2024-07-17,2,326.74
T1008885,S014,P0200,C00101,2024-07-17,5,424.27
T1008886,S016,P0086,C00975,2024-12-18,2,357.23
T1008887,S020,P0142,C00570,2025-08-12,3,150.2
T1008888,S003,P0119,C00951,2024-12-03,6,158.53
T1008889,S006,P0188,C00388,2024-08-07,5,53.49
T1008890,S003,P0197,C00771,2024-03-31,3,288.23
T1008891,S001,P0160,C00487,2024-11-01,3,330.63
T1008892,S018,P0182,C00886,2025-08-21,7,414.7
T1008893,S008,P0138,C00009,2025-09-16,7,471.44
T1008894,S005,P0039,C00523,2024-11-28,1,135.56
T1008895,S012,P0074,C00836,2024-08-18,9,190.23
T1008896,S008,P0184,C00898,2024-04-10,4,220.26
T1008897,S003,P0198,C00061,2024-05-09,6,49.2
T1008898,S006,P0031,C00407,2025-09-26,7,134.3
T1008899,S006,P0149,C00370,2024-11-30,6,482.31
T1008900,S014,P0001,C00694,2024-03-08,5,322.3
T1008901,S020,P0058,C00740,2025-01-27,8,389.28
T1008902,S015,P0107,C00934,2024-11-09,6,21.01
T1008903,S007,P0156,C00396,2024-04-17,3,374.93
T1008904,S006,P0133,C00018,2024-08-17,6,405.94
T1008905,S020,P0056,C00393,2025-05-18,4,6.98
T1008906,S002,P0132,C00297,2025-02-17,5,465.09
T1008907,S010,P0194,C00707,2024-07-24,9,25.92
T1008908,S016,P0079,C00280,2024-12-09,9,456.88
T1008909,S011,P0136,C00803,2025-06-30,9,482.37
T1008910,S008,P0188,C00631,2025-04-17,6,126.68
T1008911,S005,P0155,C00393,2024-12-09,2,406.91
T1008912,S015,P0127,C00392,2024-12-14,9,115.35
T1008913,S018,P0110,C00910,2024-01-05,9,178.36
T1008914,S007,P0134,C00213,2025-01-26,4,133.5
T1008915,S013,P0139,C00414,2025-09-02,9,454.03
T1008916,S003,P0172,C00272,2024-10-13,5,171.19
T1008917,S009,P0006,C00325,2024-06-24,1,406.07
T1008918,S014,P0120,C00808,2024-03-22,9,246.12
T1008919,S013,P0010,C00582,2025-08-21,9,330.67
T1008920,S006,P0200,C00320,2024-09-05,1,364.74
T1008921,S017,P0068,C00742,2025-06-29,9,457.78
T1008922,S018,P0166,C00552,2025-01-02,8,485.98
T1008923,S001,P0017,C00094,2024-05-12,4,76.23
T1008924,S004,P0036,C00702,2025-01-14,3,184.68
T1008925,S003,P0140,C00660,2025-03-14,7,423.85
T1008926,S007,P0063,C00735,2024-08-30,4,180.14
T1008927,S017,P0151,C00523,2024-08-28,9,467.54
T1008928,S001,P0048,C00130,2024-04-23,7,456.9
T1008929,S019,P0147,C00916,2024-10-12,3,267.4
T1008930,S019,P0125,C00229,2025-01-08,2,299.46
T1008931,S011,P0112,C00895,2025-04-29,4,385.95
T1008932,S011,P0004,C00285,2024-11-08,9,122.84
T1008933,S020,P0045,C00963,2025-03-01,8,413.79
T1008934,S017,P0165,C00905,2024-06-27,4,202.52
T1008935,S005,P0071,C00481,2024-06-25,4,397.16
T1008936,S018,P0164,C00239,2025-06-01,9,494.64
T1008937,S018,P0077,C00080,2024-02-04,9,25.86
T1008938,S002,P0069,C00957,2024-03-11,3,105.64
T1008939,S020,P0033,C00678,2024-07-13,4,467.71
T1008940,S020,P0176,C00643,2024-11-24,7,11.17
T1008941,S005,P0150,C00677,2025-05-30,6,152.29
T1008942,S018,P0118,C00633,2025-03-19,1,490.6
T1008943,S009,P0139,C00832,2025-02-11,5,193.52
T1008944,S008,P0034,C00679,2024-01-10,9,50.09
T1008945,S003,P0041,C00826,2024-06-30,6,18.9
T1008946,S011,P0164,C00675,2024-09-10,3,380.41
T1008947,S006,P0174,C00609,2024-01-09,3,201.41
T1008948,S003,P0092,C00852,2024-12-07,6,486.56
T1008949,S008,P0124,C00557,2025-03-08,4,418.77
T1008950,S005,P0051,C00181,2024-06-23,3,85.72
T1008951,S015,P0056,C00336,2024-07-08,3,309.95
T1008952,S005,P0086,C00299,2025-04-07,7,287.78
T1008953,S011,P0030,C00978,2024-12-05,4,135.51
T1008954,S009,P0048,C00129,2024-04-05,9,233.62
T1008955,S011,P0128,C00634,2024-05-11,3,142.55
T1008956,S008,P0141,C00674,2024-07-05,8,459.41
T1008957,S001,P0109,C00693,2025-08-29,8,100.88
T1008958,S003,P0086,C00726,2025-03-24,2,242.12
T1008959,S016,P0145,C00341,2024-01-09,3,404.44
T1008960,S002,P0037,C00328,2024-01-28,5,333.67
T1008961,S009,P0162,C00447,2025-03-29,3,313.42
T1008962,S003,P0042,C00011,2024-09-04,9,112.28
T1008963,S015,P0016,C00033,2024-08-04,1,145.36
T1008964,S003,P0037,C00276,2024-10-23,5,222.87
T1008965,S010,P0078,C00307,2024-05-14,9,21.12
T1008966,S004,P0061,C00911,2025-06-20,3,415.08
T1008967,S002,P0193,C00834,2024-05-06,8,443.94
T1008968,S019,P0088,C00012,2024-05-18,1,368.69
T1008969,S020,P0120,C00029,2024-12-17,9,251.32
T1008970,S006,P0147,C00623,2024-12-24,1,168.42
T1008971,S011,P0175,C00292,2025-05-17,4,335.23
T1008972,S008,P0056,C00808,2024-05-21,2,103.36
T1008973,S008,P0095,C00145,2025-08-16,2,427.26
T1008974,S014,P0086,C00041,2024-12-01,4,255.1
T1008975,S020,P0007,C00502,2024-10-07,1,422.67
T1008976,S020,P0114,C00637,2024-02-02,2,223.65
T1008977,S016,P0143,C00649,2025-09-16,4,114.17
T1008978,S019,P0197,C00499,2025-07-24,6,493.24
T1008979,S009,P0057,C00169,2024-04-14,6,89.8
T1008980,S017,P0101,C00113,2024-07-18,7,194.14
T1008981,S008,P0127,C00868,2024-01-04,2,143.13
T1008982,S005,P0058,C00673,2025-02-19,6,440.76
T1008983,S014,P0038,C00353,2025-08-09,8,26.44
T1008984,S010,P0192,C00338,2025-04-30,8,379.94
T1008985,S014,P0121,C00439,2024-10-07,5,14.13
T1008986,S010,P0186,C00902,2024-09-28,4,42.42
T1008987,S007,P0153,C00322,2025-03-16,2,91.06
T1008988,S016,P0154,C00172,2025-03-13,5,477.77
T1008989,S011,P0084,C00678,2024-09-27,2,14.54
T1008990,S003,P0176,C00280,2024-12-06,2,281.39
T1008991,S003,P0150,C00515,2025-09-22,4,359.29
T1008992,S002,P0121,C00757,2024-02-23,2,441.3
T1008993,S017,P0084,C00447,2024-11-17,5,104.09
T1008994,S002,P0078,C00549,2025-09-20,6,452.56
T1008995,S011,P0087,C00062,2024-09-25,6,402.84
T1008996,S013,P0084,C00146,2024-10-11,7,260.25
T1008997,S007,P0032,C00719,2024-10-16,8,350.06
T1008998,S020,P0004,C00060,2024-07-01,5,196.65
T1008999,S014,P0196,C00858,2025-08-29,1,164.58
T1009000,S003,P0001,C00905,2025-01-17,8,408.33
T1009001,S014,P0187,C00563,2024-05-24,8,250.77
T1009002,S020,P0130,C00499,2024-04-07,3,491.94
T1009003,S005,P0144,C00563,2024-07-22,4,452.76
T1009004,S006,P0052,C00583,2024-01-15,3,111.64
T1009005,S019,P0163,C00361,2025-01-21,9,454.19
T1009006,S002,P0136,C00737,2025-05-30,3,474.99
T1009007,S001,P0175,C00573,2025-02-02,8,249.37
T1009008,S009,P0010,C00919,2025-07-22,8,60.0
T1009009,S020,P0022,C00478,2024-06-07,1,469.75
T1009010,S013,P0192,C00078,2024-02-10,5,340.29
T1009011,S002,P0022,C00333,2024-12-04,7,476.14
T1009012,S011,P0026,C00285,2025-01-05,2,98.4
T1009013,S005,P0097,C00761,2024-08-22,1,110.03
T1009014,S003,P0150,C00577,2025-04-03,5,285.19
T1009015,S002,P0104,C00262,2025-02-12,1,312.9
T1009016,S010,P0096,C00948,2024-06-07,5,132.75
T1009017,S005,P0076,C00237,2025-02-22,7,224.15
T1009018,S015,P0106,C00257,2024-02-10,5,108.44
T1009019,S006,P0059,C00556,2024-05-19,8,489.98
T1009020,S005,P0074,C00894,2024-05-01,4,101.87
T1009021,S008,P0169,C00595,2024-11-28,8,132.1
T1009022,S009,P0013,C00330,2024-05-23,6,477.4
T1009023,S013,P0094,C00240,2025-01-27,7,57.64
T1009024,S007,P0017,C00920,2024-02-17,3,41.7
T1009025,S019,P0112,C00437,2025-07-26,6,22.39
T1009026,S006,P0031,C00132,2025-02-27,9,445.5
T1009027,S002,P0126,C00785,2024-01-26,7,371.98
T1009028,S005,P0057,C00329,2024-05-31,6,331.75
T1009029,S020,P0198,C00730,2025-02-18,5,117.46
T1009030,S017,P0116,C00827,2024-04-16,3,369.38
T1009031,S012,P0197,C00680,2024-04-03,8,375.0
T1009032,S002,P0038,C00131,2024-06-13,4,107.75
T1009033,S019,P0143,C00919,2025-05-20,9,166.6
T1009034,S008,P0114,C00095,2025-08-21,9,221.44
T1009035,S011,P0095,C00799,2024-03-24,6,451.2
T1009036,S007,P0056,C00066,2024-05-28,6,498.51
T1009037,S017,P0159,C00194,2024-12-16,3,112.86
T1009038,S014,P0011,C00017,2024-10-18,2,104.26
T1009039,S002,P0155,C00533,2024-06-28,9,418.35
T1009040,S008,P0169,C00784,2024-05-27,4,428.71
T1009041,S017,P0184,C00931,2024-08-23,4,224.73
T1009042,S014,P0122,C00053,2024-08-27,6,142.85
T1009043,S009,P0177,C00800,2024-09-25,8,44.84
T1009044,S010,P0185,C00853,2024-04-09,9,142.61
T1009045,S013,P0118,C00509,2024-03-22,8,161.01
T1009046,S017,P0200,C00497,2025-07-28,4,433.51
T1009047,S007,P0092,C00561,2025-02-24,1,158.93
T1009048,S010,P0085,C00761,2024-09-15,3,355.86
T1009049,S013,P0175,C00707,2025-03-07,5,443.18
T1009050,S002,P0165,C00945,2025-01-09,3,117.1
T1009051,S005,P0151,C00241,2024-02-02,6,419.64
T1009052,S013,P0012,C00678,2024-04-07,5,140.85
T1009053,S015,P0023,C00379,2024-07-20,1,21.78
T1009054,S010,P0028,C00551,2024-08-25,1,255.37
T1009055,S019,P0156,C00680,2025-08-15,9,392.51
T1009056,S010,P0041,C00364,2024-07-22,5,261.79
T1009057,S006,P0168,C00365,2024-02-07,6,275.43
T1009058,S005,P0114,C00458,2024-08-17,9,422.72
T1009059,S014,P0115,C00239,2025-04-08,6,429.05
T1009060,S018,P0132,C00113,2024-07-24,5,68.99
T1009061,S017,P0192,C00566,2024-12-13,2,443.44
T1009062,S012,P0145,C00210,2025-02-03,7,313.22
T1009063,S018,P0152,C00869,2024-04-08,7,215.62
T1009064,S017,P0173,C00981,2025-09-07,2,473.12
T1009065,S018,P0168,C00293,2024-01-22,7,67.15
T1009066,S007,P0068,C00385,2024-07-15,5,63.28
T1009067,S006,P0089,C00951,2025-05-25,4,36.81
T1009068,S013,P0044,C00927,2024-01-29,2,31.4
T1009069,S018,P0084,C00960,2025-03-15,6,323.45
T1009070,S009,P0173,C00295,2024-07-03,4,471.3
T1009071,S013,P0099,C00103,2025-04-29,2,344.82
T1009072,S017,P0047,C00888,2025-09-15,9,314.46
T1009073,S009,P0121,C00831,2024-02-09,8,310.41
T1009074,S016,P0067,C00478,2025-08-10,6,433.84
T1009075,S013,P0151,C00736,2024-06-03,2,350.48
T1009076,S016,P0106,C00916,2024-02-22,6,485.31
T1009077,S015,P0098,C00587,2025-06-02,4,272.76
T1009078,S005,P0138,C00372,2024-12-28,8,78.06
T1009079,S010,P0073,C00851,2025-02-03,5,461.61
T1009080,S006,P0112,C00588,2024-03-16,8,436.88
T1009081,S018,P0061,C00139,2024-09-16,3,54.63
T1009082,S014,P0071,C00392,2025-09-19,4,99.26
T1009083,S016,P0105,C00318,2025-04-15,4,13.27
T1009084,S019,P0096,C00357,2024-04-15,2,91.47
T1009085,S005,P0004,C00736,2024-01-26,7,442.16
T1009086,S014,P0123,C00940,2024-01-22,8,151.44
T1009087,S005,P0105,C00876,2024-11-25,2,228.61
T1009088,S008,P0152,C00236,2024-04-05,7,343.36
T1009089,S017,P0124,C00655,2024-05-09,2,105.05
T1009090,S010,P0083,C00296,2024-01-10,7,176.34
T1009091,S019,P0017,C00589,2024-06-10,9,241.41
T1009092,S018,P0169,C00058,2025-04-23,8,130.92
T1009093,S012,P0004,C00804,2025-05-15,4,167.75
T1009094,S010,P0069,C00181,2024-06-19,6,13.94
T1009095,S004,P0109,C00852,2024-02-29,4,402.39
T1009096,S008,P0080,C00426,2025-02-08,6,251.16
T1009097,S011,P0154,C00663,2024-09-04,9,390.11
T1009098,S005,P0032,C00362,2024-05-04,1,166.87
T1009099,S009,P0010,C00498,2024-04-09,4,498.3
T1009100,S010,P0024,C00225,2025-01-25,4,439.75
T1009101,S007,P0101,C00386,2024-02-12,3,426.68
T1009102,S020,P0162,C00248,2025-06-14,5,491.47
T1009103,S016,P0139,C00826,2024-09-15,7,349.14
T1009104,S014,P0103,C00422,2024-12-11,4,130.33
T1009105,S018,P0047,C00739,2025-06-03,1,96.77
T1009106,S015,P0186,C00123,2024-09-18,9,334.59
T1009107,S018,P0026,C00310,2024-11-11,7,204.96
T1009108,S005,P0072,C00534,2024-05-30,9,211.47
T1009109,S003,P0034,C00312,2024-10-23,3,77.37
T1009110,S014,P0088,C00038,2024-03-16,2,146.46
T1009111,S008,P0026,C00273,2024-09-25,4,204.8
T1009112,S014,P0015,C00484,2024-07-23,1,443.58
T1009113,S007,P0088,C00327,2025-02-03,1,463.33
T1009114,S019,P0131,C00493,2024-05-28,9,204.83
T1009115,S016,P0121,C00773,2024-07-15,6,193.24
T1009116,S012,P0077,C00767,2024-07-26,5,227.8
T1009117,S015,P0175,C00233,2024-03-11,6,105.37
T1009118,S008,P0054,C00547,2024-05-18,6,119.87
T1009119,S010,P0124,C00673,2025-07-08,2,340.16
T1009120,S018,P0145,C00079,2024-04-16,9,15.76
T1009121,S011,P0091,C00354,2025-09-09,7,89.93
T1009122,S003,P0074,C00754,2024-05-01,6,287.81
T1009123,S017,P0120,C00424,2024-11-18,8,147.59
T1009124,S006,P0181,C00572,2024-09-13,5,248.8
T1009125,S013,P0072,C00120,2025-08-04,6,462.85
T1009126,S009,P0049,C00938,2024-11-13,2,152.5
T1009127,S001,P0071,C00243,2025-07-15,1,481.13
T1009128,S010,P0062,C00964,2024-06-11,1,212.08
T1009129,S013,P0097,C00593,2024-04-10,1,497.98
T1009130,S010,P0152,C00973,2024-05-18,2,324.95
T1009131,S004,P0041,C00042,2025-03-18,2,147.44
T1009132,S003,P0080,C00127,2024-01-20,2,427.06
T1009133,S019,P0032,C00678,2024-06-26,9,418.86
T1009134,S004,P0091,C00530,2025-07-22,5,355.71
T1009135,S008,P0115,C00283,2024-12-19,5,43.63
T1009136,S010,P0080,C00441,2024-10-05,9,265.9
T1009137,S009,P0164,C00790,2024-01-02,9,281.14
T1009138,S002,P0110,C00561,2024-12-27,4,461.15
T1009139,S019,P0192,C00438,2025-04-14,8,369.63
T1009140,S018,P0098,C00784,2025-01-20,8,149.18
T1009141,S019,P0023,C00631,2025-03-20,9,403.82
T1009142,S010,P0195,C00459,2024-05-18,5,186.2
T1009143,S019,P0042,C00986,2025-08-20,6,17.78
T1009144,S007,P0127,C00974,2024-05-01,7,284.58
T1009145,S006,P0156,C00709,2025-01-07,5,86.6
T1009146,S018,P0154,C00183,2025-07-25,1,282.59
T1009147,S018,P0181,C00437,2024-01-31,2,21.41
T1009148,S003,P0178,C00092,2024-06-09,1,33.15
T1009149,S010,P0060,C00774,2025-06-07,5,189.5
T1009150,S016,P0148,C00555,2024-07-07,6,202.06
T1009151,S016,P0085,C00961,2024-11-21,9,254.85
T1009152,S001,P0068,C00115,2024-10-19,9,193.79
T1009153,S003,P0164,C00839,2025-07-18,3,433.28
T1009154,S005,P0101,C00553,2024-05-03,8,345.64
T1009155,S020,P0014,C00712,2025-09-17,7,286.62
T1009156,S001,P0061,C00402,2025-07-02,2,407.64
T1009157,S005,P0142,C00672,2024-09-06,2,14.1
T1009158,S016,P0192,C00805,2025-03-20,1,276.44
T1009159,S005,P0100,C00040,2024-02-13,9,96.95
T1009160,S017,P0127,C00719,2025-01-30,3,134.69
T1009161,S011,P0114,C00824,2025-07-30,8,316.69
T1009162,S009,P0114,C00869,2024-01-10,6,269.48
T1009163,S006,P0128,C00844,2024-08-11,2,92.01
T1009164,S020,P0090,C00294,2025-04-05,9,203.97
T1009165,S009,P0142,C00085,2025-02-15,8,175.74
T1009166,S006,P0024,C00308,2024-06-13,3,47.64
T1009167,S018,P0018,C00186,2024-05-03,5,488.41
T1009168,S019,P0194,C00800,2024-04-07,2,413.91
T1009169,S001,P0124,C00132,2025-07-17,2,296.21
T1009170,S017,P0171,C00394,2024-11-26,3,240.51
T1009171,S016,P0158,C00525,2024-09-12,7,417.03
T1009172,S013,P0074,C00040,2024-07-10,8,45.6
T1009173,S011,P0039,C00036,2025-09-22,3,262.7
T1009174,S018,P0115,C00412,2025-01-27,5,370.15
T1009175,S005,P0059,C00838,2024-04-04,2,479.18
T1009176,S020,P0072,C00279,2024-03-05,9,453.92
T1009177,S020,P0088,C00922,2024-12-26,5,62.93
T1009178,S016,P0081,C00302,2025-05-12,7,63.6
T1009179,S004,P0091,C00679,2025-04-22,6,262.06
T1009180,S018,P0115,C00888,2024-03-10,4,19.34
T1009181,S007,P0200,C00847,2025-02-27,9,254.64
T1009182,S001,P0096,C00516,2025-08-31,2,148.66
T1009183,S006,P0023,C00355,2024-07-18,9,384.21
T1009184,S006,P0195,C00240,2025-06-29,9,336.46
T1009185,S015,P0012,C00575,2024-01-29,7,260.95
T1009186,S013,P0080,C00872,2024-11-04,3,75.12
T1009187,S009,P0118,C00435,2024-09-03,4,417.89
T1009188,S001,P0100,C00893,2024-10-17,2,219.23
T1009189,S008,P0048,C00741,2025-07-11,7,494.19
T1009190,S003,P0108,C00200,2024-11-30,1,177.84
T1009191,S010,P0157,C00065,2024-05-09,1,185.69
T1009192,S015,P0014,C00357,2024-02-27,4,336.13
T1009193,S014,P0144,C00351,2024-09-10,5,125.9
T1009194,S013,P0199,C00999,2024-12-28,2,383.75
T1009195,S015,P0165,C00425,2024-09-21,1,375.93
T1009196,S005,P0161,C00220,2025-03-20,5,355.59
T1009197,S004,P0168,C00933,2024-06-28,1,290.44
T1009198,S012,P0197,C00875,2025-05-27,4,393.57
T1009199,S009,P0197,C00144,2025-05-19,7,284.81
T1009200,S018,P0120,C00611,2024-08-27,5,272.68
T1009201,S004,P0180,C00745,2024-11-18,8,475.16
T1009202,S017,P0118,C00735,2025-09-01,3,98.17
T1009203,S010,P0081,C00069,2024-03-24,1,396.07
T1009204,S020,P0152,C00489,2024-04-12,9,427.05
T1009205,S006,P0138,C00773,2025-02-07,8,315.4
T1009206,S012,P0097,C00967,2025-05-11,3,287.28
T1009207,S011,P0038,C00670,2025-08-10,8,171.46
T1009208,S006,P0072,C00466,2025-02-07,3,98.38
T1009209,S007,P0144,C00095,2025-01-04,1,16.12
T1009210,S016,P0101,C00515,2025-05-05,2,99.44
T1009211,S007,P0102,C00378,2025-04-12,4,28.56
T1009212,S016,P0115,C00819,2024-09-15,4,423.49
T1009213,S018,P0173,C00637,2025-07-25,6,234.84
T1009214,S011,P0021,C00661,2025-08-27,3,462.35
T1009215,S006,P0040,C00961,2024-06-20,2,419.06
T1009216,S005,P0177,C00841,2025-07-21,1,217.48
T1009217,S001,P0075,C00306,2025-07-06,1,206.71
T1009218,S011,P0082,C00679,2025-01-30,7,395.47
T1009219,S019,P0054,C00269,2024-02-25,5,16.57
T1009220,S005,P0034,C00154,2024-01-20,9,403.74
T1009221,S002,P0068,C00050,2024-03-19,2,176.96
T1009222,S009,P0019,C00717,2025-04-20,4,246.04
T1009223,S002,P0104,C00645,2024-08-18,1,23.69
T1009224,S018,P0077,C00369,2025-05-15,6,205.64
T1009225,S015,P0062,C00334,2024-01-23,2,216.07
T1009226,S014,P0177,C00709,2024-02-29,9,134.54
T1009227,S016,P0096,C00631,2024-09-10,8,222.29
T1009228,S019,P0064,C00104,2025-01-25,3,259.37
T1009229,S019,P0142,C00978,2025-07-04,8,191.99
T1009230,S017,P0033,C00470,2024-09-29,9,170.69
T1009231,S009,P0072,C00282,2024-11-22,8,32.59
T1009232,S013,P0078,C00964,2024-07-17,5,373.64
T1009233,S007,P0069,C00298,2024-05-16,8,212.09
T1009234,S008,P0056,C00923,2024-05-23,9,322.21
T1009235,S017,P0121,C00242,2025-09-11,4,300.19
T1009236,S005,P0165,C00816,2024-05-07,3,206.95
T1009237,S001,P0141,C00344,2024-06-29,5,243.67
T1009238,S012,P0124,C00466,2024-02-11,6,447.67
T1009239,S010,P0039,C00415,2025-05-22,9,481.06
T1009240,S008,P0112,C00432,2024-01-01,9,342.9
T1009241,S003,P0130,C00460,2025-07-08,1,151.3
T1009242,S017,P0030,C00560,2025-02-11,9,469.31
T1009243,S014,P0033,C00437,2024-07-21,5,28.0
T1009244,S019,P0115,C00535,2025-06-07,6,19.83
T1009245,S018,P0001,C00205,2024-12-03,8,150.75
T1009246,S001,P0002,C00489,2024-04-14,2,366.49
T1009247,S020,P0121,C00720,2025-05-22,7,353.3
T1009248,S007,P0107,C00013,2024-02-09,1,249.76
T1009249,S004,P0108,C00974,2024-04-14,2,23.74
T1009250,S018,P0008,C00684,2025-03-29,5,326.65
T1009251,S010,P0125,C00856,2024-04-18,8,374.12
T1009252,S014,P0058,C00443,2024-12-11,3,104.74
T1009253,S004,P0028,C00577,2024-09-14,3,425.01
T1009254,S001,P0038,C00693,2025-04-10,2,446.63
T1009255,S005,P0038,C00867,2025-05-12,5,263.7
T1009256,S003,P0188,C00960,2024-08-27,1,265.84
T1009257,S005,P0170,C00953,2024-05-07,5,101.53
T1009258,S006,P0109,C00412,2025-05-19,9,74.0
T1009259,S006,P0063,C00313,2024-04-15,7,56.37
T1009260,S018,P0103,C00357,2025-06-02,2,58.15
T1009261,S019,P0099,C00098,2024-07-31,2,221.06
T1009262,S007,P0191,C00246,2024-08-26,6,492.21
T1009263,S016,P0114,C00226,2024-05-22,9,391.67
T1009264,S009,P0191,C00731,2025-05-31,8,499.88
T1009265,S012,P0149,C00569,2025-09-07,8,343.07
T1009266,S020,P0119,C00994,2025-03-01,5,251.22
T1009267,S007,P0130,C00300,2024-02-25,4,482.03
T1009268,S011,P0094,C00499,2025-09-03,5,311.02
T1009269,S012,P0010,C00586,2025-01-13,3,103.49
T1009270,S017,P0064,C00958,2024-05-11,9,345.8
T1009271,S017,P0168,C00772,2024-11-05,7,369.28
T1009272,S017,P0156,C00343,2024-08-19,9,60.9
T1009273,S019,P0185,C00878,2025-05-24,7,110.39
T1009274,S012,P0023,C00439,2024-10-20,3,377.07
T1009275,S002,P0056,C00179,2025-09-29,9,158.06
T1009276,S005,P0096,C00334,2024-05-12,5,110.53
T1009277,S014,P0069,C00403,2024-09-28,9,454.96
T1009278,S011,P0008,C00909,2024-06-19,3,316.58
T1009279,S013,P0027,C00774,2024-03-11,7,370.29
T1009280,S010,P0181,C00181,2024-06-11,8,252.33
T1009281,S007,P0074,C00583,2024-08-17,5,404.4
T1009282,S005,P0134,C00517,2024-08-31,6,450.15
T1009283,S018,P0175,C00805,2024-01-18,5,313.68
T1009284,S018,P0145,C00458,2025-09-04,7,224.28
T1009285,S011,P0121,C00447,2024-12-23,4,493.0
T1009286,S017,P0139,C00963,2024-07-05,8,418.48
T1009287,S004,P0193,C00488,2025-09-04,7,126.61
T1009288,S015,P0166,C00722,2024-11-09,1,438.03
T1009289,S019,P0037,C00970,2025-05-15,1,69.81
T1009290,S008,P0069,C00116,2025-06-29,2,94.66
T1009291,S009,P0121,C00958,2024-11-27,1,7.57
T1009292,S011,P0098,C00707,2025-06-25,5,321.17
T1009293,S020,P0049,C00492,2024-12-21,5,425.0
T1009294,S003,P0155,C00616,2025-06-29,4,306.37
T1009295,S014,P0029,C00609,2024-03-07,5,61.72
T1009296,S006,P0135,C00699,2024-07-24,8,297.85
T1009297,S018,P0040,C00619,2024-12-30,1,295.3
T1009298,S009,P0133,C00854,2025-04-10,7,367.92
T1009299,S007,P0113,C00181,2025-04-23,5,185.07
T1009300,S008,P0043,C00024,2024-04-30,5,494.34
T1009301,S001,P0013,C00711,2024-04-29,1,467.03
T1009302,S012,P0107,C00480,2024-03-09,3,246.3
T1009303,S004,P0194,C00693,2024-06-13,3,408.27
T1009304,S019,P0182,C00551,2025-09-05,2,179.47
T1009305,S013,P0160,C00166,2025-05-06,7,340.77
T1009306,S020,P0002,C00403,2024-07-28,1,473.92
T1009307,S005,P0072,C00734,2025-05-28,8,126.16
T1009308,S002,P0174,C00598,2025-05-20,9,464.55
T1009309,S015,P0001,C00763,2025-02-04,4,208.8
T1009310,S014,P0188,C00060,2025-06-26,2,294.52
T1009311,S008,P0029,C00223,2025-07-07,2,39.21
T1009312,S001,P0169,C00335,2024-08-05,2,464.42
T1009313,S018,P0074,C00120,2025-09-17,7,454.3
T1009314,S005,P0095,C00678,2025-03-07,1,31.63
T1009315,S017,P0085,C00909,2025-07-11,6,244.5
T1009316,S012,P0006,C00052,2024-08-21,1,336.12
T1009317,S002,P0165,C00165,2024-02-05,2,492.13
T1009318,S015,P0110,C00587,2025-09-16,7,323.22
T1009319,S001,P0145,C00879,2024-05-09,1,341.2
T1009320,S004,P0152,C00407,2025-08-15,4,396.23
T1009321,S002,P0114,C00037,2025-03-25,5,345.52
T1009322,S015,P0129,C00515,2024-04-10,7,340.59
T1009323,S001,P0065,C00023,2025-08-28,6,350.96
T1009324,S014,P0192,C00822,2024-04-07,6,304.03
T1009325,S012,P0033,C00846,2024-06-19,1,288.97
T1009326,S008,P0144,C00964,2024-12-03,9,496.1
T1009327,S008,P0018,C00198,2025-04-13,1,152.75
T1009328,S007,P0143,C00637,2024-08-21,6,180.22
T1009329,S016,P0091,C00675,2025-03-12,9,293.03
T1009330,S007,P0136,C00221,2024-06-15,4,321.11
T1009331,S014,P0067,C00209,2025-01-05,7,144.15
T1009332,S005,P0093,C00114,2024-10-06,1,442.76
T1009333,S012,P0122,C00818,2025-02-16,6,379.94
T1009334,S020,P0017,C00554,2025-03-19,2,205.51
T1009335,S005,P0117,C00113,2024-07-29,9,43.71
T1009336,S011,P0174,C00482,2024-07-01,4,130.1
T1009337,S007,P0055,C00383,2025-07-16,3,332.66
T1009338,S011,P0097,C00985,2025-08-10,7,297.87
T1009339,S004,P0001,C00002,2025-05-24,8,91.05
T1009340,S020,P0168,C00056,2024-02-14,4,185.68
T1009341,S008,P0191,C00312,2024-06-06,3,257.66
T1009342,S009,P0185,C00064,2025-06-17,6,291.55
T1009343,S006,P0009,C00261,2024-03-05,8,297.31
T1009344,S017,P0156,C00142,2024-06-09,7,205.33
T1009345,S020,P0060,C00608,2025-02-15,1,241.96
T1009346,S014,P0094,C00023,2024-11-23,8,78.84
T1009347,S010,P0191,C00880,2025-06-21,3,190.62
T1009348,S015,P0032,C00605,2025-05-18,7,145.85
T1009349,S005,P0136,C00765,2024-09-12,6,10.29
T1009350,S020,P0080,C00252,2025-04-22,9,340.74
T1009351,S016,P0147,C00086,2025-07-29,1,453.06
T1009352,S002,P0196,C00605,2025-09-13,3,157.53
T1009353,S001,P0136,C00434,2025-01-02,9,95.73
T1009354,S012,P0002,C00122,2025-08-17,4,51.67
T1009355,S012,P0016,C00225,2025-01-11,2,423.04
T1009356,S015,P0027,C00368,2024-08-01,1,6.55
T1009357,S007,P0043,C00598,2024-07-25,9,348.69
T1009358,S020,P0083,C00403,2024-12-05,5,127.94
T1009359,S018,P0097,C00403,2025-06-13,1,8.62
T1009360,S004,P0175,C00284,2025-06-28,2,115.65
T1009361,S010,P0186,C00374,2025-07-17,2,346.79
T1009362,S010,P0177,C00346,2024-02-01,2,209.49
T1009363,S013,P0190,C00206,2024-08-29,5,471.19
T1009364,S019,P0007,C00589,2025-02-26,4,408.81
T1009365,S013,P0165,C00859,2025-01-22,9,332.69
T1009366,S006,P0046,C00820,2025-02-12,1,445.92
T1009367,S017,P0106,C00215,2024-07-14,7,167.7
T1009368,S004,P0030,C00321,2025-03-26,9,366.72
T1009369,S011,P0083,C00038,2024-02-23,9,353.9
T1009370,S015,P0021,C00667,2024-11-12,5,79.36
T1009371,S006,P0029,C00624,2024-08-17,3,217.33
T1009372,S010,P0060,C00730,2024-11-21,8,408.03
T1009373,S002,P0173,C00451,2024-11-20,7,390.09
T1009374,S003,P0077,C00522,2024-07-30,9,110.96
T1009375,S012,P0148,C00082,2025-01-08,5,88.24
T1009376,S005,P0030,C00497,2025-04-14,2,67.22
T1009377,S018,P0013,C00537,2025-07-01,6,169.57
T1009378,S007,P0105,C00978,2024-08-24,6,487.98
T1009379,S011,P0123,C00157,2024-07-04,8,282.74
T1009380,S015,P0145,C00844,2024-04-21,5,265.28
T1009381,S007,P0070,C00739,2025-07-06,8,141.77
T1009382,S013,P0103,C00376,2024-11-08,3,301.62
T1009383,S003,P0160,C00360,2024-12-18,2,46.23
T1009384,S015,P0041,C00993,2024-06-18,7,89.16
T1009385,S004,P0089,C00944,2024-03-21,9,347.66
T1009386,S020,P0016,C00237,2025-03-26,9,326.62
T1009387,S020,P0097,C00128,2024-09-10,8,258.82
T1009388,S013,P0128,C00748,2024-07-01,2,496.51
T1009389,S018,P0068,C00959,2024-03-04,3,285.98
T1009390,S003,P0128,C00908,2025-05-23,2,276.09
T1009391,S001,P0152,C00419,2024-10-02,4,67.58
T1009392,S013,P0079,C00937,2025-01-03,7,382.99
T1009393,S006,P0095,C00828,2025-05-21,1,241.09
T1009394,S014,P0058,C00418,2025-07-24,3,105.9
T1009395,S020,P0006,C00734,2025-01-05,6,241.78
T1009396,S001,P0084,C00349,2024-12-10,9,333.35
T1009397,S001,P0196,C00435,2025-09-24,7,219.73
T1009398,S020,P0126,C00802,2024-12-17,5,133.94
T1009399,S015,P0093,C00999,2024-09-07,4,76.65
T1009400,S020,P0072,C00692,2024-10-17,6,426.28
T1009401,S004,P0175,C00604,2024-04-21,2,335.53
T1009402,S008,P0034,C00300,2024-12-25,3,441.16
T1009403,S011,P0186,C00929,2024-02-23,4,174.1
T1009404,S010,P0091,C00718,2024-09-03,7,298.97
T1009405,S003,P0064,C00856,2024-10-17,2,474.37
T1009406,S013,P0067,C00204,2024-12-05,4,340.45
T1009407,S019,P0181,C00135,2024-07-07,9,104.45
T1009408,S008,P0163,C00548,2025-09-20,4,278.87
T1009409,S005,P0109,C00773,2025-08-01,5,463.67
T1009410,S012,P0112,C00493,2024-02-27,9,112.41
T1009411,S008,P0046,C00859,2025-01-19,9,324.46
T1009412,S002,P0162,C00197,2024-08-26,2,254.9
T1009413,S016,P0103,C00329,2024-02-07,7,62.5
T1009414,S014,P0185,C00031,2024-05-15,9,139.25
T1009415,S009,P0027,C00492,2025-07-22,1,410.2
T1009416,S018,P0098,C00269,2024-05-24,6,18.18
T1009417,S010,P0066,C00678,2025-02-18,9,383.19
T1009418,S006,P0090,C00140,2024-12-27,3,248.01
T1009419,S011,P0162,C00286,2024-04-22,6,219.43
T1009420,S006,P0136,C00616,2024-12-09,7,330.69
T1009421,S008,P0079,C00509,2025-08-12,6,141.5
T1009422,S007,P0043,C00853,2025-04-30,8,312.25
T1009423,S009,P0013,C00514,2024-12-25,3,282.4
T1009424,S020,P0050,C00244,2024-01-05,3,137.07
T1009425,S014,P0035,C00636,2024-07-10,3,319.08
T1009426,S010,P0090,C00940,2024-02-23,7,365.66
T1009427,S002,P0103,C00320,2025-06-12,4,16.65
T1009428,S002,P0165,C00057,2025-03-13,4,195.71
T1009429,S003,P0102,C00777,2024-03-25,8,370.64
T1009430,S017,P0200,C00360,2025-08-12,7,302.71
T1009431,S010,P0126,C00703,2025-07-05,1,387.94
T1009432,S020,P0165,C00834,2025-02-25,9,362.15
T1009433,S003,P0001,C00310,2024-10-27,4,229.01
T1009434,S015,P0013,C00817,2024-01-15,1,119.8
T1009435,S016,P0081,C00769,2024-04-04,3,497.24
T1009436,S019,P0127,C00957,2025-05-23,8,280.18
T1009437,S009,P0093,C00726,2024-11-13,5,232.28
T1009438,S006,P0080,C00035,2024-08-03,5,99.86
T1009439,S008,P0174,C00279,2024-03-01,2,455.18
T1009440,S004,P0051,C00003,2025-04-13,9,216.45
T1009441,S017,P0124,C00952,2024-10-11,3,137.55
T1009442,S015,P0084,C00417,2025-01-27,5,70.65
T1009443,S010,P0085,C00503,2024-08-18,6,48.14
T1009444,S003,P0004,C00408,2024-09-09,8,35.38
T1009445,S007,P0025,C00742,2024-02-12,3,458.48
T1009446,S012,P0009,C00083,2024-10-09,9,86.69
T1009447,S007,P0052,C00214,2025-04-28,2,289.91
T1009448,S010,P0141,C00156,2024-03-14,2,204.76
T1009449,S001,P0134,C00238,2024-11-21,4,321.85
T1009450,S020,P0038,C00811,2024-05-08,7,474.29
T1009451,S019,P0001,C00260,2024-11-08,3,168.72
T1009452,S003,P0114,C00683,2024-03-09,5,363.48
T1009453,S018,P0056,C00723,2024-11-18,8,376.77
T1009454,S013,P0190,C00997,2024-12-26,7,8.24
T1009455,S019,P0022,C00039,2025-06-11,7,278.1
T1009456,S008,P0117,C00330,2024-06-12,1,346.37
T1009457,S010,P0133,C00073,2025-09-15,2,337.88
T1009458,S010,P0070,C00563,2025-04-29,7,128.22
T1009459,S013,P0120,C00652,2025-09-13,2,294.17
T1009460,S011,P0102,C00041,2024-08-22,2,140.27
T1009461,S011,P0183,C00114,2024-03-28,5,41.37
T1009462,S018,P0067,C00387,2025-05-06,5,185.53
T1009463,S013,P0093,C00810,2024-07-06,9,300.52
T1009464,S007,P0164,C00293,2024-11-02,2,201.46
T1009465,S005,P0128,C00133,2024-04-30,1,250.74
T1009466,S017,P0197,C00110,2024-08-25,4,484.57
T1009467,S013,P0190,C00728,2024-05-26,6,465.85
T1009468,S018,P0040,C00321,2025-03-23,2,259.36
T1009469,S009,P0144,C00365,2024-12-23,9,238.86
T1009470,S005,P0155,C00852,2024-07-06,7,315.23
T1009471,S006,P0020,C00764,2024-09-13,2,339.93
T1009472,S020,P0124,C00147,2024-05-15,7,14.84
T1009473,S018,P0006,C00868,2025-07-06,3,343.8
T1009474,S017,P0084,C00948,2024-11-21,8,340.71
T1009475,S006,P0177,C00041,2024-02-27,7,199.14
T1009476,S010,P0025,C00398,2024-07-27,2,121.23
T1009477,S011,P0196,C00062,2025-03-09,6,261.94
T1009478,S008,P0109,C00166,2025-04-22,3,46.17
T1009479,S017,P0177,C00254,2025-01-20,4,79.83
T1009480,S006,P0186,C00995,2024-02-19,3,27.44
T1009481,S006,P0013,C00757,2024-07-12,3,8.14
T1009482,S014,P0027,C00907,2025-02-02,9,395.7
T1009483,S010,P0018,C00825,2024-12-13,7,325.23
T1009484,S006,P0169,C00851,2024-11-04,6,132.63
T1009485,S014,P0181,C00791,2025-06-30,7,482.96
T1009486,S007,P0175,C00881,2024-06-29,9,266.85
T1009487,S010,P0131,C00117,2024-04-01,7,225.66
T1009488,S018,P0078,C00231,2025-01-05,1,321.72
T1009489,S014,P0178,C00307,2025-01-27,9,320.43
T1009490,S014,P0031,C00410,2024-03-03,8,218.85
T1009491,S018,P0138,C00028,2024-06-12,7,85.97
T1009492,S005,P0060,C00016,2025-05-10,3,401.32
T1009493,S008,P0132,C00966,2024-08-29,5,302.64
T1009494,S009,P0116,C00278,2025-09-11,8,290.16
T1009495,S006,P0083,C00326,2025-05-25,9,323.96
T1009496,S011,P0144,C00442,2024-08-01,7,310.02
T1009497,S005,P0100,C00080,2024-06-29,7,272.8
T1009498,S001,P0030,C00379,2025-08-27,9,424.5
T1009499,S016,P0199,C00128,2025-01-15,8,432.01
T1009500,S020,P0173,C00825,2024-12-19,9,63.8
T1009501,S015,P0178,C00164,2025-08-02,7,235.19
T1009502,S003,P0015,C00663,2024-03-31,8,265.03
T1009503,S003,P0177,C00372,2024-06-26,6,173.87
T1009504,S009,P0158,C00581,2025-06-02,3,371.84
T1009505,S010,P0119,C00887,2025-05-30,1,409.52
T1009506,S011,P0092,C00781,2025-01-25,1,243.34
T1009507,S006,P0039,C00490,2024-12-19,4,371.07
T1009508,S008,P0144,C00197,2024-09-19,5,432.89
T1009509,S010,P0141,C00013,2025-04-05,5,94.63
T1009510,S017,P0009,C00060,2025-06-22,1,311.54
T1009511,S012,P0099,C00571,2025-03-16,9,369.92
T1009512,S002,P0004,C00158,2025-08-23,6,116.95
T1009513,S015,P0144,C00885,2024-05-19,9,99.71
T1009514,S008,P0117,C00395,2025-04-26,9,331.19
T1009515,S005,P0176,C00548,2024-08-25,9,299.11
T1009516,S016,P0058,C00128,2024-07-21,1,422.59
T1009517,S020,P0093,C00105,2024-08-11,2,52.07
T1009518,S015,P0116,C00186,2025-05-17,6,157.31
T1009519,S007,P0044,C00509,2025-03-21,7,119.44
T1009520,S001,P0035,C00040,2025-02-08,7,137.97
T1009521,S020,P0112,C00361,2024-09-13,1,400.86
T1009522,S007,P0013,C00726,2024-12-04,8,86.51
T1009523,S020,P0106,C00855,2025-09-09,9,217.68
T1009524,S016,P0055,C00021,2024-09-25,3,417.41
T1009525,S016,P0088,C00828,2024-02-20,5,452.64
T1009526,S001,P0071,C00787,2025-06-03,1,33.92
T1009527,S013,P0094,C00175,2025-02-28,8,126.73
T1009528,S019,P0163,C00788,2024-06-22,6,200.6
T1009529,S007,P0124,C00499,2025-03-31,7,6.33
T1009530,S011,P0042,C00994,2024-12-04,8,417.62
T1009531,S008,P0051,C00490,2025-01-06,4,199.27
T1009532,S018,P0061,C00431,2025-09-14,9,232.8
T1009533,S007,P0158,C00225,2025-01-17,8,267.98
T1009534,S004,P0128,C00641,2025-06-20,8,371.49
T1009535,S018,P0173,C00289,2024-02-21,4,163.67
T1009536,S004,P0186,C00169,2024-12-28,4,244.82
T1009537,S013,P0018,C00823,2025-07-29,2,471.17
T1009538,S006,P0069,C00105,2024-06-25,1,52.05
T1009539,S013,P0134,C00435,2024-09-09,4,237.74
T1009540,S005,P0108,C00345,2025-04-30,8,496.52
T1009541,S006,P0112,C00973,2024-02-20,4,135.35
T1009542,S020,P0104,C00697,2024-06-26,8,311.97
T1009543,S017,P0097,C00277,2024-07-08,2,9.78
T1009544,S019,P0044,C00513,2024-04-13,4,481.48
T1009545,S001,P0182,C00411,2024-12-08,2,376.52
T1009546,S020,P0107,C00984,2024-10-26,8,305.27
T1009547,S002,P0152,C00262,2025-04-17,8,99.31
T1009548,S005,P0165,C00832,2024-03-14,4,85.56
T1009549,S012,P0157,C00921,2025-10-01,2,219.96
T1009550,S016,P0019,C00350,2024-10-15,7,13.38
T1009551,S006,P0091,C00107,2024-07-09,2,61.53
T1009552,S016,P0080,C00583,2024-09-23,4,58.29
T1009553,S003,P0008,C00052,2025-03-16,5,307.34
T1009554,S015,P0126,C00572,2024-10-16,1,279.18
T1009555,S009,P0189,C00051,2024-12-30,2,330.39
T1009556,S018,P0049,C00359,2025-05-15,7,83.42
T1009557,S010,P0170,C00958,2025-03-01,5,266.81
T1009558,S016,P0158,C00476,2025-03-25,3,145.44
T1009559,S018,P0133,C00702,2025-04-05,6,120.32
T1009560,S007,P0051,C00632,2024-01-07,6,263.38
T1009561,S019,P0132,C00449,2024-06-19,7,105.81
T1009562,S011,P0175,C00874,2025-02-24,9,392.2
T1009563,S001,P0084,C00281,2024-06-17,8,113.87
T1009564,S006,P0198,C00261,2024-03-12,2,157.97
T1009565,S019,P0017,C00718,2024-08-11,2,434.72
T1009566,S004,P0031,C00883,2025-04-18,8,451.76
T1009567,S020,P0031,C00685,2025-01-24,1,237.26
T1009568,S020,P0173,C00461,2024-10-02,3,296.03
T1009569,S003,P0082,C00669,2025-08-09,5,193.49
T1009570,S008,P0005,C00437,2025-07-04,1,323.03
T1009571,S003,P0087,C00599,2024-01-18,7,339.01
T1009572,S003,P0110,C00053,2024-02-26,6,176.23
T1009573,S009,P0121,C00913,2024-03-14,9,263.8
T1009574,S004,P0087,C00351,2024-09-20,2,296.77
T1009575,S016,P0003,C00688,2025-02-20,7,115.16
T1009576,S006,P0054,C00036,2025-05-29,9,498.17
T1009577,S001,P0094,C00571,2024-02-15,4,211.34
T1009578,S017,P0151,C00698,2024-01-12,7,82.33
T1009579,S015,P0023,C00883,2025-01-03,8,430.08
T1009580,S005,P0067,C00217,2025-03-27,1,224.48
T1009581,S005,P0116,C00064,2025-05-27,8,389.37
T1009582,S005,P0031,C00846,2024-08-20,6,340.95
T1009583,S002,P0054,C00490,2024-08-20,8,214.33
T1009584,S020,P0086,C00781,2025-04-25,5,165.37
T1009585,S003,P0139,C00073,2025-03-02,2,94.05
T1009586,S006,P0158,C00724,2024-07-29,2,344.15
T1009587,S014,P0009,C00594,2024-06-04,5,411.23
T1009588,S007,P0134,C00066,2024-02-02,3,23.99
T1009589,S011,P0067,C00120,2025-08-31,8,389.71
T1009590,S020,P0016,C00759,2025-06-25,7,61.53
T1009591,S015,P0038,C00704,2024-05-08,1,104.34
T1009592,S007,P0088,C00642,2024-09-26,5,418.5
T1009593,S008,P0031,C00191,2024-03-30,2,406.46
T1009594,S008,P0133,C00787,2025-02-27,6,27.75
T1009595,S016,P0025,C00188,2024-10-02,3,65.28
T1009596,S006,P0141,C00527,2024-02-12,2,497.43
T1009597,S002,P0104,C00701,2024-07-22,1,262.3
T1009598,S008,P0029,C00676,2024-02-19,8,458.99
T1009599,S002,P0193,C00027,2024-02-22,4,77.93
T1009600,S019,P0140,C00069,2025-03-03,9,428.29
T1009601,S015,P0083,C00808,2025-01-11,5,369.06
T1009602,S014,P0156,C00229,2024-12-26,4,471.83
T1009603,S007,P0151,C00393,2024-07-29,6,135.95
T1009604,S020,P0167,C00579,2024-04-17,1,223.9
T1009605,S010,P0002,C00054,2024-02-16,2,63.68
T1009606,S019,P0065,C00459,2024-04-06,1,482.01
T1009607,S013,P0200,C00246,2024-05-29,1,105.22
T1009608,S020,P0069,C00371,2025-03-25,6,270.68
T1009609,S008,P0124,C00203,2024-03-01,1,99.42
T1009610,S006,P0005,C00065,2025-02-11,7,80.77
T1009611,S007,P0113,C00506,2024-03-22,3,464.41
T1009612,S010,P0023,C00894,2025-03-19,2,177.66
T1009613,S013,P0144,C00467,2024-11-11,9,368.62
T1009614,S009,P0144,C00028,2024-04-28,4,63.02
T1009615,S004,P0149,C00826,2024-02-08,5,473.6
T1009616,S009,P0054,C00861,2024-04-14,8,483.15
T1009617,S013,P0190,C00226,2024-12-22,8,476.92
T1009618,S008,P0161,C00730,2025-08-31,7,296.47
T1009619,S015,P0184,C00715,2025-03-07,6,96.65
T1009620,S020,P0190,C00543,2025-02-20,9,153.48
T1009621,S015,P0068,C00297,2025-02-12,1,493.07
T1009622,S002,P0181,C00709,2024-01-28,3,243.71
T1009623,S006,P0106,C00912,2025-04-08,7,335.29
T1009624,S007,P0128,C00641,2024-06-14,4,210.34
T1009625,S014,P0085,C00612,2025-02-13,4,140.29
T1009626,S012,P0001,C00110,2024-08-23,9,328.87
T1009627,S008,P0173,C00765,2025-09-29,5,68.85
T1009628,S018,P0074,C00897,2025-06-26,6,94.2
T1009629,S013,P0117,C00748,2025-04-19,2,254.53
T1009630,S006,P0087,C00594,2025-01-08,4,366.3
T1009631,S016,P0151,C00484,2025-08-25,8,13.67
T1009632,S014,P0075,C00873,2024-10-30,9,24.77
T1009633,S008,P0010,C00048,2025-09-07,5,263.37
T1009634,S018,P0183,C00819,2025-03-07,2,166.69
T1009635,S009,P0094,C00853,2025-05-29,9,497.8
T1009636,S004,P0142,C00915,2024-05-08,1,72.9
T1009637,S019,P0187,C00481,2024-04-23,5,415.2
T1009638,S015,P0043,C00860,2025-08-03,5,78.9
T1009639,S008,P0016,C00814,2024-05-02,9,390.89
T1009640,S004,P0116,C00064,2024-11-24,3,362.09
T1009641,S004,P0182,C00600,2025-02-07,4,377.42
T1009642,S008,P0046,C00798,2025-01-06,3,283.22
T1009643,S002,P0030,C00476,2025-09-04,8,110.25
T1009644,S017,P0115,C00313,2024-02-15,4,219.18
T1009645,S010,P0025,C00588,2024-07-11,2,433.48
T1009646,S010,P0003,C00008,2024-10-25,1,346.73
T1009647,S017,P0082,C00134,2025-01-23,2,83.92
T1009648,S012,P0160,C00820,2024-08-17,5,323.05
T1009649,S019,P0049,C00862,2024-02-26,3,352.12
T1009650,S004,P0108,C00776,2025-09-17,1,91.09
T1009651,S013,P0163,C00221,2025-05-03,9,398.34
T1009652,S006,P0065,C00732,2025-03-22,2,139.1
T1009653,S010,P0071,C00896,2025-06-12,3,241.05
T1009654,S014,P0154,C00026,2024-10-01,7,409.32
T1009655,S002,P0078,C00853,2024-05-26,6,108.87
T1009656,S012,P0085,C00330,2024-03-11,8,90.96
T1009657,S004,P0098,C00130,2024-11-08,8,67.11
T1009658,S014,P0069,C00798,2024-07-06,8,148.62
T1009659,S018,P0140,C00172,2024-07-21,5,333.53
T1009660,S007,P0165,C00178,2024-05-01,1,141.11
T1009661,S005,P0139,C00584,2024-03-21,4,304.01
T1009662,S017,P0014,C00866,2025-01-13,6,271.98
T1009663,S020,P0099,C00971,2024-03-20,7,402.3
T1009664,S013,P0123,C00380,2025-05-05,7,262.16
T1009665,S008,P0016,C00271,2024-05-13,6,64.18
T1009666,S006,P0038,C00875,2025-03-29,1,180.61
T1009667,S005,P0167,C00253,2025-03-03,1,127.94
T1009668,S016,P0106,C00266,2024-02-18,5,491.76
T1009669,S007,P0078,C00868,2025-07-15,2,185.33
T1009670,S013,P0048,C00070,2024-05-28,7,87.62
T1009671,S007,P0029,C00088,2024-07-19,7,177.43
T1009672,S010,P0094,C00900,2025-07-19,5,118.29
T1009673,S007,P0037,C00663,2024-09-14,6,393.75
T1009674,S012,P0071,C00559,2025-07-08,2,430.18
T1009675,S018,P0021,C00152,2024-09-03,2,126.04
T1009676,S003,P0093,C00710,2025-02-24,4,27.26
T1009677,S003,P0009,C00286,2025-03-22,9,134.06
T1009678,S010,P0084,C00387,2025-01-09,4,252.78
T1009679,S018,P0081,C00275,2024-11-07,1,373.19
T1009680,S012,P0082,C00501,2025-07-13,8,305.08
T1009681,S004,P0136,C00526,2025-08-31,5,417.18
T1009682,S007,P0016,C00734,2024-09-29,6,51.88
T1009683,S016,P0172,C00674,2024-04-10,3,312.29
T1009684,S009,P0181,C00433,2024-06-20,8,11.12
T1009685,S008,P0048,C00836,2024-10-12,9,9.66
T1009686,S002,P0075,C00717,2024-12-25,5,188.23
T1009687,S008,P0046,C00545,2024-10-13,9,27.38
T1009688,S005,P0136,C00588,2024-04-15,6,139.04
T1009689,S010,P0053,C00917,2024-04-19,2,179.45
T1009690,S002,P0111,C00428,2024-10-10,7,440.33
T1009691,S002,P0121,C00232,2025-06-24,6,189.02
T1009692,S014,P0076,C00460,2024-03-05,8,284.13
T1009693,S012,P0136,C00750,2025-05-09,8,463.93
T1009694,S016,P0047,C00434,2025-07-17,3,478.9
T1009695,S011,P0113,C00920,2024-04-17,9,175.64
T1009696,S001,P0144,C00283,2024-06-07,4,398.87
T1009697,S017,P0017,C00704,2025-07-29,8,95.74
T1009698,S013,P0193,C00341,2025-07-28,4,264.81
T1009699,S002,P0095,C00449,2025-02-25,2,94.57
T1009700,S011,P0139,C00294,2025-04-21,3,247.16
T1009701,S001,P0120,C00395,2025-09-21,3,245.82
T1009702,S001,P0111,C00891,2025-03-13,7,128.12
T1009703,S007,P0130,C00378,2024-09-12,8,263.41
T1009704,S020,P0001,C00644,2024-09-30,2,101.75
T1009705,S009,P0054,C00973,2025-02-15,8,345.73
T1009706,S019,P0058,C00175,2024-12-26,1,176.17
T1009707,S002,P0165,C00060,2025-06-06,7,498.14
T1009708,S003,P0107,C00442,2025-07-12,4,313.88
T1009709,S006,P0042,C00237,2024-10-18,4,239.22
T1009710,S016,P0122,C00325,2024-12-01,9,42.03
T1009711,S018,P0109,C00039,2024-02-11,9,75.51
T1009712,S010,P0105,C00910,2025-08-10,5,95.26
T1009713,S009,P0115,C00358,2025-06-01,7,459.08
T1009714,S006,P0025,C00766,2024-02-24,4,487.35
T1009715,S002,P0014,C00479,2025-07-01,1,304.86
T1009716,S018,P0158,C00743,2024-08-01,5,411.9
T1009717,S010,P0001,C00582,2024-04-14,8,28.14
T1009718,S016,P0030,C00263,2024-05-04,4,42.88
T1009719,S019,P0010,C00236,2025-01-24,8,493.54
T1009720,S013,P0143,C00765,2025-02-17,5,323.77
T1009721,S007,P0008,C00249,2025-09-26,4,241.49
T1009722,S010,P0049,C00031,2025-06-27,1,494.12
T1009723,S017,P0069,C00165,2024-01-17,8,466.22
T1009724,S012,P0148,C00690,2024-12-28,1,72.0
T1009725,S016,P0025,C00349,2024-10-11,4,66.49
T1009726,S012,P0127,C00121,2025-03-01,2,80.39
T1009727,S019,P0169,C00492,2025-04-29,1,222.21
T1009728,S003,P0140,C00299,2024-06-29,5,327.11
T1009729,S019,P0137,C00049,2025-07-08,5,223.59
T1009730,S004,P0023,C00763,2025-05-05,5,94.62
T1009731,S006,P0127,C00688,2025-08-02,8,444.78
T1009732,S006,P0036,C00852,2024-03-16,8,341.87
T1009733,S015,P0185,C00721,2024-09-10,7,446.72
T1009734,S017,P0110,C00144,2024-03-08,9,323.72
T1009735,S016,P0128,C00260,2025-07-27,1,264.42
T1009736,S006,P0152,C00170,2024-01-15,8,383.26
T1009737,S019,P0017,C00226,2024-01-18,9,8.49
T1009738,S008,P0133,C00325,2024-07-11,5,173.1
T1009739,S010,P0056,C00460,2024-02-10,8,67.44
T1009740,S012,P0060,C00429,2024-10-10,5,322.39
T1009741,S006,P0102,C00318,2024-06-16,2,240.22
T1009742,S017,P0090,C00722,2024-07-14,7,273.32
T1009743,S017,P0056,C00072,2024-06-21,7,58.77
T1009744,S008,P0079,C00219,2025-07-27,8,30.23
T1009745,S015,P0039,C00663,2024-01-02,6,68.05
T1009746,S002,P0109,C00414,2024-01-06,1,54.18
T1009747,S004,P0055,C00988,2025-09-14,1,54.87
T1009748,S020,P0023,C00474,2024-07-18,9,234.03
T1009749,S017,P0126,C00216,2025-07-28,9,172.71
T1009750,S018,P0091,C00235,2024-10-31,1,379.55
T1009751,S016,P0191,C00465,2024-02-26,2,425.66
T1009752,S013,P0167,C00505,2025-09-09,5,432.9
T1009753,S010,P0037,C00173,2024-08-03,5,415.86
T1009754,S002,P0057,C00295,2024-06-03,6,36.01
T1009755,S016,P0027,C00339,2024-02-02,1,27.61
T1009756,S018,P0149,C00430,2024-07-17,6,89.24
T1009757,S002,P0007,C00282,2025-07-09,5,160.89
T1009758,S008,P0130,C00108,2025-04-18,2,464.76
T1009759,S009,P0163,C00365,2024-12-05,3,349.95
T1009760,S004,P0162,C00969,2024-04-02,7,451.16
T1009761,S016,P0011,C00562,2024-06-02,2,254.44
T1009762,S010,P0089,C00644,2025-01-23,1,140.82
T1009763,S017,P0149,C00068,2025-04-04,9,288.98
T1009764,S016,P0007,C00403,2024-07-31,2,466.98
T1009765,S018,P0070,C00643,2024-04-29,7,331.28
T1009766,S003,P0052,C00900,2024-09-29,8,58.11
T1009767,S013,P0047,C00768,2025-03-12,9,394.07
T1009768,S007,P0017,C00019,2024-05-01,1,114.56
T1009769,S008,P0022,C00534,2024-02-23,5,364.0
T1009770,S003,P0073,C00521,2025-01-15,5,406.23
T1009771,S001,P0161,C00399,2025-07-31,6,400.15
T1009772,S020,P0154,C00523,2025-05-23,9,307.6
T1009773,S020,P0062,C00348,2025-06-21,4,434.73
T1009774,S017,P0152,C00330,2024-02-14,2,322.37
T1009775,S001,P0186,C00806,2024-08-27,6,19.5
T1009776,S018,P0124,C00512,2024-04-09,1,343.98
T1009777,S015,P0110,C00472,2025-06-04,4,329.65
T1009778,S006,P0131,C00067,2024-06-06,9,150.47
T1009779,S005,P0167,C00519,2024-06-13,3,360.28
T1009780,S002,P0162,C00487,2024-12-11,8,80.92
T1009781,S005,P0023,C00480,2024-09-30,3,490.2
T1009782,S005,P0082,C00337,2024-03-14,6,390.39
T1009783,S010,P0153,C00736,2024-06-18,4,452.54
T1009784,S020,P0128,C00465,2024-06-09,6,7.79
T1009785,S005,P0100,C00677,2025-05-04,9,439.3
T1009786,S018,P0184,C00704,2024-04-21,1,392.41
T1009787,S006,P0014,C00827,2025-06-29,6,332.11
T1009788,S008,P0075,C00630,2024-11-08,4,427.0
T1009789,S015,P0167,C00375,2025-04-22,9,431.89
T1009790,S002,P0030,C00202,2024-07-07,4,216.48
T1009791,S008,P0055,C00765,2025-08-20,3,48.04
T1009792,S016,P0047,C00255,2024-11-20,7,400.64
T1009793,S001,P0127,C00631,2025-01-07,7,353.03
T1009794,S002,P0180,C00584,2025-07-12,2,146.58
T1009795,S016,P0162,C00599,2024-03-17,3,360.09
T1009796,S013,P0073,C00159,2024-05-31,5,203.92
T1009797,S019,P0197,C00237,2024-09-21,3,468.09
T1009798,S009,P0191,C00952,2025-02-06,3,11.99
T1009799,S003,P0112,C00187,2025-09-06,7,218.37
T1009800,S010,P0088,C00515,2024-12-09,2,447.69
T1009801,S005,P0194,C00227,2025-03-23,1,254.74
T1009802,S001,P0080,C00382,2025-05-12,6,254.05
T1009803,S012,P0054,C00773,2025-08-04,9,336.21
T1009804,S002,P0057,C00470,2025-03-13,3,190.7
T1009805,S002,P0163,C00917,2024-05-15,4,33.77
T1009806,S009,P0014,C00584,2025-09-24,8,476.12
T1009807,S004,P0110,C00209,2024-05-01,1,180.83
T1009808,S006,P0083,C00337,2024-12-19,1,177.03
T1009809,S011,P0009,C00167,2025-05-26,1,387.04
T1009810,S013,P0082,C00575,2024-04-03,4,5.63
T1009811,S015,P0107,C00199,2025-09-20,5,166.07
T1009812,S017,P0110,C00062,2025-03-28,2,33.0
T1009813,S007,P0023,C00009,2024-10-20,2,143.44
T1009814,S009,P0127,C00148,2024-09-17,8,457.51
T1009815,S013,P0021,C00474,2025-06-17,9,447.0
T1009816,S004,P0088,C00432,2024-05-23,5,272.28
T1009817,S017,P0117,C00443,2024-09-10,4,337.0
T1009818,S015,P0009,C00358,2025-04-08,1,396.9
T1009819,S005,P0124,C00281,2024-08-31,4,336.32
T1009820,S006,P0040,C00348,2024-06-02,8,413.74
T1009821,S011,P0038,C00607,2024-08-02,3,443.15
T1009822,S013,P0058,C00321,2024-07-25,5,50.65
T1009823,S013,P0090,C00410,2024-11-21,8,147.16
T1009824,S009,P0043,C00104,2024-05-22,8,220.99
T1009825,S003,P0050,C00864,2024-02-17,8,490.95
T1009826,S016,P0132,C00428,2024-09-29,4,448.01
T1009827,S008,P0022,C00619,2025-04-28,8,149.38
T1009828,S017,P0186,C00065,2024-05-11,7,109.05
T1009829,S014,P0199,C00206,2024-12-25,2,491.45
T1009830,S004,P0027,C00637,2025-04-01,7,176.2
T1009831,S017,P0160,C00075,2024-07-02,7,43.99
T1009832,S018,P0067,C00366,2025-01-05,8,300.57
T1009833,S009,P0103,C00719,2024-10-29,5,37.43
T1009834,S011,P0046,C00760,2024-03-19,8,125.22
T1009835,S006,P0101,C00549,2024-04-27,7,79.19
T1009836,S017,P0135,C00260,2025-02-12,4,324.59
T1009837,S003,P0195,C00642,2024-06-05,5,482.49
T1009838,S001,P0185,C00748,2024-08-27,3,158.46
T1009839,S015,P0140,C00718,2025-03-02,3,375.17
T1009840,S002,P0041,C00645,2024-10-12,8,318.85
T1009841,S020,P0035,C00107,2024-01-02,4,481.32
T1009842,S016,P0080,C00713,2024-08-04,7,384.38
T1009843,S005,P0132,C00765,2024-02-11,9,49.53
T1009844,S004,P0080,C00078,2024-12-18,7,6.39
T1009845,S016,P0163,C00603,2024-11-19,1,424.78
T1009846,S007,P0053,C00691,2024-03-18,4,130.68
T1009847,S019,P0128,C00924,2025-06-10,2,34.62
T1009848,S015,P0142,C00099,2025-03-10,6,179.97
T1009849,S016,P0032,C00775,2025-05-03,9,53.81
T1009850,S011,P0071,C00155,2025-06-10,2,347.48
T1009851,S013,P0063,C00388,2025-04-03,2,364.32
T1009852,S015,P0143,C00829,2025-06-21,5,462.21
T1009853,S005,P0082,C00187,2024-11-22,2,376.71
T1009854,S003,P0035,C00618,2025-09-15,1,429.85
T1009855,S009,P0136,C00201,2025-04-30,6,150.63
T1009856,S010,P0175,C00448,2025-09-22,5,344.89
T1009857,S005,P0200,C00731,2024-03-10,7,313.97
T1009858,S008,P0086,C00887,2024-11-18,4,164.48
T1009859,S016,P0150,C00084,2024-10-18,1,174.13
T1009860,S004,P0163,C00355,2025-03-05,1,91.21
T1009861,S019,P0141,C00758,2024-11-18,9,110.92
T1009862,S005,P0087,C00897,2025-06-12,3,166.83
T1009863,S003,P0107,C00179,2025-02-09,1,182.58
T1009864,S002,P0199,C00315,2024-02-26,8,51.21
T1009865,S004,P0059,C00759,2025-06-10,5,381.85
T1009866,S019,P0093,C00301,2024-09-14,8,326.4
T1009867,S017,P0170,C00487,2024-02-24,8,495.21
T1009868,S003,P0182,C00587,2024-07-04,4,281.36
T1009869,S001,P0007,C00629,2024-08-12,7,210.86
T1009870,S007,P0189,C00963,2024-08-20,4,47.48
T1009871,S002,P0145,C00543,2024-10-06,3,381.62
T1009872,S001,P0068,C00104,2025-05-10,8,369.89
T1009873,S015,P0145,C00025,2024-04-03,8,31.07
T1009874,S020,P0043,C00812,2024-11-14,3,437.49
T1009875,S012,P0007,C00494,2024-04-22,8,24.79
T1009876,S005,P0192,C00562,2024-07-26,4,231.82
T1009877,S019,P0014,C00692,2024-05-22,3,487.13
T1009878,S020,P0091,C00808,2025-03-08,6,249.36
T1009879,S013,P0154,C00754,2025-07-11,6,371.67
T1009880,S001,P0170,C00111,2024-01-03,4,327.37
T1009881,S002,P0134,C00007,2025-06-25,1,420.75
T1009882,S012,P0119,C00417,2024-12-23,8,131.31
T1009883,S002,P0088,C00429,2025-03-31,1,201.11
T1009884,S006,P0171,C00705,2025-01-20,5,79.7
T1009885,S009,P0176,C00521,2024-11-06,4,380.47
T1009886,S003,P0074,C00123,2025-08-10,6,249.92
T1009887,S020,P0035,C00667,2025-09-17,1,446.98
T1009888,S014,P0102,C00725,2025-04-12,1,161.25
T1009889,S013,P0068,C00463,2024-08-12,8,440.96
T1009890,S018,P0077,C00686,2024-09-19,6,414.58
T1009891,S013,P0133,C00815,2024-12-31,4,347.44
T1009892,S005,P0050,C00655,2025-04-24,9,315.81
T1009893,S005,P0160,C00162,2025-05-01,8,191.57
T1009894,S007,P0003,C00475,2024-02-02,2,200.03
T1009895,S003,P0162,C00985,2024-02-27,5,479.71
T1009896,S011,P0106,C00388,2024-06-06,3,66.34
T1009897,S018,P0034,C00011,2025-05-31,2,352.33
T1009898,S003,P0055,C00721,2024-03-02,1,243.61
T1009899,S018,P0116,C00669,2024-01-02,1,94.05
T1009900,S003,P0088,C00702,2024-09-16,4,372.27
T1009901,S020,P0193,C00238,2025-02-24,6,5.11
T1009902,S003,P0118,C00553,2024-02-08,9,220.63
T1009903,S002,P0157,C00558,2025-06-16,2,268.11
T1009904,S017,P0197,C00781,2025-02-22,7,131.34
T1009905,S010,P0064,C00081,2024-12-18,2,343.49
T1009906,S011,P0115,C00552,2024-06-13,6,165.44
T1009907,S002,P0003,C00206,2024-02-19,5,270.99
T1009908,S012,P0086,C00072,2024-09-04,4,73.87
T1009909,S017,P0012,C00300,2025-07-12,8,452.99
T1009910,S004,P0198,C00632,2024-10-06,8,334.62
T1009911,S011,P0161,C00285,2025-01-07,2,85.95
T1009912,S008,P0168,C00637,2024-07-15,8,353.46
T1009913,S002,P0107,C00347,2025-06-10,6,135.83
T1009914,S010,P0144,C00772,2024-04-20,3,193.82
T1009915,S002,P0094,C00842,2025-06-22,9,365.04
T1009916,S005,P0018,C00483,2024-06-25,2,268.83
T1009917,S015,P0134,C00980,2024-05-03,5,6.27
T1009918,S013,P0062,C00014,2025-06-19,8,207.14
T1009919,S006,P0200,C00135,2025-04-28,5,466.68
T1009920,S005,P0158,C00218,2025-01-12,2,88.35
T1009921,S014,P0200,C00071,2024-01-08,9,419.86
T1009922,S014,P0157,C00785,2024-11-22,5,15.28
T1009923,S009,P0112,C00322,2024-08-12,6,25.57
T1009924,S012,P0086,C00433,2025-06-14,5,168.48
T1009925,S001,P0080,C00386,2025-07-25,8,211.29
T1009926,S015,P0119,C00191,2025-04-09,9,282.39
T1009927,S013,P0136,C00036,2024-04-15,1,260.98
T1009928,S006,P0091,C00854,2025-06-20,3,224.31
T1009929,S017,P0034,C00002,2024-10-18,6,435.61
T1009930,S003,P0065,C00348,2024-06-27,7,290.12
T1009931,S005,P0194,C00812,2024-05-20,2,261.66
T1009932,S013,P0002,C00044,2024-07-13,5,123.84
T1009933,S015,P0153,C00300,2025-03-29,5,344.71
T1009934,S019,P0050,C00515,2025-06-03,2,277.67
T1009935,S008,P0114,C00937,2024-12-16,2,89.72
T1009936,S007,P0123,C00189,2024-01-02,5,160.92
T1009937,S013,P0079,C00969,2024-07-14,7,346.82
T1009938,S002,P0056,C00684,2025-02-20,5,156.77
T1009939,S002,P0051,C00642,2024-08-08,4,385.06
T1009940,S019,P0144,C00542,2024-07-29,9,118.45
T1009941,S003,P0026,C00266,2025-06-04,7,91.54
T1009942,S019,P0031,C00289,2025-03-17,9,156.65
T1009943,S004,P0165,C00701,2024-11-03,8,334.16
T1009944,S007,P0089,C00571,2024-01-22,9,184.86
T1009945,S003,P0147,C00411,2024-11-14,8,209.37
T1009946,S001,P0149,C00256,2025-01-10,1,31.98
T1009947,S016,P0074,C00159,2024-02-29,1,275.72
T1009948,S016,P0004,C00600,2025-03-04,8,51.93
T1009949,S006,P0118,C00094,2025-04-13,8,145.72
T1009950,S009,P0129,C00253,2025-06-29,1,313.73
T1009951,S006,P0070,C00402,2025-08-29,4,455.95
T1009952,S016,P0113,C00700,2025-03-08,6,76.03
T1009953,S003,P0024,C00544,2024-10-01,6,84.03
T1009954,S007,P0072,C00341,2025-01-15,7,279.13
T1009955,S003,P0028,C00221,2024-01-27,3,177.54
T1009956,S019,P0072,C00669,2024-06-04,5,452.21
T1009957,S019,P0040,C00012,2024-11-07,3,305.43
T1009958,S013,P0053,C00490,2024-09-27,7,168.77
T1009959,S020,P0183,C00753,2025-08-09,5,162.87
T1009960,S005,P0013,C00634,2024-04-13,6,396.93
T1009961,S007,P0162,C00619,2025-01-10,5,279.43
T1009962,S019,P0102,C00769,2024-11-20,4,8.09
T1009963,S017,P0052,C00572,2024-04-20,9,25.59
T1009964,S002,P0006,C00588,2024-05-08,1,67.64
T1009965,S013,P0195,C00280,2025-08-09,2,296.14
T1009966,S014,P0069,C00367,2025-06-19,1,88.05
T1009967,S007,P0074,C00333,2024-01-17,7,294.04
T1009968,S019,P0010,C00721,2025-02-03,7,366.48
T1009969,S006,P0138,C00391,2025-08-28,9,345.03
T1009970,S003,P0053,C00640,2024-03-24,4,190.44
T1009971,S007,P0156,C00285,2024-06-14,5,389.26
T1009972,S007,P0135,C00038,2024-05-04,2,304.34
T1009973,S016,P0008,C00943,2024-01-13,6,497.03
T1009974,S018,P0115,C00431,2024-10-18,4,216.46
T1009975,S001,P0043,C00395,2024-11-12,8,126.85
T1009976,S016,P0038,C00284,2025-04-28,3,359.41
T1009977,S002,P0047,C00587,2024-03-24,8,131.61
T1009978,S001,P0149,C00400,2025-04-28,1,65.24
T1009979,S004,P0192,C00555,2025-08-14,5,296.0
T1009980,S007,P0034,C00052,2024-03-24,3,314.06
T1009981,S007,P0082,C00128,2024-04-07,7,321.34
T1009982,S007,P0112,C00115,2024-07-19,5,274.16
T1009983,S019,P0066,C00179,2025-06-30,5,497.44
T1009984,S017,P0141,C00798,2024-05-02,6,368.42
T1009985,S014,P0011,C00994,2024-11-22,6,499.99
T1009986,S014,P0181,C00417,2024-09-20,8,224.68
T1009987,S016,P0144,C00702,2025-01-11,1,299.48
T1009988,S005,P0193,C00042,2025-04-07,5,50.33
T1009989,S009,P0004,C00422,2024-12-08,7,316.41
T1009990,S017,P0060,C00241,2025-06-21,3,259.47
T1009991,S012,P0081,C00505,2024-09-16,4,157.66
T1009992,S020,P0185,C00590,2025-09-08,8,15.86
T1009993,S012,P0011,C00320,2025-09-23,5,355.35
T1009994,S012,P0175,C00010,2025-07-17,4,24.92
T1009995,S007,P0061,C00606,2024-03-25,4,361.05
T1009996,S012,P0108,C00541,2024-02-09,4,205.32
T1009997,S007,P0140,C00541,2024-07-09,5,79.76
T1009998,S009,P0165,C00201,2024-01-05,4,376.08
T1009999,S012,P0167,C00950,2024-01-19,7,352.8
