transaction_id,transaction_date,customer_id,product_id,quantity,unit_price,discount_percent,payment_method
T000001,2024-04-17,C00215,P0091,4,130.65,10,Credit Card
T000002,2024-02-23,C00512,P0087,2,460.5,10,Debit Card
T000003,2023-09-16,C00158,P0085,4,370.51,15,Credit Card
T000004,2024-04-04,C00491,P0077,5,484.81,15,Cash
T000005,2024-07-10,C00810,P0005,3,124.0,20,Credit Card
T000006,2023-04-22,C00255,P0099,3,257.88,5,Credit Card
T000007,2024-07-30,C00694,P0083,4,334.32,10,Cash
T000008,2023-04-19,C00101,P0002,3,119.37,5,Debit Card
T000009,2024-04-01,C00401,P0048,4,460.06,20,Debit Card
T000010,2023-12-20,C00495,P0004,1,216.74,10,Cash
T000011,2023-03-29,C00852,P0015,2,313.07,10,PayPal
T000012,2023-12-18,C00804,P0059,2,231.23,20,Cash
T000013,2023-12-23,C00100,P0061,4,298.34,15,PayPal
T000014,2023-03-10,C00046,P0039,1,343.34,0,PayPal
T000015,2024-10-25,C00694,P0014,2,48.61,5,Debit Card
T000016,2024-07-19,C00339,P0021,5,140.82,15,Cash
T000017,2023-08-26,C00645,P0052,2,409.85,5,Cash
T000018,2024-02-10,C00756,P0004,5,216.74,5,Cash
T000019,2024-08-29,C00399,P0055,1,437.49,5,Debit Card
T000020,2023-10-13,C00721,P0097,1,14.56,20,Credit Card
T000021,2024-07-03,C00375,P0024,3,142.27,5,Cash
T000022,2023-04-27,C00687,P0034,4,259.67,20,PayPal
T000023,2024-09-03,C00626,P0050,4,127.33,20,Credit Card
T000024,2023-12-23,C00866,P0046,4,107.47,20,Debit Card
T000025,2024-11-20,C00820,P0091,3,130.65,20,Credit Card
T000026,2024-11-19,C00321,P0018,1,429.11,5,PayPal
T000027,2023-04-30,C00383,P0024,2,142.27,20,Cash
T000028,2024-03-04,C00142,P0077,5,484.81,15,Cash
T000029,2023-07-10,C00651,P0063,5,431.22,5,Debit Card
T000030,2024-05-16,C00144,P0037,2,198.54,10,Cash
T000031,2024-09-26,C00887,P0007,3,215.56,0,Cash
T000032,2023-05-20,C00835,P0025,4,282.91,20,Cash
T000033,2024-02-23,C00504,P0088,4,480.78,15,Cash
T000034,2023-06-21,C00579,P0011,1,55.45,5,PayPal
T000035,2023-02-03,C00231,P0036,5,398.12,10,Debit Card
T000036,2024-04-13,C00761,P0073,4,78.69,20,Credit Card
T000037,2024-08-09,C00275,P0015,5,313.07,10,Credit Card
T000038,2024-03-27,C00224,P0070,4,330.19,0,Debit Card
T000039,2023-11-01,C00461,P0005,3,124.0,10,Credit Card
T000040,2024-03-25,C00795,P0016,2,104.22,5,PayPal
T000041,2024-12-28,C00648,P0079,4,433.68,5,Debit Card
T000042,2023-07-31,C00825,P0027,1,206.57,20,PayPal
T000043,2024-06-29,C00612,P0036,5,398.12,5,PayPal
T000044,2024-12-21,C00297,P0038,5,269.27,10,Credit Card
T000045,2023-05-19,C00805,P0097,4,14.56,0,PayPal
T000046,2024-11-02,C00719,P0017,2,121.67,5,Debit Card
T000047,2024-12-29,C00849,P0042,2,11.59,15,Cash
T000048,2023-05-26,C00648,P0074,3,132.41,15,Cash
T000049,2024-04-07,C00649,P0010,1,115.5,15,PayPal
T000050,2024-12-12,C00466,P0048,4,460.06,10,Credit Card
T000051,2023-04-06,C00996,P0094,4,338.17,10,Credit Card
T000052,2024-07-01,C00224,P0051,4,474.01,5,Cash
T000053,2023-10-02,C00849,P0042,3,11.59,10,Debit Card
T000054,2024-08-02,C00808,P0063,3,431.22,0,Credit Card
T000055,2023-04-12,C00803,P0081,4,463.99,0,Credit Card
T000056,2023-06-11,C00468,P0057,1,108.56,15,Debit Card
T000057,2024-12-06,C00904,P0017,3,121.67,5,PayPal
T000058,2023-04-06,C00370,P0084,3,155.39,0,PayPal
T000059,2024-11-11,C00170,P0084,1,155.39,15,PayPal
T000060,2024-12-17,C00240,P0097,4,14.56,0,Credit Card
T000061,2023-01-02,C00489,P0028,1,439.42,5,Debit Card
T000062,2024-06-15,C00456,P0088,1,480.78,0,PayPal
T000063,2023-05-04,C00711,P0055,2,437.49,15,Credit Card
T000064,2023-08-23,C00092,P0050,1,127.33,0,PayPal
T000065,2024-01-12,C00141,P0039,4,343.34,5,Debit Card
T000066,2023-03-12,C00577,P0068,1,332.9,20,Debit Card
T000067,2024-03-26,C00740,P0045,2,156.24,5,Cash
T000068,2024-09-22,C00454,P0088,2,480.78,0,Credit Card
T000069,2023-05-24,C00127,P0097,5,14.56,15,PayPal
T000070,2024-03-15,C00811,P0041,2,64.66,5,PayPal
T000071,2024-10-22,C00255,P0011,5,55.45,20,PayPal
T000072,2024-12-08,C00869,P0004,3,216.74,5,Debit Card
T000073,2024-02-06,C00662,P0038,1,269.27,5,Cash
T000074,2024-01-31,C00247,P0015,4,313.07,20,Credit Card
T000075,2024-06-24,C00370,P0002,3,119.37,5,Cash
T000076,2024-08-05,C00375,P0054,5,473.96,5,Cash
T000077,2023-03-16,C00602,P0003,1,372.93,0,PayPal
T000078,2023-08-09,C00945,P0006,1,107.43,15,PayPal
T000079,2024-10-05,C00514,P0092,4,50.17,15,Cash
T000080,2023-03-26,C00550,P0082,5,217.27,20,Debit Card
T000081,2023-10-12,C00318,P0011,1,55.45,20,Debit Card
T000082,2023-06-09,C00335,P0069,4,238.84,20,Credit Card
T000083,2023-11-14,C00448,P0090,2,207.85,0,Debit Card
T000084,2023-03-30,C00119,P0056,4,465.17,20,Credit Card
T000085,2023-11-13,C00760,P0086,2,38.01,0,Credit Card
T000086,2024-12-25,C00719,P0018,1,429.11,5,Cash
T000087,2023-12-22,C00530,P0067,3,405.67,5,PayPal
T000088,2023-05-10,C00800,P0096,3,234.04,0,Credit Card
T000089,2023-12-10,C00279,P0055,5,437.49,0,PayPal
T000090,2024-12-30,C00643,P0074,1,132.41,15,Cash
T000091,2024-06-07,C00057,P0047,4,274.3,20,Debit Card
T000092,2024-01-12,C00262,P0021,1,140.82,20,Credit Card
T000093,2023-08-22,C00522,P0095,1,203.94,0,Credit Card
T000094,2023-09-08,C00484,P0006,3,107.43,15,Debit Card
T000095,2023-07-03,C00567,P0005,4,124.0,5,PayPal
T000096,2023-09-12,C00938,P0054,3,473.96,10,Credit Card
T000097,2024-08-08,C00123,P0048,5,460.06,0,Debit Card
T000098,2023-08-17,C00048,P0067,4,405.67,0,Cash
T000099,2023-10-17,C00866,P0100,3,441.62,10,Credit Card
T000100,2024-07-20,C00009,P0059,3,231.23,5,PayPal
T000101,2024-07-31,C00758,P0039,5,343.34,5,Cash
T000102,2024-01-13,C00996,P0076,4,34.79,5,Debit Card
T000103,2023-06-04,C00955,P0001,4,64.55,0,Debit Card
T000104,2024-07-08,C00652,P0045,1,156.24,10,Credit Card
T000105,2024-11-04,C00870,P0049,3,19.54,0,Debit Card
T000106,2024-06-26,C00430,P0031,4,375.04,0,Debit Card
T000107,2024-12-29,C00096,P0036,1,398.12,5,Cash
T000108,2024-12-18,C00470,P0048,1,460.06,20,Credit Card
T000109,2024-06-01,C00653,P0018,4,429.11,0,Credit Card
T000110,2024-03-21,C00988,P0085,2,370.51,5,PayPal
T000111,2023-09-25,C00949,P0041,4,64.66,10,PayPal
T000112,2024-04-08,C00240,P0035,1,431.94,5,Debit Card
T000113,2024-08-21,C00160,P0014,1,48.61,5,Cash
T000114,2024-04-22,C00417,P0041,1,64.66,20,PayPal
T000115,2023-08-01,C00316,P0058,4,328.44,10,Credit Card
T000116,2023-04-03,C00827,P0021,3,140.82,20,Credit Card
T000117,2023-08-09,C00152,P0042,1,11.59,5,PayPal
T000118,2024-02-10,C00051,P0066,3,292.34,10,Debit Card
T000119,2023-02-01,C00876,P0052,4,409.85,20,Debit Card
T000120,2023-04-07,C00105,P0060,2,175.66,0,Credit Card
T000121,2023-03-05,C00228,P0100,2,441.62,5,Cash
T000122,2024-01-17,C00646,P0088,1,480.78,20,PayPal
T000123,2023-03-18,C00067,P0003,2,372.93,15,Debit Card
T000124,2023-04-05,C00126,P0043,1,139.06,15,Credit Card
T000125,2023-06-22,C00444,P0074,4,132.41,15,Credit Card
T000126,2024-01-27,C00437,P0088,2,480.78,10,Debit Card
T000127,2023-07-11,C00287,P0036,4,398.12,5,Credit Card
T000128,2024-09-20,C00632,P0080,2,195.7,10,Cash
T000129,2024-02-26,C00491,P0071,1,207.28,0,PayPal
T000130,2024-01-28,C00430,P0018,2,429.11,20,Debit Card
T000131,2024-10-07,C00814,P0070,1,330.19,15,PayPal
T000132,2024-05-06,C00801,P0070,4,330.19,10,PayPal
T000133,2024-02-02,C00185,P0035,1,431.94,10,Debit Card
T000134,2023-01-31,C00288,P0100,1,441.62,15,PayPal
T000135,2024-08-21,C00998,P0030,2,234.84,0,Debit Card
T000136,2024-11-03,C00273,P0031,5,375.04,0,Debit Card
T000137,2024-08-12,C00364,P0050,2,127.33,5,Debit Card
T000138,2024-08-29,C00826,P0041,3,64.66,20,Credit Card
T000139,2024-12-21,C00361,P0090,5,207.85,20,Debit Card
T000140,2024-07-30,C00857,P0025,4,282.91,20,PayPal
T000141,2023-06-29,C00039,P0063,1,431.22,0,Debit Card
T000142,2024-09-08,C00021,P0029,5,254.62,15,Credit Card
T000143,2023-12-06,C00207,P0079,2,433.68,10,Debit Card
T000144,2023-11-28,C00023,P0008,2,406.62,20,Debit Card
T000145,2023-04-24,C00882,P0068,3,332.9,0,PayPal
T000146,2024-12-22,C00406,P0085,5,370.51,0,PayPal
T000147,2023-11-06,C00140,P0042,2,11.59,15,Cash
T000148,2024-10-26,C00179,P0041,5,64.66,20,PayPal
T000149,2023-08-17,C00604,P0086,2,38.01,15,PayPal
T000150,2024-12-06,C00131,P0038,2,269.27,0,Cash
T000151,2024-08-04,C00187,P0005,5,124.0,10,Debit Card
T000152,2024-10-16,C00107,P0073,4,78.69,5,PayPal
T000153,2023-03-21,C00356,P0031,3,375.04,5,Credit Card
T000154,2024-12-26,C00655,P0086,3,38.01,15,Credit Card
T000155,2023-09-29,C00256,P0027,1,206.57,10,PayPal
T000156,2023-04-21,C00002,P0093,1,266.16,15,Cash
T000157,2024-03-05,C00906,P0022,4,44.99,15,Cash
T000158,2023-12-26,C00385,P0070,1,330.19,15,Debit Card
T000159,2023-06-16,C00076,P0058,1,328.44,10,Credit Card
T000160,2023-11-23,C00975,P0034,1,259.67,0,PayPal
T000161,2023-06-24,C00165,P0049,1,19.54,20,Credit Card
T000162,2023-12-13,C00629,P0077,4,484.81,0,Cash
T000163,2024-10-31,C00622,P0022,4,44.99,5,Credit Card
T000164,2023-04-14,C00211,P0043,2,139.06,15,PayPal
T000165,2024-11-07,C00305,P0037,2,198.54,0,Credit Card
T000166,2024-02-07,C00563,P0074,4,132.41,5,Credit Card
T000167,2024-01-05,C00438,P0001,1,64.55,10,Cash
T000168,2023-07-24,C00027,P0013,2,235.12,5,PayPal
T000169,2023-03-25,C00865,P0061,1,298.34,10,Cash
T000170,2024-04-27,C00917,P0063,3,431.22,0,Cash
T000171,2023-07-09,C00907,P0048,4,460.06,10,Debit Card
T000172,2024-04-01,C00270,P0006,4,107.43,15,PayPal
T000173,2023-08-20,C00578,P0035,1,431.94,5,Credit Card
T000174,2023-03-29,C00353,P0086,5,38.01,15,Debit Card
T000175,2024-07-20,C00861,P0008,4,406.62,20,Cash
T000176,2024-07-02,C00888,P0088,4,480.78,20,Debit Card
T000177,2024-05-02,C00081,P0039,4,343.34,0,Debit Card
T000178,2023-05-04,C00460,P0097,2,14.56,5,Debit Card
T000179,2023-07-17,C00044,P0017,4,121.67,0,Cash
T000180,2023-07-26,C00152,P0081,5,463.99,10,PayPal
T000181,2023-03-10,C00398,P0012,5,305.83,15,PayPal
T000182,2023-10-10,C00470,P0067,1,405.67,20,Cash
T000183,2023-04-26,C00154,P0054,2,473.96,20,Credit Card
T000184,2023-04-19,C00799,P0073,1,78.69,10,PayPal
T000185,2024-02-25,C00393,P0034,4,259.67,20,Cash
T000186,2023-02-08,C00283,P0023,4,367.27,5,Cash
T000187,2023-02-09,C00911,P0051,3,474.01,5,Credit Card
T000188,2024-05-01,C00919,P0035,3,431.94,0,PayPal
T000189,2023-11-07,C00288,P0040,4,377.93,0,Debit Card
T000190,2023-05-18,C00998,P0039,4,343.34,10,PayPal
T000191,2024-03-02,C00662,P0078,1,91.49,5,Cash
T000192,2023-08-05,C00759,P0053,4,385.26,20,PayPal
T000193,2023-02-27,C00811,P0066,2,292.34,0,PayPal
T000194,2024-12-27,C00414,P0065,2,74.83,20,Credit Card
T000195,2023-06-27,C00897,P0025,2,282.91,0,Debit Card
T000196,2023-02-03,C00052,P0059,3,231.23,5,PayPal
T000197,2024-01-13,C00518,P0060,4,175.66,0,Credit Card
T000198,2023-09-05,C00501,P0048,5,460.06,15,Debit Card
T000199,2024-04-30,C00565,P0076,3,34.79,10,Debit Card
T000200,2023-09-22,C00851,P0096,1,234.04,10,Credit Card
T000201,2024-01-31,C00167,P0007,5,215.56,5,Debit Card
T000202,2024-10-24,C00694,P0029,2,254.62,10,Cash
T000203,2024-06-09,C00886,P0003,1,372.93,15,Debit Card
T000204,2024-10-24,C00616,P0023,1,367.27,5,PayPal
T000205,2024-09-14,C00730,P0040,3,377.93,15,Cash
T000206,2023-12-24,C00259,P0059,2,231.23,15,PayPal
T000207,2024-11-24,C00845,P0067,5,405.67,15,Credit Card
T000208,2023-01-08,C00679,P0066,3,292.34,20,PayPal
T000209,2023-11-02,C00111,P0088,4,480.78,0,PayPal
T000210,2023-10-11,C00333,P0082,3,217.27,10,PayPal
T000211,2023-07-12,C00530,P0020,2,89.7,0,Cash
T000212,2024-11-07,C00698,P0041,2,64.66,0,Cash
T000213,2023-10-30,C00929,P0034,4,259.67,15,Cash
T000214,2023-02-06,C00726,P0075,5,405.93,5,PayPal
T000215,2024-12-31,C00703,P0029,5,254.62,15,PayPal
T000216,2024-06-03,C00866,P0039,2,343.34,20,Debit Card
T000217,2023-10-28,C00483,P0013,2,235.12,10,Debit Card
T000218,2024-11-27,C00671,P0043,1,139.06,5,PayPal
T000219,2023-08-17,C00893,P0096,3,234.04,15,PayPal
T000220,2024-01-16,C00600,P0034,3,259.67,15,Credit Card
T000221,2024-04-26,C00888,P0007,5,215.56,20,Credit Card
T000222,2024-04-28,C00513,P0025,1,282.91,15,PayPal
T000223,2024-02-28,C00892,P0007,2,215.56,5,Debit Card
T000224,2023-12-17,C00584,P0053,4,385.26,5,PayPal
T000225,2023-07-04,C00083,P0100,4,441.62,10,Debit Card
T000226,2023-11-17,C00060,P0082,1,217.27,15,PayPal
T000227,2023-08-03,C00793,P0098,2,498.09,20,Debit Card
T000228,2024-05-16,C00799,P0098,1,498.09,5,Cash
T000229,2024-10-10,C00414,P0055,4,437.49,15,Cash
T000230,2023-01-05,C00547,P0005,2,124.0,10,Credit Card
T000231,2023-11-26,C00854,P0097,5,14.56,5,Credit Card
T000232,2024-11-23,C00642,P0001,2,64.55,5,PayPal
T000233,2023-11-16,C00106,P0017,4,121.67,20,PayPal
T000234,2023-06-21,C00844,P0009,1,352.09,10,PayPal
T000235,2024-04-11,C00533,P0094,5,338.17,20,PayPal
T000236,2024-03-20,C00138,P0088,3,480.78,15,PayPal
T000237,2023-07-12,C00971,P0022,4,44.99,0,Debit Card
T000238,2023-08-18,C00135,P0094,2,338.17,0,Debit Card
T000239,2023-05-07,C00729,P0047,1,274.3,15,PayPal
T000240,2024-07-01,C00050,P0080,5,195.7,0,Credit Card
T000241,2024-10-31,C00050,P0003,1,372.93,15,Cash
T000242,2024-01-25,C00561,P0016,3,104.22,15,Debit Card
T000243,2023-07-30,C00703,P0089,1,43.58,10,Cash
T000244,2024-11-08,C00679,P0013,5,235.12,10,Debit Card
T000245,2024-03-04,C00524,P0014,5,48.61,0,PayPal
T000246,2023-04-27,C00510,P0014,2,48.61,20,Debit Card
T000247,2023-09-27,C00997,P0067,2,405.67,10,Cash
T000248,2023-10-30,C00041,P0021,5,140.82,15,Debit Card
T000249,2024-12-05,C00339,P0062,2,319.24,0,Credit Card
T000250,2024-11-18,C00929,P0012,1,305.83,20,Cash
T000251,2023-06-02,C00799,P0012,5,305.83,0,Credit Card
T000252,2023-09-20,C00237,P0083,4,334.32,10,PayPal
T000253,2024-04-20,C00103,P0007,2,215.56,0,PayPal
T000254,2024-01-04,C00321,P0087,4,460.5,0,Credit Card
T000255,2023-02-16,C00873,P0002,2,119.37,5,PayPal
T000256,2024-01-02,C00979,P0057,5,108.56,10,Credit Card
T000257,2024-01-17,C00188,P0044,1,258.76,15,Cash
T000258,2024-04-12,C00856,P0035,4,431.94,15,Cash
T000259,2024-10-26,C00116,P0022,2,44.99,0,Debit Card
T000260,2023-04-17,C00934,P0054,5,473.96,15,Cash
T000261,2023-07-05,C00389,P0079,3,433.68,20,Credit Card
T000262,2024-12-01,C00997,P0094,2,338.17,15,Cash
T000263,2023-04-26,C00452,P0053,1,385.26,0,PayPal
T000264,2024-11-01,C00013,P0041,5,64.66,20,Debit Card
T000265,2024-11-16,C00532,P0044,5,258.76,20,Credit Card
T000266,2024-03-19,C00745,P0085,2,370.51,15,PayPal
T000267,2024-11-10,C00657,P0087,4,460.5,5,Credit Card
T000268,2023-01-12,C00957,P0083,2,334.32,20,Cash
T000269,2024-05-22,C00077,P0022,4,44.99,10,Debit Card
T000270,2023-12-05,C00052,P0036,5,398.12,5,Cash
T000271,2024-02-17,C00081,P0031,4,375.04,15,Cash
T000272,2023-04-01,C00458,P0064,3,146.45,0,Cash
T000273,2024-10-31,C00106,P0003,4,372.93,15,Credit Card
T000274,2024-07-24,C00001,P0071,1,207.28,20,PayPal
T000275,2024-06-04,C00212,P0072,4,131.84,10,PayPal
T000276,2023-02-25,C00865,P0029,4,254.62,10,Cash
T000277,2024-11-03,C00734,P0047,4,274.3,0,Credit Card
T000278,2024-11-05,C00003,P0029,3,254.62,10,PayPal
T000279,2024-07-14,C00383,P0067,1,405.67,0,Debit Card
T000280,2024-05-19,C00842,P0018,4,429.11,0,PayPal
T000281,2024-09-17,C00193,P0026,1,122.23,15,Debit Card
T000282,2024-04-13,C00734,P0025,3,282.91,0,Cash
T000283,2023-02-17,C00858,P0082,5,217.27,0,Cash
T000284,2024-04-13,C00604,P0085,5,370.51,5,Cash
T000285,2023-01-05,C00754,P0068,1,332.9,20,Cash
T000286,2024-08-22,C00947,P0062,5,319.24,5,Debit Card
T000287,2023-05-12,C00397,P0014,5,48.61,20,PayPal
T000288,2024-05-31,C00429,P0050,5,127.33,5,PayPal
T000289,2024-02-12,C00994,P0044,3,258.76,15,Debit Card
T000290,2023-05-22,C00617,P0053,5,385.26,10,PayPal
T000291,2024-12-29,C00958,P0095,5,203.94,5,Debit Card
T000292,2023-08-03,C00732,P0080,3,195.7,10,Debit Card
T000293,2024-12-28,C00999,P0084,2,155.39,20,PayPal
T000294,2024-12-28,C00780,P0015,3,313.07,20,Cash
T000295,2024-08-19,C00966,P0074,4,132.41,20,PayPal
T000296,2024-03-08,C00536,P0002,1,119.37,0,Cash
T000297,2023-05-29,C00687,P0007,1,215.56,5,PayPal
T000298,2023-06-14,C00700,P0037,3,198.54,5,Credit Card
T000299,2024-12-08,C00209,P0038,5,269.27,0,PayPal
T000300,2024-04-08,C00631,P0014,5,48.61,5,Cash
T000301,2023-09-01,C00804,P0066,3,292.34,0,Cash
T000302,2024-02-01,C00980,P0054,3,473.96,20,Credit Card
T000303,2023-01-14,C00258,P0096,2,234.04,20,Cash
T000304,2023-08-19,C00722,P0082,3,217.27,20,Debit Card
T000305,2023-07-18,C00460,P0038,2,269.27,0,Debit Card
T000306,2023-06-27,C00527,P0095,1,203.94,15,Credit Card
T000307,2024-03-14,C00570,P0036,3,398.12,5,Debit Card
T000308,2024-08-21,C00006,P0033,3,187.38,15,Debit Card
T000309,2023-02-10,C00951,P0020,3,89.7,20,Credit Card
T000310,2024-10-02,C00864,P0079,3,433.68,15,PayPal
T000311,2023-03-16,C00326,P0091,5,130.65,5,Debit Card
T000312,2024-06-17,C00806,P0009,5,352.09,5,Cash
T000313,2024-07-10,C00414,P0069,1,238.84,10,Debit Card
T000314,2023-08-07,C00340,P0085,3,370.51,10,PayPal
T000315,2023-08-12,C00634,P0097,5,14.56,15,Credit Card
T000316,2023-04-28,C00355,P0086,4,38.01,5,Debit Card
T000317,2023-02-10,C00907,P0088,3,480.78,15,Credit Card
T000318,2024-01-31,C00554,P0033,3,187.38,0,PayPal
T000319,2024-06-10,C00457,P0066,4,292.34,0,PayPal
T000320,2024-10-29,C00329,P0025,5,282.91,0,Credit Card
T000321,2023-06-21,C00551,P0099,5,257.88,0,Credit Card
T000322,2023-08-04,C00645,P0086,2,38.01,15,Credit Card
T000323,2023-07-30,C00849,P0069,4,238.84,0,Debit Card
T000324,2023-01-25,C00735,P0059,3,231.23,0,Credit Card
T000325,2023-03-17,C00183,P0007,3,215.56,20,Credit Card
T000326,2024-08-11,C00933,P0030,3,234.84,15,Cash
T000327,2024-04-06,C00415,P0081,4,463.99,10,Credit Card
T000328,2024-02-03,C00122,P0087,5,460.5,0,Credit Card
T000329,2024-08-22,C00718,P0006,1,107.43,10,Credit Card
T000330,2023-10-24,C00309,P0088,5,480.78,0,PayPal
T000331,2024-03-24,C00405,P0049,1,19.54,15,Debit Card
T000332,2024-06-30,C00140,P0029,4,254.62,20,PayPal
T000333,2024-10-11,C00306,P0019,3,146.21,0,Debit Card
T000334,2023-05-07,C00006,P0006,5,107.43,20,Cash
T000335,2024-07-04,C00970,P0071,1,207.28,10,Debit Card
T000336,2023-12-19,C00423,P0028,5,439.42,5,Debit Card
T000337,2023-07-08,C00632,P0029,3,254.62,5,Credit Card
T000338,2023-07-05,C00819,P0086,5,38.01,0,Cash
T000339,2024-10-22,C00075,P0071,3,207.28,0,PayPal
T000340,2023-04-11,C00744,P0026,5,122.23,15,PayPal
T000341,2024-01-01,C00688,P0017,2,121.67,0,PayPal
T000342,2024-09-26,C00922,P0009,2,352.09,10,Cash
T000343,2024-04-06,C00632,P0043,3,139.06,20,Debit Card
T000344,2024-08-02,C00374,P0073,3,78.69,15,Debit Card
T000345,2023-01-05,C00253,P0041,2,64.66,15,PayPal
T000346,2024-01-04,C00696,P0018,3,429.11,15,Cash
T000347,2024-04-01,C00794,P0046,3,107.47,15,Credit Card
T000348,2023-06-29,C00622,P0083,1,334.32,10,Debit Card
T000349,2024-07-05,C00270,P0026,1,122.23,0,Credit Card
T000350,2024-06-03,C00032,P0081,5,463.99,20,Cash
T000351,2024-08-27,C00929,P0028,1,439.42,20,PayPal
T000352,2024-07-10,C00484,P0070,2,330.19,10,Cash
T000353,2023-08-17,C00604,P0099,3,257.88,5,Cash
T000354,2024-05-28,C00093,P0066,4,292.34,10,Credit Card
T000355,2024-11-09,C00869,P0031,5,375.04,5,Debit Card
T000356,2024-04-01,C00184,P0021,5,140.82,20,Debit Card
T000357,2024-05-10,C00042,P0046,2,107.47,15,Debit Card
T000358,2023-03-06,C00379,P0034,2,259.67,0,Debit Card
T000359,2024-06-14,C00398,P0047,4,274.3,15,Credit Card
T000360,2023-02-10,C00332,P0084,1,155.39,20,PayPal
T000361,2023-09-27,C00558,P0075,5,405.93,5,Cash
T000362,2024-10-31,C00375,P0049,5,19.54,0,PayPal
T000363,2024-01-21,C00529,P0029,4,254.62,10,PayPal
T000364,2024-05-13,C00909,P0062,5,319.24,0,Debit Card
T000365,2024-03-26,C00236,P0022,1,44.99,20,PayPal
T000366,2023-08-05,C00192,P0020,2,89.7,10,Credit Card
T000367,2024-11-07,C00425,P0030,3,234.84,0,Cash
T000368,2024-11-22,C00491,P0062,2,319.24,20,Debit Card
T000369,2024-10-24,C00023,P0053,2,385.26,0,Debit Card
T000370,2024-08-10,C00165,P0076,2,34.79,20,Credit Card
T000371,2024-08-09,C00058,P0019,2,146.21,10,Debit Card
T000372,2024-06-13,C00614,P0052,5,409.85,0,PayPal
T000373,2023-03-29,C00460,P0028,5,439.42,15,Cash
T000374,2023-06-24,C00851,P0029,4,254.62,20,Debit Card
T000375,2024-08-19,C00187,P0099,5,257.88,20,PayPal
T000376,2023-06-21,C00703,P0093,3,266.16,15,Credit Card
T000377,2023-08-24,C00395,P0049,2,19.54,0,Credit Card
T000378,2023-07-27,C00881,P0067,5,405.67,15,Debit Card
T000379,2024-09-12,C00182,P0013,4,235.12,20,Credit Card
T000380,2024-06-28,C00771,P0065,1,74.83,0,Cash
T000381,2024-11-06,C00924,P0017,5,121.67,20,Credit Card
T000382,2024-11-25,C00442,P0084,5,155.39,15,PayPal
T000383,2023-02-14,C00543,P0090,4,207.85,5,Cash
T000384,2024-01-26,C00604,P0045,5,156.24,0,Cash
T000385,2023-05-18,C00489,P0033,2,187.38,0,PayPal
T000386,2024-09-04,C00419,P0070,3,330.19,5,Credit Card
T000387,2024-12-27,C00809,P0096,1,234.04,20,Credit Card
T000388,2024-06-16,C00385,P0001,2,64.55,10,Cash
T000389,2024-01-06,C00159,P0014,4,48.61,20,PayPal
T000390,2023-09-25,C00434,P0069,5,238.84,10,PayPal
T000391,2024-11-27,C00774,P0051,2,474.01,15,Cash
T000392,2023-07-03,C00573,P0048,5,460.06,15,PayPal
T000393,2023-11-11,C00353,P0074,4,132.41,5,Credit Card
T000394,2023-08-24,C00802,P0058,2,328.44,0,Debit Card
T000395,2024-06-04,C00805,P0052,3,409.85,20,Credit Card
T000396,2023-06-14,C00988,P0050,1,127.33,0,Debit Card
T000397,2024-04-27,C00446,P0077,1,484.81,0,PayPal
T000398,2023-08-16,C00082,P0048,5,460.06,0,Cash
T000399,2024-02-15,C00672,P0079,5,433.68,10,Credit Card
T000400,2023-06-29,C00507,P0082,4,217.27,0,Debit Card
T000401,2024-11-03,C00293,P0067,2,405.67,0,Debit Card
T000402,2024-09-21,C00691,P0022,1,44.99,10,Debit Card
T000403,2024-11-01,C01000,P0001,2,64.55,0,PayPal
T000404,2024-02-14,C00686,P0046,4,107.47,15,Debit Card
T000405,2024-06-14,C00755,P0002,1,119.37,0,PayPal
T000406,2024-07-26,C00357,P0075,3,405.93,10,Debit Card
T000407,2024-09-12,C00466,P0025,4,282.91,20,Credit Card
T000408,2023-09-25,C00417,P0023,5,367.27,0,Credit Card
T000409,2024-05-30,C00349,P0038,1,269.27,20,PayPal
T000410,2024-07-04,C00257,P0074,4,132.41,15,Cash
T000411,2023-09-07,C00348,P0097,4,14.56,15,Credit Card
T000412,2024-05-08,C00265,P0015,1,313.07,15,Debit Card
T000413,2024-11-24,C00236,P0090,3,207.85,15,PayPal
T000414,2024-06-12,C00010,P0069,3,238.84,5,PayPal
T000415,2023-04-06,C00690,P0052,3,409.85,0,Debit Card
T000416,2024-05-02,C00363,P0041,2,64.66,20,PayPal
T000417,2023-07-07,C00700,P0096,2,234.04,15,Debit Card
T000418,2023-08-29,C00248,P0095,3,203.94,5,Debit Card
T000419,2023-07-27,C00857,P0032,5,296.45,10,Debit Card
T000420,2023-04-20,C00943,P0016,1,104.22,15,Credit Card
T000421,2024-07-08,C00869,P0006,4,107.43,10,PayPal
T000422,2024-05-19,C00890,P0074,3,132.41,15,Debit Card
T000423,2024-06-07,C00408,P0036,2,398.12,20,Debit Card
T000424,2023-02-25,C00819,P0068,4,332.9,15,Credit Card
T000425,2024-05-29,C00404,P0045,2,156.24,15,Credit Card
T000426,2024-12-16,C00472,P0067,3,405.67,0,Credit Card
T000427,2024-11-21,C00389,P0027,5,206.57,0,PayPal
T000428,2024-01-06,C00883,P0079,3,433.68,5,PayPal
T000429,2023-08-31,C00483,P0035,5,431.94,10,PayPal
T000430,2023-07-08,C00435,P0064,2,146.45,15,PayPal
T000431,2024-01-09,C00287,P0052,4,409.85,5,Debit Card
T000432,2024-08-12,C00235,P0088,1,480.78,10,Debit Card
T000433,2024-07-22,C00877,P0056,4,465.17,5,Debit Card
T000434,2023-06-03,C00826,P0061,1,298.34,5,Cash
T000435,2024-05-26,C00915,P0018,5,429.11,20,PayPal
T000436,2024-05-13,C00257,P0039,5,343.34,20,Credit Card
T000437,2024-02-12,C00708,P0013,2,235.12,0,Debit Card
T000438,2023-09-18,C00860,P0061,1,298.34,15,PayPal
T000439,2023-09-24,C00369,P0047,5,274.3,20,PayPal
T000440,2023-12-19,C00422,P0003,1,372.93,10,Debit Card
T000441,2024-08-13,C00666,P0074,5,132.41,5,PayPal
T000442,2023-12-30,C00690,P0042,5,11.59,15,Cash
T000443,2023-03-22,C00629,P0049,3,19.54,15,Debit Card
T000444,2023-06-21,C00828,P0082,3,217.27,15,Cash
T000445,2023-03-15,C00166,P0011,3,55.45,5,PayPal
T000446,2023-11-21,C00299,P0084,3,155.39,20,Cash
T000447,2023-10-05,C00800,P0057,3,108.56,20,Cash
T000448,2024-02-28,C00189,P0022,1,44.99,5,Debit Card
T000449,2024-11-08,C00964,P0033,1,187.38,5,Debit Card
T000450,2024-02-11,C00098,P0014,1,48.61,15,Credit Card
T000451,2023-01-27,C00407,P0099,5,257.88,0,Credit Card
T000452,2023-09-26,C00160,P0080,1,195.7,15,PayPal
T000453,2023-08-23,C00756,P0032,3,296.45,15,Debit Card
T000454,2023-05-15,C00859,P0068,2,332.9,0,Credit Card
T000455,2024-11-10,C00882,P0046,3,107.47,15,Cash
T000456,2024-07-07,C00562,P0035,4,431.94,5,Debit Card
T000457,2024-08-28,C00468,P0077,5,484.81,15,PayPal
T000458,2023-12-22,C00553,P0062,2,319.24,0,Cash
T000459,2023-11-12,C00423,P0047,3,274.3,5,PayPal
T000460,2023-01-11,C00536,P0001,2,64.55,10,PayPal
T000461,2024-04-25,C00009,P0069,4,238.84,15,PayPal
T000462,2023-01-10,C00441,P0099,3,257.88,20,Debit Card
T000463,2023-01-08,C00383,P0071,2,207.28,15,Cash
T000464,2024-02-09,C00168,P0032,4,296.45,15,Debit Card
T000465,2023-09-27,C00433,P0011,2,55.45,20,PayPal
T000466,2023-10-19,C00761,P0084,5,155.39,10,Cash
T000467,2023-07-12,C00187,P0009,2,352.09,10,Credit Card
T000468,2024-10-14,C00633,P0059,4,231.23,10,Cash
T000469,2023-07-12,C00020,P0042,2,11.59,0,Credit Card
T000470,2023-07-10,C00289,P0014,3,48.61,5,Cash
T000471,2023-01-09,C00093,P0030,2,234.84,0,Cash
T000472,2023-08-11,C00431,P0044,3,258.76,15,PayPal
T000473,2024-04-19,C00811,P0090,1,207.85,10,Credit Card
T000474,2023-05-30,C00273,P0008,4,406.62,0,Cash
T000475,2023-07-05,C00918,P0025,3,282.91,15,Credit Card
T000476,2023-05-05,C00732,P0099,2,257.88,15,Cash
T000477,2023-09-11,C00035,P0095,2,203.94,15,Credit Card
T000478,2024-06-17,C00214,P0086,4,38.01,15,PayPal
T000479,2023-11-27,C00645,P0021,1,140.82,20,Credit Card
T000480,2023-09-17,C00654,P0062,3,319.24,5,PayPal
T000481,2023-02-23,C00224,P0086,1,38.01,5,Cash
T000482,2023-11-29,C00172,P0002,3,119.37,20,Credit Card
T000483,2024-02-10,C00010,P0032,1,296.45,20,Cash
T000484,2024-12-05,C00159,P0077,3,484.81,0,Debit Card
T000485,2023-06-11,C00094,P0064,5,146.45,10,Credit Card
T000486,2023-03-03,C00661,P0046,2,107.47,20,Credit Card
T000487,2023-05-09,C00239,P0063,3,431.22,20,PayPal
T000488,2024-03-25,C00198,P0094,1,338.17,15,PayPal
T000489,2023-05-18,C00921,P0033,1,187.38,15,Cash
T000490,2024-07-26,C00556,P0038,4,269.27,5,Debit Card
T000491,2024-07-10,C00332,P0045,4,156.24,10,Debit Card
T000492,2023-03-12,C00159,P0068,4,332.9,10,PayPal
T000493,2024-07-08,C00465,P0047,1,274.3,20,Cash
T000494,2023-07-09,C00635,P0003,3,372.93,20,Debit Card
T000495,2023-11-25,C00065,P0093,5,266.16,15,Debit Card
T000496,2024-06-20,C00510,P0088,5,480.78,5,PayPal
T000497,2023-11-27,C00657,P0053,3,385.26,0,Credit Card
T000498,2024-06-19,C00069,P0085,1,370.51,5,Debit Card
T000499,2023-02-02,C00110,P0026,4,122.23,5,Credit Card
T000500,2023-02-02,C00658,P0074,4,132.41,15,PayPal
T000501,2023-02-20,C00227,P0047,5,274.3,0,Credit Card
T000502,2023-08-02,C00504,P0084,1,155.39,15,Credit Card
T000503,2024-01-05,C00762,P0072,4,131.84,10,Credit Card
T000504,2024-09-23,C00542,P0035,1,431.94,0,PayPal
T000505,2023-03-21,C00984,P0028,5,439.42,0,Credit Card
T000506,2023-08-25,C00395,P0069,2,238.84,5,Debit Card
T000507,2024-08-06,C00971,P0081,2,463.99,20,Cash
T000508,2023-04-19,C00654,P0099,5,257.88,10,Cash
T000509,2024-12-20,C00438,P0086,1,38.01,5,Debit Card
T000510,2024-07-17,C00517,P0052,3,409.85,5,Cash
T000511,2023-12-27,C00564,P0041,3,64.66,10,Cash
T000512,2024-10-10,C00846,P0056,3,465.17,20,Debit Card
T000513,2024-07-30,C00220,P0070,4,330.19,20,PayPal
T000514,2024-01-04,C00459,P0058,4,328.44,0,Credit Card
T000515,2023-10-19,C00017,P0077,5,484.81,5,PayPal
T000516,2023-01-07,C00228,P0039,2,343.34,10,Credit Card
T000517,2024-12-07,C00942,P0036,5,398.12,20,Debit Card
T000518,2023-04-07,C00472,P0005,3,124.0,5,Debit Card
T000519,2023-09-29,C00911,P0047,5,274.3,5,Debit Card
T000520,2023-09-20,C00095,P0039,5,343.34,15,Debit Card
T000521,2023-03-21,C00333,P0093,4,266.16,5,Cash
T000522,2024-12-07,C00591,P0090,1,207.85,20,PayPal
T000523,2023-02-08,C00828,P0094,5,338.17,15,Credit Card
T000524,2023-02-27,C00343,P0099,3,257.88,15,Cash
T000525,2023-05-04,C00233,P0099,5,257.88,0,Cash
T000526,2023-02-25,C00537,P0040,1,377.93,10,Debit Card
T000527,2023-12-01,C00715,P0065,2,74.83,5,Credit Card
T000528,2024-11-20,C00403,P0094,4,338.17,20,Credit Card
T000529,2023-08-16,C00297,P0056,4,465.17,5,Debit Card
T000530,2023-12-11,C00488,P0011,5,55.45,0,Cash
T000531,2023-09-26,C00409,P0011,5,55.45,15,Debit Card
T000532,2023-05-19,C00573,P0062,2,319.24,15,Cash
T000533,2024-10-29,C00201,P0074,5,132.41,20,Debit Card
T000534,2023-09-06,C00273,P0010,4,115.5,10,Credit Card
T000535,2023-04-26,C00424,P0086,4,38.01,10,PayPal
T000536,2023-07-15,C00353,P0042,5,11.59,0,PayPal
T000537,2023-06-23,C00632,P0045,4,156.24,20,Debit Card
T000538,2024-03-27,C00947,P0006,2,107.43,5,PayPal
T000539,2023-06-09,C00746,P0097,1,14.56,0,Credit Card
T000540,2023-09-06,C00949,P0080,2,195.7,10,Credit Card
T000541,2023-12-18,C00824,P0089,1,43.58,10,Cash
T000542,2024-04-27,C00340,P0003,2,372.93,20,Debit Card
T000543,2023-07-28,C00536,P0070,3,330.19,20,Cash
T000544,2024-09-29,C00145,P0094,1,338.17,15,Credit Card
T000545,2023-09-19,C00062,P0022,3,44.99,5,PayPal
T000546,2023-02-24,C00671,P0060,1,175.66,0,Cash
T000547,2024-11-07,C00679,P0035,3,431.94,0,Credit Card
T000548,2023-10-27,C00396,P0084,2,155.39,15,Credit Card
T000549,2023-11-20,C00888,P0063,5,431.22,20,Credit Card
T000550,2023-07-10,C00513,P0026,4,122.23,20,Credit Card
T000551,2023-02-10,C00945,P0032,5,296.45,10,PayPal
T000552,2024-05-16,C00763,P0051,2,474.01,0,PayPal
T000553,2024-12-01,C00364,P0046,3,107.47,5,PayPal
T000554,2023-03-05,C00264,P0081,4,463.99,0,PayPal
T000555,2023-08-19,C00350,P0020,4,89.7,5,Credit Card
T000556,2024-01-27,C00984,P0067,5,405.67,5,Cash
T000557,2023-09-04,C00157,P0074,4,132.41,10,PayPal
T000558,2024-04-04,C00135,P0070,2,330.19,5,Debit Card
T000559,2023-05-22,C00706,P0040,5,377.93,5,Cash
T000560,2023-05-29,C00956,P0084,5,155.39,5,PayPal
T000561,2023-03-11,C00546,P0072,1,131.84,5,PayPal
T000562,2023-05-30,C00031,P0094,3,338.17,15,Cash
T000563,2023-11-07,C00764,P0057,3,108.56,5,Debit Card
T000564,2023-04-20,C00190,P0017,1,121.67,20,PayPal
T000565,2024-09-12,C00628,P0073,2,78.69,20,Debit Card
T000566,2023-08-25,C00027,P0088,3,480.78,0,Cash
T000567,2023-05-18,C00867,P0065,5,74.83,15,PayPal
T000568,2023-07-08,C00504,P0050,4,127.33,5,Debit Card
T000569,2023-07-17,C00034,P0029,4,254.62,0,PayPal
T000570,2024-02-27,C00761,P0029,2,254.62,5,Credit Card
T000571,2023-07-01,C00888,P0057,5,108.56,15,PayPal
T000572,2024-04-13,C00438,P0032,4,296.45,0,Cash
T000573,2023-11-17,C00627,P0051,5,474.01,20,Credit Card
T000574,2024-06-17,C00463,P0014,4,48.61,0,Debit Card
T000575,2024-06-15,C00406,P0069,1,238.84,20,Cash
T000576,2024-06-12,C00646,P0098,1,498.09,5,PayPal
T000577,2024-03-26,C00906,P0051,3,474.01,10,Cash
T000578,2023-06-20,C00302,P0055,5,437.49,0,Debit Card
T000579,2024-04-19,C00463,P0083,1,334.32,20,Credit Card
T000580,2023-07-04,C00600,P0100,5,441.62,5,Cash
T000581,2024-02-28,C00462,P0042,1,11.59,5,Cash
T000582,2024-08-27,C00918,P0092,2,50.17,15,Credit Card
T000583,2023-09-14,C00709,P0042,2,11.59,0,Credit Card
T000584,2023-04-27,C00461,P0091,3,130.65,0,Cash
T000585,2024-06-07,C00973,P0079,2,433.68,15,Cash
T000586,2023-02-14,C00175,P0099,3,257.88,20,Debit Card
T000587,2023-06-16,C00184,P0019,1,146.21,15,PayPal
T000588,2023-11-13,C00788,P0094,4,338.17,10,Debit Card
T000589,2023-05-01,C00984,P0017,2,121.67,0,PayPal
T000590,2023-01-13,C00510,P0059,4,231.23,20,Credit Card
T000591,2024-09-14,C00244,P0064,2,146.45,20,Cash
T000592,2024-04-09,C00453,P0053,1,385.26,20,Credit Card
T000593,2023-09-08,C00285,P0071,5,207.28,20,Debit Card
T000594,2023-02-20,C00152,P0024,1,142.27,10,Credit Card
T000595,2023-05-29,C00684,P0005,5,124.0,20,PayPal
T000596,2023-12-06,C00051,P0012,1,305.83,15,Debit Card
T000597,2023-06-15,C00292,P0087,5,460.5,20,Debit Card
T000598,2024-04-11,C00593,P0096,3,234.04,0,Credit Card
T000599,2023-11-03,C00378,P0042,4,11.59,0,Cash
T000600,2024-07-17,C00300,P0009,4,352.09,5,Credit Card
T000601,2024-12-12,C00338,P0036,5,398.12,15,Debit Card
T000602,2024-12-13,C00627,P0027,1,206.57,0,Credit Card
T000603,2024-05-10,C00706,P0093,5,266.16,10,Cash
T000604,2024-09-15,C00266,P0041,5,64.66,20,PayPal
T000605,2023-05-13,C00577,P0079,4,433.68,20,Cash
T000606,2024-05-19,C00905,P0024,5,142.27,5,PayPal
T000607,2023-07-18,C00122,P0001,1,64.55,15,Credit Card
T000608,2023-08-01,C00425,P0079,4,433.68,0,PayPal
T000609,2023-12-25,C00826,P0072,2,131.84,0,Debit Card
T000610,2024-12-07,C00261,P0037,1,198.54,10,PayPal
T000611,2024-06-02,C00332,P0071,1,207.28,0,PayPal
T000612,2023-12-16,C00742,P0051,5,474.01,20,Credit Card
T000613,2023-06-29,C00339,P0025,3,282.91,15,Cash
T000614,2023-02-06,C00140,P0083,4,334.32,5,Cash
T000615,2024-07-03,C00474,P0043,4,139.06,0,PayPal
T000616,2024-08-01,C00695,P0093,3,266.16,20,Credit Card
T000617,2023-08-02,C00702,P0074,3,132.41,10,Credit Card
T000618,2023-06-02,C00861,P0036,1,398.12,10,Cash
T000619,2024-10-03,C00863,P0069,2,238.84,20,Cash
T000620,2023-07-11,C00120,P0077,3,484.81,10,Credit Card
T000621,2023-10-06,C00089,P0053,4,385.26,5,PayPal
T000622,2024-04-07,C00222,P0039,5,343.34,10,Debit Card
T000623,2023-04-25,C00804,P0048,1,460.06,5,Credit Card
T000624,2024-03-30,C00026,P0065,4,74.83,20,Debit Card
T000625,2023-07-14,C00946,P0044,4,258.76,20,PayPal
T000626,2023-12-02,C00788,P0019,1,146.21,20,Debit Card
T000627,2023-07-30,C00038,P0093,4,266.16,15,Credit Card
T000628,2023-01-05,C00955,P0040,1,377.93,20,Credit Card
T000629,2023-12-08,C00911,P0060,1,175.66,0,PayPal
T000630,2023-01-24,C00777,P0074,3,132.41,5,PayPal
T000631,2023-07-25,C00294,P0025,3,282.91,20,PayPal
T000632,2024-03-27,C00121,P0086,3,38.01,5,Debit Card
T000633,2023-10-08,C00016,P0015,5,313.07,20,Credit Card
T000634,2023-07-31,C00359,P0070,5,330.19,10,PayPal
T000635,2023-05-25,C00824,P0091,3,130.65,20,Debit Card
T000636,2023-06-25,C00319,P0010,5,115.5,10,Cash
T000637,2023-02-21,C00030,P0017,4,121.67,0,Credit Card
T000638,2024-01-28,C00089,P0007,4,215.56,15,Debit Card
T000639,2024-12-22,C00913,P0077,5,484.81,15,PayPal
T000640,2023-11-16,C00838,P0043,2,139.06,20,Credit Card
T000641,2024-04-21,C00135,P0073,1,78.69,15,Credit Card
T000642,2024-04-11,C00701,P0040,4,377.93,15,Debit Card
T000643,2023-08-18,C00882,P0019,5,146.21,10,PayPal
T000644,2024-02-06,C00717,P0024,3,142.27,10,Cash
T000645,2024-05-14,C00067,P0004,4,216.74,0,PayPal
T000646,2024-05-05,C00867,P0060,2,175.66,10,PayPal
T000647,2024-09-10,C00131,P0074,5,132.41,0,Cash
T000648,2023-04-20,C00570,P0042,1,11.59,10,Cash
T000649,2024-02-15,C00424,P0076,2,34.79,20,Debit Card
T000650,2024-07-15,C00998,P0021,4,140.82,15,Credit Card
T000651,2023-12-15,C00834,P0027,5,206.57,15,Cash
T000652,2024-08-03,C00558,P0044,2,258.76,5,Credit Card
T000653,2024-12-29,C00857,P0074,4,132.41,0,Cash
T000654,2023-11-30,C00100,P0072,4,131.84,5,PayPal
T000655,2024-02-20,C00613,P0009,1,352.09,20,Cash
T000656,2023-12-02,C00661,P0064,1,146.45,0,Debit Card
T000657,2023-05-23,C00925,P0075,1,405.93,5,Debit Card
T000658,2024-04-08,C00299,P0069,4,238.84,20,Cash
T000659,2023-07-20,C00698,P0027,3,206.57,10,PayPal
T000660,2024-03-21,C00938,P0092,3,50.17,0,Credit Card
T000661,2024-09-18,C00414,P0066,2,292.34,10,Credit Card
T000662,2024-01-14,C00992,P0071,1,207.28,0,PayPal
T000663,2023-04-23,C00887,P0037,1,198.54,5,Cash
T000664,2024-12-20,C00404,P0076,3,34.79,15,Cash
T000665,2024-01-26,C00559,P0056,2,465.17,5,Cash
T000666,2023-05-23,C00569,P0025,4,282.91,10,Cash
T000667,2023-06-07,C00894,P0037,2,198.54,5,Credit Card
T000668,2023-03-15,C00017,P0083,2,334.32,15,Cash
T000669,2023-05-20,C00141,P0011,4,55.45,15,Cash
T000670,2024-09-30,C00466,P0024,5,142.27,15,Cash
T000671,2024-01-29,C00232,P0046,2,107.47,15,Credit Card
T000672,2024-08-14,C00868,P0064,2,146.45,20,PayPal
T000673,2024-02-25,C00591,P0070,3,330.19,0,Credit Card
T000674,2024-08-04,C00722,P0062,3,319.24,0,Cash
T000675,2024-12-08,C00146,P0011,5,55.45,10,Cash
T000676,2024-06-13,C00536,P0011,5,55.45,0,Debit Card
T000677,2024-04-28,C00760,P0081,1,463.99,20,PayPal
T000678,2024-09-19,C00926,P0007,3,215.56,20,Credit Card
T000679,2024-04-25,C00525,P0059,4,231.23,20,PayPal
T000680,2024-03-07,C00984,P0046,3,107.47,10,Debit Card
T000681,2023-02-06,C00946,P0089,5,43.58,10,PayPal
T000682,2023-03-04,C00485,P0081,5,463.99,5,Credit Card
T000683,2024-11-03,C00829,P0038,5,269.27,0,PayPal
T000684,2024-05-11,C00130,P0011,5,55.45,0,PayPal
T000685,2023-09-16,C00631,P0017,3,121.67,10,PayPal
T000686,2023-01-15,C00115,P0095,5,203.94,5,Debit Card
T000687,2024-11-05,C00379,P0058,2,328.44,10,Debit Card
T000688,2024-05-11,C00819,P0024,5,142.27,0,PayPal
T000689,2023-03-28,C00610,P0019,2,146.21,15,Cash
T000690,2024-01-28,C00677,P0031,4,375.04,5,Debit Card
T000691,2024-08-14,C00863,P0094,3,338.17,0,PayPal
T000692,2023-04-29,C00172,P0007,4,215.56,15,Cash
T000693,2023-11-05,C00765,P0061,5,298.34,5,Cash
T000694,2024-11-30,C00400,P0091,4,130.65,10,Debit Card
T000695,2024-06-27,C00013,P0056,3,465.17,15,Cash
T000696,2024-11-25,C00985,P0041,5,64.66,0,Credit Card
T000697,2024-06-28,C00363,P0082,4,217.27,20,PayPal
T000698,2023-12-10,C00274,P0035,1,431.94,10,Cash
T000699,2024-04-17,C00692,P0099,2,257.88,20,Debit Card
T000700,2024-06-16,C00694,P0044,2,258.76,10,Credit Card
T000701,2024-11-19,C00852,P0002,1,119.37,0,Cash
T000702,2023-04-11,C00107,P0068,4,332.9,10,Debit Card
T000703,2023-10-18,C00198,P0033,1,187.38,0,Credit Card
T000704,2023-02-28,C00673,P0077,2,484.81,20,Credit Card
T000705,2024-12-26,C00089,P0016,5,104.22,5,Cash
T000706,2024-11-03,C00922,P0098,5,498.09,5,Credit Card
T000707,2024-12-13,C00260,P0024,3,142.27,15,Credit Card
T000708,2024-10-16,C00945,P0059,3,231.23,15,PayPal
T000709,2023-09-21,C00800,P0021,1,140.82,10,Credit Card
T000710,2024-01-27,C00341,P0050,1,127.33,10,PayPal
T000711,2023-07-02,C00072,P0057,4,108.56,5,Cash
T000712,2023-07-02,C00504,P0083,1,334.32,5,Cash
T000713,2023-08-12,C00659,P0079,1,433.68,15,PayPal
T000714,2023-04-16,C00075,P0005,1,124.0,20,PayPal
T000715,2024-04-01,C00919,P0003,4,372.93,5,Credit Card
T000716,2023-02-08,C00400,P0086,3,38.01,5,PayPal
T000717,2024-02-05,C00004,P0074,5,132.41,15,Cash
T000718,2024-03-22,C00865,P0052,1,409.85,20,Debit Card
T000719,2023-01-04,C00978,P0050,4,127.33,0,PayPal
T000720,2023-12-08,C00311,P0088,4,480.78,0,Credit Card
T000721,2024-01-10,C00874,P0069,3,238.84,0,Cash
T000722,2023-10-24,C00208,P0083,2,334.32,20,Credit Card
T000723,2024-01-29,C00196,P0085,3,370.51,15,Credit Card
T000724,2024-10-07,C00368,P0089,4,43.58,0,Cash
T000725,2023-07-14,C00037,P0018,2,429.11,0,Debit Card
T000726,2024-05-15,C00065,P0050,5,127.33,10,Cash
T000727,2024-06-30,C00990,P0058,1,328.44,0,PayPal
T000728,2023-02-27,C00807,P0044,1,258.76,15,Credit Card
T000729,2023-08-05,C00684,P0084,5,155.39,15,Debit Card
T000730,2024-08-16,C00948,P0030,1,234.84,0,Debit Card
T000731,2024-05-15,C00020,P0084,4,155.39,20,Credit Card
T000732,2023-09-06,C00665,P0090,2,207.85,0,Debit Card
T000733,2024-10-09,C00927,P0007,3,215.56,0,Cash
T000734,2024-09-17,C00856,P0022,5,44.99,0,Credit Card
T000735,2023-04-27,C00610,P0064,5,146.45,5,Credit Card
T000736,2023-07-27,C00346,P0055,4,437.49,10,Credit Card
T000737,2024-12-01,C00559,P0074,2,132.41,10,Debit Card
T000738,2023-02-16,C00178,P0076,3,34.79,0,Credit Card
T000739,2023-10-08,C00776,P0019,4,146.21,5,PayPal
T000740,2024-07-20,C00450,P0022,2,44.99,20,Credit Card
T000741,2023-05-17,C00811,P0013,5,235.12,15,Debit Card
T000742,2023-01-17,C00083,P0063,1,431.22,0,Debit Card
T000743,2023-04-02,C00668,P0091,5,130.65,10,Cash
T000744,2024-12-11,C00488,P0099,2,257.88,5,Debit Card
T000745,2024-10-17,C00536,P0035,4,431.94,15,Debit Card
T000746,2023-06-28,C00709,P0079,1,433.68,20,Debit Card
T000747,2024-05-26,C00974,P0079,1,433.68,10,PayPal
T000748,2024-03-04,C00572,P0001,2,64.55,5,Credit Card
T000749,2024-06-26,C00634,P0013,3,235.12,20,Debit Card
T000750,2024-04-20,C00642,P0099,2,257.88,10,Credit Card
T000751,2023-07-18,C00816,P0015,2,313.07,15,Cash
T000752,2023-06-30,C00687,P0021,1,140.82,0,PayPal
T000753,2023-10-19,C00446,P0027,3,206.57,10,Cash
T000754,2023-02-14,C00759,P0014,1,48.61,20,Debit Card
T000755,2023-06-11,C00497,P0004,5,216.74,0,Credit Card
T000756,2023-08-29,C00456,P0093,5,266.16,20,PayPal
T000757,2024-03-05,C00766,P0026,3,122.23,5,Credit Card
T000758,2023-11-30,C00101,P0030,2,234.84,15,Debit Card
T000759,2024-01-20,C00076,P0029,4,254.62,20,Cash
T000760,2023-02-25,C00149,P0056,2,465.17,20,Cash
T000761,2023-07-02,C00383,P0050,2,127.33,15,Debit Card
T000762,2024-10-09,C00999,P0046,3,107.47,5,PayPal
T000763,2023-05-11,C00709,P0005,5,124.0,0,PayPal
T000764,2023-05-20,C00873,P0015,4,313.07,15,Cash
T000765,2023-06-25,C00352,P0098,2,498.09,10,Debit Card
T000766,2024-10-15,C00928,P0079,2,433.68,20,Debit Card
T000767,2023-03-30,C00878,P0053,5,385.26,15,Debit Card
T000768,2024-08-28,C00858,P0061,4,298.34,10,Credit Card
T000769,2024-03-14,C00894,P0095,2,203.94,5,PayPal
T000770,2024-03-20,C00228,P0075,5,405.93,5,Credit Card
T000771,2024-03-03,C00042,P0006,4,107.43,20,Credit Card
T000772,2024-03-11,C00404,P0068,4,332.9,0,Cash
T000773,2024-05-22,C00086,P0031,5,375.04,0,Cash
T000774,2023-08-12,C00368,P0017,3,121.67,5,Credit Card
T000775,2023-01-17,C00686,P0062,3,319.24,5,Cash
T000776,2024-08-07,C00598,P0096,1,234.04,15,Cash
T000777,2023-05-22,C00416,P0091,2,130.65,10,Cash
T000778,2024-12-21,C00002,P0082,1,217.27,15,PayPal
T000779,2024-06-27,C00304,P0005,4,124.0,10,Debit Card
T000780,2024-12-02,C00636,P0011,3,55.45,0,PayPal
T000781,2023-02-22,C00393,P0015,3,313.07,15,Credit Card
T000782,2024-01-10,C00180,P0047,5,274.3,0,Debit Card
T000783,2023-05-22,C00245,P0043,5,139.06,0,Cash
T000784,2024-08-17,C00215,P0090,2,207.85,10,PayPal
T000785,2023-10-01,C00697,P0065,4,74.83,10,Credit Card
T000786,2023-03-06,C00354,P0048,4,460.06,15,Credit Card
T000787,2024-04-26,C00545,P0091,5,130.65,10,Cash
T000788,2024-09-27,C00820,P0048,1,460.06,5,Cash
T000789,2023-03-31,C00401,P0011,2,55.45,10,Credit Card
T000790,2023-04-22,C00283,P0022,1,44.99,5,Cash
T000791,2023-06-04,C00534,P0027,1,206.57,10,Cash
T000792,2024-11-29,C00955,P0070,2,330.19,15,PayPal
T000793,2024-03-06,C00756,P0057,1,108.56,10,Debit Card
T000794,2023-03-06,C00893,P0003,2,372.93,20,PayPal
T000795,2024-02-26,C00352,P0075,3,405.93,15,Cash
T000796,2024-04-13,C00581,P0039,2,343.34,10,Debit Card
T000797,2023-09-24,C00496,P0030,3,234.84,10,Credit Card
T000798,2023-06-01,C00292,P0046,4,107.47,5,Debit Card
T000799,2024-12-29,C00293,P0069,2,238.84,5,Debit Card
T000800,2023-06-15,C00120,P0031,1,375.04,10,Debit Card
T000801,2024-03-27,C00379,P0034,2,259.67,5,Credit Card
T000802,2024-11-12,C00353,P0041,2,64.66,10,Cash
T000803,2024-07-06,C00547,P0021,3,140.82,0,Credit Card
T000804,2024-02-19,C00787,P0064,2,146.45,15,PayPal
T000805,2023-06-09,C00994,P0001,5,64.55,20,PayPal
T000806,2024-10-24,C00303,P0091,4,130.65,10,Debit Card
T000807,2024-08-01,C00929,P0094,4,338.17,10,Credit Card
T000808,2024-05-05,C00143,P0006,5,107.43,0,PayPal
T000809,2023-01-26,C00633,P0052,2,409.85,15,PayPal
T000810,2023-04-05,C00057,P0042,5,11.59,5,Debit Card
T000811,2023-10-12,C00024,P0026,1,122.23,20,Cash
T000812,2024-11-24,C00981,P0086,1,38.01,20,Cash
T000813,2023-07-19,C00326,P0063,5,431.22,20,Credit Card
T000814,2024-11-13,C00408,P0047,2,274.3,15,PayPal
T000815,2024-01-31,C00013,P0048,3,460.06,10,PayPal
T000816,2023-11-12,C00896,P0058,5,328.44,0,Debit Card
T000817,2024-03-30,C00426,P0095,4,203.94,10,Debit Card
T000818,2024-03-10,C00918,P0094,4,338.17,5,Credit Card
T000819,2023-05-28,C00311,P0027,4,206.57,20,PayPal
T000820,2023-03-09,C00775,P0076,4,34.79,0,Credit Card
T000821,2024-02-24,C00937,P0082,3,217.27,15,Debit Card
T000822,2024-07-23,C00728,P0060,5,175.66,5,Debit Card
T000823,2023-07-10,C00297,P0049,5,19.54,15,Credit Card
T000824,2023-11-06,C00312,P0075,4,405.93,20,Cash
T000825,2023-08-18,C00811,P0004,1,216.74,5,PayPal
T000826,2023-11-04,C00855,P0082,4,217.27,0,PayPal
T000827,2024-03-03,C00504,P0023,2,367.27,0,Credit Card
T000828,2023-10-11,C00994,P0064,1,146.45,20,PayPal
T000829,2024-08-18,C00580,P0062,4,319.24,10,Cash
T000830,2024-12-11,C00383,P0016,5,104.22,20,Credit Card
T000831,2023-09-23,C00596,P0021,1,140.82,5,PayPal
T000832,2024-04-17,C00139,P0089,3,43.58,5,Credit Card
T000833,2023-10-07,C00430,P0047,3,274.3,0,PayPal
T000834,2023-10-26,C00655,P0068,1,332.9,20,Debit Card
T000835,2024-10-05,C00784,P0024,1,142.27,20,Debit Card
T000836,2024-07-10,C00894,P0042,3,11.59,10,PayPal
T000837,2024-12-02,C00705,P0090,3,207.85,0,PayPal
T000838,2023-05-28,C00141,P0002,5,119.37,10,PayPal
T000839,2024-05-11,C00349,P0053,2,385.26,0,Debit Card
T000840,2023-06-08,C00227,P0065,2,74.83,20,Credit Card
T000841,2024-03-03,C00939,P0059,1,231.23,0,Debit Card
T000842,2023-01-18,C00357,P0062,3,319.24,10,Debit Card
T000843,2024-03-28,C00536,P0077,3,484.81,5,PayPal
T000844,2023-01-30,C00835,P0096,1,234.04,5,Debit Card
T000845,2024-12-11,C00705,P0019,2,146.21,10,Debit Card
T000846,2023-08-03,C00081,P0017,4,121.67,0,Credit Card
T000847,2023-01-20,C00496,P0100,4,441.62,0,Debit Card
T000848,2023-04-21,C00813,P0005,5,124.0,20,Credit Card
T000849,2024-04-25,C00931,P0016,3,104.22,0,Credit Card
T000850,2023-11-05,C00011,P0086,1,38.01,0,Debit Card
T000851,2024-08-24,C00190,P0026,3,122.23,0,Credit Card
T000852,2023-05-30,C00965,P0096,3,234.04,20,PayPal
T000853,2023-12-27,C00876,P0021,5,140.82,20,Debit Card
T000854,2024-06-01,C00070,P0073,1,78.69,20,Credit Card
T000855,2024-06-25,C00733,P0028,2,439.42,10,Debit Card
T000856,2024-07-04,C00997,P0001,1,64.55,5,Cash
T000857,2024-01-11,C00604,P0090,2,207.85,15,Credit Card
T000858,2023-07-05,C00389,P0046,4,107.47,5,Debit Card
T000859,2024-02-22,C00780,P0015,3,313.07,0,Cash
T000860,2023-04-23,C00140,P0067,4,405.67,10,PayPal
T000861,2024-07-24,C00042,P0093,1,266.16,10,Cash
T000862,2023-04-29,C00291,P0050,4,127.33,20,PayPal
T000863,2024-12-04,C00232,P0057,5,108.56,15,PayPal
T000864,2024-03-14,C00878,P0025,1,282.91,15,PayPal
T000865,2023-07-03,C00691,P0002,4,119.37,0,Cash
T000866,2024-03-24,C00675,P0067,1,405.67,0,Debit Card
T000867,2024-02-09,C00712,P0052,5,409.85,0,Debit Card
T000868,2023-03-08,C00999,P0047,2,274.3,10,Debit Card
T000869,2024-09-01,C00126,P0052,2,409.85,15,Cash
T000870,2023-10-13,C00731,P0098,5,498.09,20,PayPal
T000871,2024-10-21,C00365,P0052,4,409.85,20,Cash
T000872,2024-05-11,C00286,P0066,2,292.34,15,Credit Card
T000873,2023-05-06,C00502,P0033,4,187.38,5,Debit Card
T000874,2023-01-31,C00756,P0013,1,235.12,0,Cash
T000875,2024-11-25,C00996,P0004,2,216.74,15,PayPal
T000876,2023-06-06,C00637,P0039,5,343.34,0,Credit Card
T000877,2024-11-07,C00533,P0097,4,14.56,15,Debit Card
T000878,2023-10-28,C00510,P0085,4,370.51,20,PayPal
T000879,2024-07-09,C00829,P0044,5,258.76,20,Credit Card
T000880,2023-02-02,C00902,P0056,1,465.17,15,Cash
T000881,2023-11-19,C00454,P0049,4,19.54,0,Credit Card
T000882,2023-07-01,C00676,P0072,3,131.84,5,Cash
T000883,2024-03-17,C00320,P0018,4,429.11,15,Credit Card
T000884,2024-08-05,C00503,P0087,5,460.5,20,Cash
T000885,2024-05-02,C00875,P0072,2,131.84,20,Credit Card
T000886,2024-02-05,C00507,P0034,5,259.67,15,PayPal
T000887,2023-10-19,C00063,P0042,1,11.59,20,Credit Card
T000888,2023-05-12,C00358,P0047,5,274.3,0,PayPal
T000889,2024-01-25,C00439,P0013,3,235.12,10,Cash
T000890,2023-12-26,C00678,P0008,2,406.62,5,Debit Card
T000891,2024-10-25,C00607,P0040,1,377.93,0,PayPal
T000892,2023-04-28,C00174,P0044,1,258.76,20,PayPal
T000893,2023-02-08,C00674,P0059,4,231.23,20,Cash
T000894,2023-10-01,C00713,P0003,4,372.93,20,Credit Card
T000895,2023-11-21,C00585,P0049,4,19.54,10,Credit Card
T000896,2024-05-15,C00708,P0013,2,235.12,10,Cash
T000897,2024-05-29,C00684,P0098,3,498.09,5,PayPal
T000898,2024-01-08,C00207,P0056,4,465.17,0,Debit Card
T000899,2023-10-22,C00049,P0034,3,259.67,20,Cash
T000900,2023-08-20,C00761,P0080,1,195.7,20,Credit Card
T000901,2024-08-29,C00280,P0044,1,258.76,20,Cash
T000902,2024-03-13,C00356,P0027,1,206.57,10,PayPal
T000903,2024-03-19,C00553,P0085,3,370.51,5,Cash
T000904,2024-02-16,C00640,P0033,5,187.38,15,Debit Card
T000905,2023-01-20,C00721,P0081,5,463.99,5,Cash
T000906,2023-08-07,C00986,P0085,4,370.51,10,Cash
T000907,2024-08-02,C00642,P0094,1,338.17,20,Debit Card
T000908,2024-01-09,C00152,P0060,2,175.66,5,PayPal
T000909,2024-03-21,C00327,P0053,1,385.26,5,Cash
T000910,2023-10-01,C00662,P0037,2,198.54,10,Debit Card
T000911,2024-02-20,C00117,P0031,2,375.04,5,Credit Card
T000912,2023-09-09,C00476,P0040,4,377.93,20,Cash
T000913,2024-03-08,C00928,P0083,1,334.32,5,Debit Card
T000914,2023-10-07,C00030,P0018,3,429.11,10,Debit Card
T000915,2024-10-21,C00987,P0006,4,107.43,0,Credit Card
T000916,2023-03-27,C00617,P0041,3,64.66,0,Cash
T000917,2024-01-08,C00674,P0086,1,38.01,15,Debit Card
T000918,2023-08-30,C00585,P0015,5,313.07,0,PayPal
T000919,2024-05-23,C00244,P0012,5,305.83,0,PayPal
T000920,2023-12-04,C00755,P0075,4,405.93,5,Cash
T000921,2023-08-12,C00110,P0019,2,146.21,5,PayPal
T000922,2024-03-26,C00261,P0053,5,385.26,0,Cash
T000923,2024-06-30,C00717,P0048,1,460.06,10,Cash
T000924,2024-05-01,C00253,P0088,3,480.78,5,PayPal
T000925,2024-05-01,C00377,P0092,3,50.17,0,Credit Card
T000926,2024-11-09,C00708,P0007,2,215.56,10,Cash
T000927,2023-11-13,C00982,P0082,3,217.27,0,Debit Card
T000928,2024-03-29,C00009,P0050,4,127.33,10,PayPal
T000929,2023-04-03,C00242,P0097,3,14.56,5,Debit Card
T000930,2024-03-25,C00325,P0081,4,463.99,0,PayPal
T000931,2023-03-24,C00964,P0100,4,441.62,15,Cash
T000932,2023-12-07,C00433,P0092,1,50.17,5,PayPal
T000933,2024-06-02,C00361,P0009,4,352.09,20,PayPal
T000934,2024-04-09,C00029,P0089,1,43.58,5,Cash
T000935,2024-10-18,C00004,P0018,4,429.11,5,PayPal
T000936,2023-11-18,C00085,P0074,1,132.41,5,Debit Card
T000937,2024-06-12,C00993,P0092,2,50.17,20,Cash
T000938,2023-11-24,C00490,P0058,2,328.44,10,Debit Card
T000939,2024-12-04,C00847,P0076,3,34.79,10,Debit Card
T000940,2023-03-28,C00377,P0054,2,473.96,15,Cash
T000941,2024-08-07,C00022,P0029,1,254.62,20,Debit Card
T000942,2023-04-02,C00204,P0060,3,175.66,5,Credit Card
T000943,2024-02-15,C00440,P0080,5,195.7,10,Debit Card
T000944,2023-04-02,C00175,P0048,5,460.06,0,Credit Card
T000945,2024-06-22,C00792,P0056,4,465.17,15,Credit Card
T000946,2023-08-18,C00209,P0092,2,50.17,10,PayPal
T000947,2024-05-21,C00134,P0049,4,19.54,5,Debit Card
T000948,2023-10-17,C00694,P0094,2,338.17,15,Debit Card
T000949,2024-02-23,C00030,P0019,3,146.21,10,Debit Card
T000950,2024-09-24,C00930,P0058,2,328.44,10,Cash
T000951,2023-03-29,C00481,P0002,2,119.37,10,Cash
T000952,2024-12-04,C00731,P0028,4,439.42,15,PayPal
T000953,2023-03-16,C00571,P0013,1,235.12,0,PayPal
T000954,2023-08-29,C00931,P0061,3,298.34,20,Credit Card
T000955,2023-01-06,C00517,P0033,5,187.38,15,PayPal
T000956,2024-02-09,C00380,P0086,2,38.01,20,Credit Card
T000957,2024-08-17,C00267,P0023,2,367.27,20,Cash
T000958,2023-12-14,C00136,P0060,1,175.66,10,Cash
T000959,2023-05-26,C00120,P0034,3,259.67,0,Debit Card
T000960,2024-05-26,C00766,P0036,3,398.12,15,PayPal
T000961,2023-09-27,C00850,P0079,3,433.68,20,PayPal
T000962,2024-03-22,C00324,P0022,4,44.99,5,Cash
T000963,2023-02-24,C00153,P0025,1,282.91,5,Debit Card
T000964,2023-02-06,C00267,P0061,2,298.34,15,Cash
T000965,2023-04-29,C00042,P0064,4,146.45,10,Cash
T000966,2024-04-13,C00116,P0064,2,146.45,0,PayPal
T000967,2023-04-06,C00890,P0027,3,206.57,5,Debit Card
T000968,2024-06-04,C00577,P0035,5,431.94,5,Credit Card
T000969,2024-06-22,C00585,P0099,2,257.88,15,Credit Card
T000970,2023-09-10,C00511,P0099,1,257.88,10,Credit Card
T000971,2023-10-19,C00697,P0088,1,480.78,15,PayPal
T000972,2024-08-27,C00858,P0014,3,48.61,5,Credit Card
T000973,2023-03-25,C00851,P0059,4,231.23,15,PayPal
T000974,2024-08-31,C00006,P0085,3,370.51,0,Cash
T000975,2023-11-29,C00752,P0094,5,338.17,5,Debit Card
T000976,2023-02-19,C00290,P0083,3,334.32,0,Credit Card
T000977,2024-07-14,C00391,P0078,1,91.49,15,PayPal
T000978,2023-07-02,C00989,P0031,4,375.04,0,Credit Card
T000979,2023-08-02,C00398,P0021,4,140.82,10,Debit Card
T000980,2023-05-04,C00503,P0039,4,343.34,10,Debit Card
T000981,2024-01-03,C00099,P0086,3,38.01,20,Debit Card
T000982,2024-05-16,C00907,P0058,4,328.44,15,PayPal
T000983,2024-07-30,C00434,P0077,1,484.81,15,PayPal
T000984,2024-09-20,C00445,P0024,4,142.27,0,Credit Card
T000985,2024-06-09,C00997,P0044,4,258.76,5,Debit Card
T000986,2024-05-22,C00645,P0068,5,332.9,0,PayPal
T000987,2024-04-24,C00082,P0056,4,465.17,10,Debit Card
T000988,2023-05-11,C00925,P0088,3,480.78,5,Cash
T000989,2023-10-30,C00049,P0073,5,78.69,0,Credit Card
T000990,2024-06-09,C00523,P0014,4,48.61,15,Credit Card
T000991,2024-04-20,C00738,P0085,5,370.51,10,PayPal
T000992,2023-09-18,C00084,P0075,5,405.93,0,Credit Card
T000993,2024-11-08,C00184,P0060,2,175.66,15,Credit Card
T000994,2023-03-27,C00898,P0054,3,473.96,10,Cash
T000995,2024-11-17,C00639,P0058,3,328.44,10,Debit Card
T000996,2023-08-05,C00081,P0024,5,142.27,10,Credit Card
T000997,2024-03-20,C00019,P0069,1,238.84,15,Credit Card
T000998,2023-01-14,C00672,P0022,4,44.99,15,Cash
T000999,2024-11-04,C00617,P0096,4,234.04,10,PayPal
T001000,2024-12-08,C00987,P0087,4,460.5,10,Credit Card
T001001,2023-05-09,C00015,P0018,2,429.11,0,Credit Card
T001002,2024-12-13,C00880,P0025,1,282.91,5,Cash
T001003,2024-10-26,C00666,P0019,2,146.21,15,Debit Card
T001004,2023-03-30,C00789,P0039,4,343.34,5,Cash
T001005,2024-03-08,C00120,P0003,2,372.93,5,Cash
T001006,2024-05-11,C00021,P0061,4,298.34,20,Debit Card
T001007,2023-07-26,C00584,P0038,4,269.27,0,PayPal
T001008,2023-01-09,C00646,P0014,4,48.61,15,Cash
T001009,2024-08-15,C00749,P0077,5,484.81,10,Credit Card
T001010,2024-05-14,C00498,P0052,5,409.85,20,Cash
T001011,2023-08-26,C00063,P0092,5,50.17,0,Cash
T001012,2024-08-13,C00567,P0041,1,64.66,10,Cash
T001013,2024-04-29,C00507,P0015,5,313.07,10,Cash
T001014,2024-12-15,C00022,P0056,2,465.17,10,Debit Card
T001015,2024-04-25,C00449,P0045,2,156.24,20,Debit Card
T001016,2024-08-24,C00348,P0088,5,480.78,15,Debit Card
T001017,2023-10-28,C00729,P0093,4,266.16,15,PayPal
T001018,2024-04-28,C00637,P0021,2,140.82,10,Credit Card
T001019,2024-11-14,C00133,P0062,2,319.24,5,Debit Card
T001020,2024-09-12,C00104,P0063,4,431.22,15,PayPal
T001021,2023-08-29,C00571,P0027,1,206.57,0,PayPal
T001022,2023-09-25,C00694,P0046,2,107.47,5,Credit Card
T001023,2023-03-07,C00441,P0044,1,258.76,20,Debit Card
T001024,2023-05-04,C00230,P0072,4,131.84,10,PayPal
T001025,2023-12-30,C00048,P0099,5,257.88,10,Debit Card
T001026,2024-12-07,C00619,P0066,1,292.34,0,Cash
T001027,2024-04-13,C00114,P0097,1,14.56,20,Credit Card
T001028,2024-07-29,C00520,P0006,1,107.43,5,Credit Card
T001029,2023-07-30,C00161,P0047,3,274.3,15,Cash
T001030,2023-04-12,C00663,P0020,3,89.7,10,Debit Card
T001031,2023-05-06,C00450,P0026,4,122.23,0,Debit Card
T001032,2024-04-30,C00294,P0044,5,258.76,5,Credit Card
T001033,2023-09-30,C00733,P0048,4,460.06,10,Debit Card
T001034,2023-06-05,C00772,P0097,5,14.56,15,Debit Card
T001035,2023-05-22,C00424,P0055,4,437.49,15,PayPal
T001036,2023-01-31,C00150,P0057,1,108.56,20,Credit Card
T001037,2023-03-28,C00323,P0044,4,258.76,5,Cash
T001038,2023-03-04,C00778,P0051,1,474.01,5,Credit Card
T001039,2024-10-08,C00819,P0092,5,50.17,10,Cash
T001040,2024-02-16,C00718,P0088,5,480.78,10,PayPal
T001041,2023-12-19,C00847,P0002,3,119.37,20,Debit Card
T001042,2024-12-18,C00457,P0052,2,409.85,20,Cash
T001043,2024-12-15,C00909,P0045,4,156.24,5,PayPal
T001044,2023-03-28,C00551,P0005,3,124.0,15,Debit Card
T001045,2024-06-16,C00291,P0070,2,330.19,0,PayPal
T001046,2024-06-17,C00776,P0044,2,258.76,0,Credit Card
T001047,2024-07-06,C00265,P0076,2,34.79,10,Cash
T001048,2024-06-01,C00750,P0015,1,313.07,10,PayPal
T001049,2024-10-04,C00363,P0065,1,74.83,0,Credit Card
T001050,2024-04-04,C00587,P0039,1,343.34,15,PayPal
T001051,2023-08-30,C00596,P0096,5,234.04,20,Debit Card
T001052,2023-12-25,C00292,P0039,5,343.34,5,Cash
T001053,2024-06-16,C00254,P0095,1,203.94,10,Debit Card
T001054,2024-01-05,C00101,P0059,2,231.23,15,Cash
T001055,2023-03-25,C00064,P0012,4,305.83,5,Cash
T001056,2023-08-08,C00080,P0058,3,328.44,20,Cash
T001057,2024-08-25,C00532,P0072,4,131.84,10,Cash
T001058,2024-10-13,C00451,P0055,4,437.49,15,Debit Card
T001059,2023-05-28,C00131,P0065,4,74.83,15,Debit Card
T001060,2024-12-22,C00884,P0066,5,292.34,0,Debit Card
T001061,2024-04-11,C00034,P0061,2,298.34,20,PayPal
T001062,2023-05-02,C00873,P0078,4,91.49,0,Credit Card
T001063,2024-01-14,C00297,P0074,1,132.41,20,Debit Card
T001064,2023-05-01,C00313,P0048,3,460.06,10,PayPal
T001065,2024-05-12,C00811,P0004,2,216.74,5,Cash
T001066,2023-02-19,C00911,P0040,3,377.93,5,Debit Card
T001067,2024-05-15,C00126,P0001,5,64.55,10,Credit Card
T001068,2023-02-15,C00493,P0054,5,473.96,10,Cash
T001069,2023-12-12,C00487,P0049,5,19.54,5,Debit Card
T001070,2024-05-31,C00472,P0082,4,217.27,15,Debit Card
T001071,2023-11-30,C00820,P0012,5,305.83,20,Cash
T001072,2024-02-01,C00922,P0030,4,234.84,10,Credit Card
T001073,2024-11-17,C00754,P0057,3,108.56,0,Debit Card
T001074,2024-12-25,C00586,P0004,3,216.74,20,Credit Card
T001075,2024-10-21,C00088,P0072,2,131.84,20,Credit Card
T001076,2024-08-06,C00194,P0067,4,405.67,20,Credit Card
T001077,2023-05-04,C00959,P0085,5,370.51,5,Credit Card
T001078,2023-10-09,C00252,P0027,5,206.57,15,Credit Card
T001079,2024-06-30,C00329,P0078,4,91.49,20,Credit Card
T001080,2024-05-18,C00349,P0003,4,372.93,5,Cash
T001081,2023-01-25,C00325,P0068,4,332.9,10,Credit Card
T001082,2023-04-28,C00555,P0013,2,235.12,10,Debit Card
T001083,2023-07-07,C00787,P0033,1,187.38,5,PayPal
T001084,2024-02-22,C00174,P0087,1,460.5,20,PayPal
T001085,2023-07-05,C00731,P0004,1,216.74,10,Cash
T001086,2023-04-12,C00146,P0041,4,64.66,10,PayPal
T001087,2024-01-20,C00054,P0016,2,104.22,5,Debit Card
T001088,2024-05-19,C00771,P0066,5,292.34,15,Credit Card
T001089,2023-10-03,C00326,P0008,4,406.62,20,Cash
T001090,2023-03-09,C00030,P0062,4,319.24,5,Credit Card
T001091,2023-10-03,C00987,P0071,5,207.28,0,Debit Card
T001092,2024-07-22,C00805,P0084,2,155.39,10,Cash
T001093,2024-04-01,C00867,P0011,5,55.45,5,Debit Card
T001094,2024-01-18,C00173,P0070,2,330.19,20,Cash
T001095,2024-07-22,C00043,P0058,1,328.44,15,PayPal
T001096,2024-10-30,C00001,P0022,1,44.99,15,PayPal
T001097,2024-09-04,C00860,P0033,4,187.38,10,Debit Card
T001098,2024-08-22,C00289,P0066,1,292.34,5,Credit Card
T001099,2023-11-04,C00405,P0012,1,305.83,5,PayPal
T001100,2024-03-18,C00626,P0027,5,206.57,10,PayPal
T001101,2024-10-12,C00771,P0034,4,259.67,10,Debit Card
T001102,2024-11-09,C00350,P0042,2,11.59,15,PayPal
T001103,2023-01-17,C00137,P0089,1,43.58,20,Cash
T001104,2023-01-05,C00689,P0002,2,119.37,15,Cash
T001105,2024-02-07,C00084,P0069,1,238.84,20,Credit Card
T001106,2024-11-18,C00689,P0057,1,108.56,10,Cash
T001107,2024-09-07,C00397,P0046,2,107.47,0,Credit Card
T001108,2024-04-18,C00959,P0048,2,460.06,15,Credit Card
T001109,2023-08-15,C00021,P0096,3,234.04,10,Debit Card
T001110,2023-04-03,C00641,P0079,3,433.68,5,Debit Card
T001111,2024-05-20,C00038,P0047,3,274.3,15,Debit Card
T001112,2023-01-08,C00841,P0026,4,122.23,0,PayPal
T001113,2024-08-05,C00506,P0065,2,74.83,20,Debit Card
T001114,2024-11-06,C00580,P0095,5,203.94,20,Debit Card
T001115,2023-03-08,C00132,P0076,1,34.79,5,PayPal
T001116,2024-08-06,C00903,P0030,5,234.84,10,Debit Card
T001117,2024-11-25,C00994,P0003,5,372.93,20,PayPal
T001118,2024-11-28,C00905,P0072,4,131.84,0,Cash
T001119,2024-10-18,C00966,P0087,1,460.5,10,Cash
T001120,2024-02-21,C00125,P0036,5,398.12,15,Cash
T001121,2024-01-06,C00778,P0067,1,405.67,5,Credit Card
T001122,2023-10-12,C00546,P0054,4,473.96,10,Credit Card
T001123,2024-02-06,C00343,P0025,1,282.91,20,Credit Card
T001124,2023-08-20,C00434,P0089,1,43.58,5,Debit Card
T001125,2023-06-18,C00319,P0043,1,139.06,0,Credit Card
T001126,2024-05-06,C00828,P0056,1,465.17,20,PayPal
T001127,2023-09-14,C00111,P0032,4,296.45,5,PayPal
T001128,2023-02-25,C00533,P0043,2,139.06,0,Cash
T001129,2023-04-08,C00458,P0081,5,463.99,0,Credit Card
T001130,2023-03-04,C00387,P0005,3,124.0,0,Debit Card
T001131,2023-03-05,C00057,P0057,3,108.56,20,Cash
T001132,2023-03-09,C00694,P0014,1,48.61,20,Credit Card
T001133,2023-10-29,C00412,P0049,1,19.54,20,Cash
T001134,2023-08-27,C00807,P0077,5,484.81,0,Cash
T001135,2024-01-29,C00815,P0060,4,175.66,20,Credit Card
T001136,2023-12-14,C00961,P0084,1,155.39,15,PayPal
T001137,2024-08-24,C00111,P0025,1,282.91,0,Credit Card
T001138,2024-08-30,C00927,P0025,5,282.91,5,PayPal
T001139,2023-12-30,C00493,P0054,5,473.96,15,Debit Card
T001140,2023-09-06,C00817,P0018,1,429.11,0,Debit Card
T001141,2023-11-16,C00447,P0075,5,405.93,10,PayPal
T001142,2024-08-20,C00795,P0070,2,330.19,5,Cash
T001143,2023-11-13,C00352,P0078,3,91.49,10,Credit Card
T001144,2024-06-14,C00674,P0076,2,34.79,0,Debit Card
T001145,2024-06-03,C00880,P0072,1,131.84,15,PayPal
T001146,2023-07-20,C00656,P0026,2,122.23,0,PayPal
T001147,2023-07-13,C00488,P0086,4,38.01,20,PayPal
T001148,2024-08-15,C00987,P0073,3,78.69,20,PayPal
T001149,2024-03-04,C00167,P0043,1,139.06,15,Credit Card
T001150,2024-05-22,C00943,P0029,1,254.62,5,Debit Card
T001151,2024-04-22,C00219,P0080,2,195.7,15,PayPal
T001152,2024-01-20,C00410,P0027,2,206.57,0,PayPal
T001153,2023-01-11,C00367,P0010,1,115.5,20,Credit Card
T001154,2023-05-26,C00451,P0038,2,269.27,20,PayPal
T001155,2023-02-14,C00204,P0004,2,216.74,10,Debit Card
T001156,2023-08-13,C00737,P0034,2,259.67,10,Debit Card
T001157,2023-07-02,C00023,P0026,2,122.23,10,Credit Card
T001158,2023-01-22,C00141,P0087,4,460.5,0,PayPal
T001159,2023-08-04,C00468,P0040,2,377.93,10,PayPal
T001160,2024-11-07,C00964,P0022,5,44.99,20,Cash
T001161,2024-12-29,C00122,P0009,2,352.09,5,Debit Card
T001162,2023-07-16,C00388,P0069,3,238.84,10,Cash
T001163,2024-10-13,C00944,P0032,1,296.45,20,Debit Card
T001164,2024-07-02,C00809,P0038,2,269.27,10,Debit Card
T001165,2023-02-24,C00815,P0081,3,463.99,5,Cash
T001166,2023-08-03,C00084,P0094,4,338.17,20,Credit Card
T001167,2023-06-21,C00398,P0066,5,292.34,10,Cash
T001168,2024-06-15,C00184,P0060,3,175.66,10,Cash
T001169,2024-05-21,C00275,P0061,5,298.34,15,Credit Card
T001170,2023-08-01,C00917,P0029,2,254.62,15,Debit Card
T001171,2024-02-10,C00314,P0028,4,439.42,15,Debit Card
T001172,2024-01-19,C00564,P0033,1,187.38,5,Credit Card
T001173,2023-10-30,C00532,P0057,3,108.56,5,Credit Card
T001174,2024-04-21,C00637,P0066,3,292.34,15,Cash
T001175,2024-04-23,C00419,P0056,3,465.17,15,PayPal
T001176,2023-10-07,C00026,P0049,2,19.54,15,Debit Card
T001177,2023-09-29,C00078,P0083,3,334.32,0,PayPal
T001178,2024-05-28,C00560,P0066,1,292.34,10,Debit Card
T001179,2023-04-11,C00074,P0016,3,104.22,0,Debit Card
T001180,2023-12-08,C00692,P0026,3,122.23,10,PayPal
T001181,2024-11-30,C00196,P0036,5,398.12,5,PayPal
T001182,2023-01-09,C00307,P0099,3,257.88,10,Cash
T001183,2024-02-20,C00776,P0075,1,405.93,15,Debit Card
T001184,2024-02-12,C00233,P0030,2,234.84,15,Debit Card
T001185,2024-06-12,C00805,P0076,5,34.79,15,Cash
T001186,2023-12-15,C00321,P0011,2,55.45,15,Cash
T001187,2023-08-03,C00461,P0057,5,108.56,0,PayPal
T001188,2023-05-23,C00895,P0074,2,132.41,10,Credit Card
T001189,2024-05-26,C00855,P0085,3,370.51,10,Debit Card
T001190,2024-03-05,C00703,P0055,4,437.49,20,PayPal
T001191,2023-11-30,C00024,P0076,5,34.79,0,Debit Card
T001192,2023-06-07,C00582,P0043,5,139.06,20,Cash
T001193,2024-01-26,C00972,P0027,4,206.57,0,Cash
T001194,2023-07-12,C00112,P0061,3,298.34,20,Cash
T001195,2024-10-16,C00096,P0039,2,343.34,0,Debit Card
T001196,2023-02-02,C00618,P0089,4,43.58,0,Debit Card
T001197,2023-07-23,C00934,P0009,4,352.09,10,Debit Card
T001198,2023-08-27,C00676,P0038,5,269.27,0,Cash
T001199,2023-02-28,C00531,P0048,1,460.06,5,PayPal
T001200,2024-02-25,C00161,P0051,1,474.01,5,Cash
T001201,2024-05-04,C00071,P0096,4,234.04,5,Debit Card
T001202,2023-07-30,C00443,P0040,4,377.93,5,PayPal
T001203,2024-08-24,C00515,P0026,4,122.23,10,Debit Card
T001204,2023-01-08,C00457,P0019,1,146.21,15,Debit Card
T001205,2024-06-22,C00933,P0043,5,139.06,15,Cash
T001206,2024-04-18,C00041,P0074,1,132.41,10,Cash
T001207,2023-12-22,C00863,P0090,3,207.85,15,Debit Card
T001208,2024-03-01,C00184,P0032,5,296.45,15,Cash
T001209,2024-01-29,C00188,P0085,5,370.51,0,Cash
T001210,2024-12-16,C00246,P0006,2,107.43,10,PayPal
T001211,2024-11-13,C00715,P0009,2,352.09,15,Cash
T001212,2024-07-20,C00378,P0016,1,104.22,0,PayPal
T001213,2024-02-24,C00169,P0058,3,328.44,5,Credit Card
T001214,2024-04-18,C00075,P0004,4,216.74,15,PayPal
T001215,2024-02-13,C00407,P0025,1,282.91,0,PayPal
T001216,2023-04-28,C00940,P0091,2,130.65,10,Cash
T001217,2024-05-11,C00070,P0060,1,175.66,20,Debit Card
T001218,2024-12-31,C00144,P0057,4,108.56,10,Debit Card
T001219,2023-06-24,C00622,P0003,1,372.93,5,PayPal
T001220,2023-05-08,C00760,P0069,4,238.84,5,Credit Card
T001221,2024-11-18,C00012,P0098,3,498.09,5,Cash
T001222,2024-01-02,C00222,P0023,1,367.27,20,Debit Card
T001223,2024-03-28,C00049,P0090,5,207.85,0,Cash
T001224,2024-12-07,C00455,P0040,1,377.93,20,Credit Card
T001225,2023-02-19,C00387,P0099,2,257.88,5,PayPal
T001226,2023-09-02,C00094,P0026,1,122.23,15,Credit Card
T001227,2023-01-15,C00841,P0044,2,258.76,0,Debit Card
T001228,2023-04-09,C00172,P0086,2,38.01,0,Cash
T001229,2024-06-08,C00836,P0014,3,48.61,10,Debit Card
T001230,2024-10-01,C00957,P0027,5,206.57,15,Cash
T001231,2023-05-04,C00219,P0030,1,234.84,10,PayPal
T001232,2023-06-27,C00412,P0002,3,119.37,0,Cash
T001233,2023-08-06,C00226,P0059,1,231.23,10,PayPal
T001234,2023-02-14,C00907,P0009,2,352.09,15,PayPal
T001235,2024-09-05,C00105,P0064,5,146.45,20,Debit Card
T001236,2023-09-15,C00615,P0013,3,235.12,15,Debit Card
T001237,2023-12-07,C00651,P0023,3,367.27,15,Credit Card
T001238,2023-12-10,C00624,P0003,5,372.93,15,Cash
T001239,2024-06-07,C00760,P0082,2,217.27,20,Credit Card
T001240,2023-08-27,C00632,P0003,1,372.93,10,Debit Card
T001241,2024-03-14,C00250,P0097,5,14.56,0,Credit Card
T001242,2023-05-21,C00511,P0048,3,460.06,5,Debit Card
T001243,2024-01-20,C00658,P0027,1,206.57,5,Cash
T001244,2023-12-03,C00285,P0018,3,429.11,0,Cash
T001245,2024-10-25,C00769,P0037,1,198.54,5,PayPal
T001246,2023-12-17,C00211,P0032,5,296.45,0,Debit Card
T001247,2024-12-04,C00737,P0090,2,207.85,20,Cash
T001248,2024-06-17,C00188,P0042,4,11.59,0,Credit Card
T001249,2024-05-18,C00977,P0009,2,352.09,0,Debit Card
T001250,2023-07-29,C00094,P0017,2,121.67,20,Debit Card
T001251,2023-08-30,C00081,P0065,4,74.83,15,PayPal
T001252,2023-06-18,C00203,P0093,2,266.16,15,Debit Card
T001253,2024-09-12,C00311,P0032,3,296.45,20,Cash
T001254,2024-10-12,C00279,P0026,4,122.23,0,PayPal
T001255,2024-02-12,C00172,P0049,4,19.54,15,Cash
T001256,2024-06-01,C00753,P0079,4,433.68,5,Cash
T001257,2023-01-21,C00391,P0098,4,498.09,0,PayPal
T001258,2024-09-01,C00157,P0069,5,238.84,5,PayPal
T001259,2024-01-25,C00314,P0060,4,175.66,10,Cash
T001260,2024-07-29,C00493,P0078,1,91.49,10,Debit Card
T001261,2024-04-25,C00159,P0026,2,122.23,0,Credit Card
T001262,2024-05-27,C00743,P0094,3,338.17,15,Cash
T001263,2024-03-01,C00994,P0051,3,474.01,15,Cash
T001264,2023-11-12,C00603,P0083,1,334.32,15,Credit Card
T001265,2023-05-08,C00955,P0050,5,127.33,5,Debit Card
T001266,2024-03-22,C00790,P0033,3,187.38,20,Cash
T001267,2024-10-12,C00378,P0089,1,43.58,15,Cash
T001268,2023-09-10,C00490,P0032,1,296.45,10,Credit Card
T001269,2024-12-15,C00661,P0086,2,38.01,10,Cash
T001270,2024-11-28,C00261,P0019,2,146.21,20,Debit Card
T001271,2023-01-13,C00790,P0015,1,313.07,15,Cash
T001272,2024-12-24,C00998,P0076,1,34.79,20,Debit Card
T001273,2024-03-09,C00850,P0022,4,44.99,10,PayPal
T001274,2024-05-27,C00675,P0069,4,238.84,20,PayPal
T001275,2024-02-26,C00898,P0097,1,14.56,0,PayPal
T001276,2023-05-27,C00767,P0035,2,431.94,15,PayPal
T001277,2023-01-07,C00836,P0022,4,44.99,0,Credit Card
T001278,2023-03-13,C00714,P0100,4,441.62,20,Cash
T001279,2024-11-01,C00751,P0037,4,198.54,5,Debit Card
T001280,2024-01-19,C00721,P0024,2,142.27,5,Cash
T001281,2023-07-06,C00972,P0065,1,74.83,15,Debit Card
T001282,2023-07-10,C00061,P0026,2,122.23,5,PayPal
T001283,2024-02-23,C00642,P0057,5,108.56,0,Debit Card
T001284,2023-03-23,C00088,P0038,4,269.27,0,PayPal
T001285,2023-03-07,C00031,P0044,5,258.76,5,Cash
T001286,2024-05-11,C00779,P0087,1,460.5,0,Credit Card
T001287,2023-09-30,C00979,P0097,1,14.56,20,Credit Card
T001288,2023-04-10,C00535,P0028,1,439.42,15,PayPal
T001289,2024-05-12,C00776,P0061,3,298.34,20,Cash
T001290,2023-12-11,C00699,P0048,3,460.06,10,Debit Card
T001291,2024-01-05,C00409,P0086,4,38.01,20,Credit Card
T001292,2023-12-31,C00826,P0043,1,139.06,0,Cash
T001293,2024-12-16,C00743,P0052,2,409.85,0,Credit Card
T001294,2024-06-27,C00974,P0036,2,398.12,10,Cash
T001295,2024-09-25,C00675,P0088,4,480.78,20,Cash
T001296,2024-11-07,C00004,P0025,3,282.91,0,PayPal
T001297,2023-02-16,C00334,P0095,4,203.94,5,Cash
T001298,2024-02-14,C00628,P0095,1,203.94,10,Cash
T001299,2024-05-02,C00878,P0085,1,370.51,15,PayPal
T001300,2024-09-13,C00730,P0025,2,282.91,20,Credit Card
T001301,2023-05-11,C00816,P0064,1,146.45,10,Cash
T001302,2023-06-22,C00978,P0058,1,328.44,15,Debit Card
T001303,2023-09-07,C00175,P0028,1,439.42,0,Cash
T001304,2023-01-30,C00952,P0021,3,140.82,15,PayPal
T001305,2023-08-14,C00264,P0093,4,266.16,0,Debit Card
T001306,2024-07-01,C00743,P0082,4,217.27,0,PayPal
T001307,2023-08-18,C00785,P0074,5,132.41,0,PayPal
T001308,2024-01-22,C00761,P0092,4,50.17,20,Cash
T001309,2023-08-27,C00266,P0029,1,254.62,10,Credit Card
T001310,2023-04-25,C00349,P0012,5,305.83,5,Credit Card
T001311,2024-08-09,C00131,P0048,3,460.06,15,Credit Card
T001312,2023-11-15,C00605,P0008,5,406.62,5,Cash
T001313,2024-03-09,C00790,P0041,3,64.66,5,Debit Card
T001314,2023-04-20,C00010,P0051,5,474.01,15,PayPal
T001315,2023-05-29,C00858,P0038,2,269.27,15,Cash
T001316,2023-05-31,C00291,P0077,2,484.81,0,PayPal
T001317,2023-11-13,C00706,P0065,1,74.83,10,Cash
T001318,2024-10-08,C00507,P0028,3,439.42,15,Credit Card
T001319,2023-12-08,C00848,P0020,2,89.7,5,Credit Card
T001320,2023-07-03,C00745,P0063,4,431.22,10,Debit Card
T001321,2023-01-23,C00402,P0071,3,207.28,15,Cash
T001322,2023-12-23,C00401,P0097,4,14.56,0,PayPal
T001323,2023-10-17,C00946,P0090,2,207.85,20,Cash
T001324,2023-04-10,C00332,P0017,5,121.67,0,PayPal
T001325,2024-04-13,C00168,P0084,5,155.39,5,Cash
T001326,2024-12-13,C00299,P0062,2,319.24,5,Debit Card
T001327,2023-07-20,C00667,P0095,1,203.94,10,Credit Card
T001328,2024-11-25,C00386,P0019,4,146.21,5,Credit Card
T001329,2023-04-09,C00998,P0046,4,107.47,5,Credit Card
T001330,2023-05-01,C00666,P0066,3,292.34,20,Cash
T001331,2023-06-02,C00740,P0081,4,463.99,5,Credit Card
T001332,2023-05-02,C00407,P0031,4,375.04,10,Debit Card
T001333,2024-10-30,C00385,P0096,1,234.04,15,Cash
T001334,2023-10-09,C00669,P0081,4,463.99,10,Credit Card
T001335,2023-05-03,C00085,P0015,1,313.07,15,Debit Card
T001336,2023-01-24,C00587,P0076,5,34.79,15,PayPal
T001337,2024-12-11,C00097,P0096,5,234.04,5,Cash
T001338,2024-05-10,C00720,P0083,4,334.32,10,Debit Card
T001339,2023-04-12,C00066,P0042,5,11.59,5,Cash
T001340,2024-12-18,C00404,P0003,5,372.93,20,Cash
T001341,2023-03-07,C00858,P0067,5,405.67,20,Credit Card
T001342,2023-08-01,C00920,P0085,1,370.51,5,Debit Card
T001343,2023-01-06,C00458,P0072,3,131.84,0,Credit Card
T001344,2023-05-12,C00212,P0074,2,132.41,0,PayPal
T001345,2023-02-05,C00128,P0011,5,55.45,10,PayPal
T001346,2024-07-11,C00434,P0022,1,44.99,5,PayPal
T001347,2023-02-17,C00927,P0067,3,405.67,20,Cash
T001348,2023-05-24,C00503,P0074,3,132.41,20,PayPal
T001349,2024-09-12,C00523,P0069,2,238.84,0,Credit Card
T001350,2023-08-31,C00193,P0005,2,124.0,10,Debit Card
T001351,2023-05-18,C00566,P0078,2,91.49,20,PayPal
T001352,2023-10-12,C00747,P0017,5,121.67,15,Credit Card
T001353,2024-07-17,C00267,P0033,4,187.38,5,Cash
T001354,2024-04-12,C00968,P0011,3,55.45,15,Debit Card
T001355,2024-07-02,C00073,P0027,3,206.57,5,PayPal
T001356,2024-07-31,C00664,P0085,5,370.51,20,Debit Card
T001357,2024-03-05,C00324,P0020,4,89.7,15,Credit Card
T001358,2024-09-10,C00080,P0032,3,296.45,0,Credit Card
T001359,2024-12-01,C00417,P0071,1,207.28,10,Credit Card
T001360,2024-01-07,C00797,P0043,3,139.06,5,Debit Card
T001361,2023-10-08,C00101,P0002,4,119.37,5,Cash
T001362,2023-04-18,C00180,P0016,5,104.22,10,Cash
T001363,2023-04-08,C00358,P0068,5,332.9,10,PayPal
T001364,2024-09-14,C00919,P0013,1,235.12,5,PayPal
T001365,2024-02-03,C00354,P0024,5,142.27,20,Cash
T001366,2024-05-03,C00131,P0076,3,34.79,0,Debit Card
T001367,2024-11-04,C00147,P0017,4,121.67,20,PayPal
T001368,2023-02-24,C00655,P0093,3,266.16,5,Cash
T001369,2024-12-24,C00188,P0059,4,231.23,10,Cash
T001370,2024-05-29,C00283,P0037,4,198.54,20,Debit Card
T001371,2023-11-09,C00879,P0082,1,217.27,10,Cash
T001372,2023-11-17,C00650,P0012,1,305.83,0,Debit Card
T001373,2023-04-06,C00590,P0022,1,44.99,0,PayPal
T001374,2024-07-21,C00828,P0064,1,146.45,15,Debit Card
T001375,2024-05-06,C00528,P0064,5,146.45,0,Cash
T001376,2023-01-15,C00195,P0079,1,433.68,15,PayPal
T001377,2023-09-08,C00678,P0095,5,203.94,20,Credit Card
T001378,2024-09-13,C00988,P0058,2,328.44,20,Debit Card
T001379,2023-06-29,C00376,P0010,2,115.5,20,PayPal
T001380,2023-02-22,C00508,P0055,4,437.49,5,PayPal
T001381,2023-04-26,C00936,P0044,2,258.76,20,Credit Card
T001382,2023-10-25,C00495,P0039,3,343.34,10,Debit Card
T001383,2023-01-03,C00647,P0095,5,203.94,15,Debit Card
T001384,2023-11-09,C00528,P0083,1,334.32,15,Cash
T001385,2023-02-28,C00007,P0046,5,107.47,15,PayPal
T001386,2023-11-02,C00110,P0046,1,107.47,10,Debit Card
T001387,2024-02-16,C00010,P0046,1,107.47,15,Cash
T001388,2023-07-22,C00542,P0011,5,55.45,5,Cash
T001389,2023-05-07,C00008,P0063,2,431.22,10,Debit Card
T001390,2024-04-26,C00384,P0051,3,474.01,10,Cash
T001391,2023-07-06,C00832,P0069,3,238.84,0,Cash
T001392,2024-11-03,C00166,P0057,2,108.56,10,Cash
T001393,2023-01-06,C00905,P0046,2,107.47,0,Debit Card
T001394,2023-10-19,C00137,P0006,4,107.43,15,PayPal
T001395,2023-02-02,C00683,P0021,2,140.82,15,PayPal
T001396,2023-05-02,C00501,P0054,5,473.96,15,Debit Card
T001397,2023-11-29,C00783,P0097,4,14.56,20,Cash
T001398,2023-05-15,C00981,P0015,1,313.07,0,Debit Card
T001399,2023-06-09,C00513,P0045,1,156.24,5,Credit Card
T001400,2024-11-25,C00440,P0044,5,258.76,0,Cash
T001401,2024-05-06,C00289,P0038,4,269.27,0,Cash
T001402,2023-09-11,C00157,P0080,5,195.7,5,Debit Card
T001403,2023-10-15,C00118,P0099,3,257.88,5,Cash
T001404,2023-07-23,C00724,P0061,1,298.34,20,Debit Card
T001405,2023-07-13,C00645,P0076,2,34.79,5,Credit Card
T001406,2023-05-16,C00040,P0052,3,409.85,5,Debit Card
T001407,2024-03-12,C00632,P0003,2,372.93,0,Credit Card
T001408,2024-01-25,C00538,P0053,3,385.26,5,Debit Card
T001409,2023-12-11,C00491,P0055,1,437.49,20,Cash
T001410,2024-10-21,C00312,P0007,1,215.56,10,PayPal
T001411,2023-10-15,C00729,P0045,4,156.24,5,PayPal
T001412,2023-02-18,C00042,P0024,1,142.27,0,PayPal
T001413,2023-08-06,C00484,P0037,3,198.54,20,Credit Card
T001414,2024-03-17,C00259,P0024,4,142.27,10,PayPal
T001415,2023-11-08,C00100,P0015,1,313.07,20,Debit Card
T001416,2023-12-06,C00760,P0047,3,274.3,20,PayPal
T001417,2023-09-01,C00283,P0084,2,155.39,20,Cash
T001418,2023-03-31,C00134,P0014,5,48.61,0,Credit Card
T001419,2024-08-23,C00838,P0084,2,155.39,5,Cash
T001420,2023-04-12,C00965,P0010,5,115.5,20,PayPal
T001421,2023-11-05,C00486,P0093,2,266.16,20,Debit Card
T001422,2023-02-14,C00197,P0017,4,121.67,20,PayPal
T001423,2024-07-27,C00917,P0045,3,156.24,15,Credit Card
T001424,2024-03-22,C00495,P0009,4,352.09,20,Credit Card
T001425,2023-06-20,C00281,P0077,2,484.81,10,Credit Card
T001426,2024-08-02,C00814,P0008,2,406.62,15,Cash
T001427,2024-12-02,C00892,P0069,5,238.84,0,Debit Card
T001428,2024-03-24,C00522,P0097,4,14.56,20,Cash
T001429,2024-02-15,C00279,P0078,2,91.49,5,Credit Card
T001430,2023-06-13,C00224,P0074,5,132.41,0,Cash
T001431,2024-05-30,C00738,P0091,5,130.65,10,PayPal
T001432,2023-08-14,C00726,P0038,3,269.27,20,Credit Card
T001433,2023-06-25,C00047,P0029,5,254.62,5,PayPal
T001434,2023-02-10,C00152,P0082,3,217.27,5,PayPal
T001435,2023-02-22,C00255,P0083,2,334.32,20,Credit Card
T001436,2023-01-02,C00356,P0084,5,155.39,10,PayPal
T001437,2023-03-27,C00906,P0091,5,130.65,10,Debit Card
T001438,2024-02-23,C00302,P0079,3,433.68,0,Credit Card
T001439,2023-12-31,C00749,P0029,3,254.62,5,PayPal
T001440,2023-01-17,C00674,P0069,5,238.84,0,Cash
T001441,2024-10-31,C00891,P0033,5,187.38,20,Debit Card
T001442,2024-03-28,C00333,P0029,3,254.62,5,Cash
T001443,2023-06-09,C00238,P0058,4,328.44,10,Debit Card
T001444,2024-05-05,C00508,P0012,2,305.83,15,Debit Card
T001445,2023-06-30,C00584,P0025,4,282.91,5,PayPal
T001446,2023-01-22,C00167,P0040,2,377.93,15,Debit Card
T001447,2023-03-13,C00074,P0019,4,146.21,5,Cash
T001448,2024-10-22,C00103,P0052,5,409.85,5,Credit Card
T001449,2024-09-09,C00387,P0013,4,235.12,0,Credit Card
T001450,2023-01-14,C00851,P0098,1,498.09,5,Debit Card
T001451,2023-03-27,C00147,P0035,5,431.94,0,Credit Card
T001452,2023-04-19,C00754,P0070,3,330.19,0,Debit Card
T001453,2023-05-23,C00778,P0062,5,319.24,15,Debit Card
T001454,2023-11-11,C00491,P0043,2,139.06,5,Credit Card
T001455,2024-07-10,C00274,P0089,5,43.58,0,Credit Card
T001456,2023-02-15,C00558,P0014,3,48.61,0,Cash
T001457,2023-05-26,C00935,P0001,2,64.55,0,Debit Card
T001458,2024-03-13,C00151,P0050,3,127.33,10,Debit Card
T001459,2024-12-01,C00704,P0050,1,127.33,15,Debit Card
T001460,2023-04-23,C00105,P0029,3,254.62,10,Credit Card
T001461,2024-09-22,C00122,P0043,3,139.06,0,Credit Card
T001462,2024-09-11,C00183,P0020,4,89.7,20,PayPal
T001463,2024-09-06,C00696,P0024,4,142.27,5,PayPal
T001464,2024-10-01,C00357,P0037,1,198.54,10,Cash
T001465,2024-11-08,C00956,P0048,3,460.06,0,Credit Card
T001466,2023-06-02,C00672,P0100,2,441.62,10,Debit Card
T001467,2024-02-04,C00739,P0058,4,328.44,0,Credit Card
T001468,2024-08-14,C00983,P0055,3,437.49,5,Credit Card
T001469,2023-11-27,C00187,P0017,4,121.67,10,PayPal
T001470,2024-05-21,C00493,P0055,4,437.49,20,PayPal
T001471,2023-05-22,C00944,P0084,2,155.39,15,Cash
T001472,2024-07-16,C00552,P0064,5,146.45,15,Debit Card
T001473,2024-01-29,C00595,P0011,4,55.45,20,Debit Card
T001474,2024-12-20,C00241,P0012,3,305.83,0,Debit Card
T001475,2023-01-18,C00572,P0047,4,274.3,5,Credit Card
T001476,2023-03-03,C00370,P0045,2,156.24,10,Cash
T001477,2023-05-28,C00996,P0071,4,207.28,5,Debit Card
T001478,2023-08-18,C00765,P0008,2,406.62,0,Debit Card
T001479,2024-01-22,C00027,P0094,4,338.17,10,Credit Card
T001480,2024-12-19,C00679,P0014,5,48.61,0,Cash
T001481,2024-08-31,C00031,P0021,2,140.82,10,Debit Card
T001482,2023-03-22,C00079,P0032,1,296.45,20,Cash
T001483,2023-06-03,C00187,P0098,4,498.09,5,PayPal
T001484,2024-04-26,C00740,P0053,3,385.26,15,Credit Card
T001485,2023-10-21,C00160,P0015,1,313.07,0,Debit Card
T001486,2024-05-30,C00012,P0021,4,140.82,15,Cash
T001487,2024-07-21,C00850,P0092,3,50.17,20,PayPal
T001488,2024-12-27,C00434,P0030,2,234.84,10,Credit Card
T001489,2024-06-18,C00974,P0049,2,19.54,5,Cash
T001490,2024-09-25,C00225,P0008,4,406.62,5,Credit Card
T001491,2024-12-10,C00489,P0060,3,175.66,15,Cash
T001492,2023-06-18,C00823,P0007,3,215.56,15,Debit Card
T001493,2023-10-04,C00107,P0014,1,48.61,10,PayPal
T001494,2023-01-29,C00289,P0031,2,375.04,20,Credit Card
T001495,2023-03-08,C00612,P0028,1,439.42,10,Debit Card
T001496,2024-07-18,C00654,P0026,1,122.23,5,PayPal
T001497,2023-03-29,C00579,P0073,1,78.69,20,Cash
T001498,2023-02-16,C00323,P0007,1,215.56,10,Credit Card
T001499,2024-01-01,C00290,P0097,4,14.56,20,Debit Card
T001500,2023-11-19,C00401,P0097,3,14.56,5,Credit Card
T001501,2023-12-06,C00919,P0053,5,385.26,0,Debit Card
T001502,2023-01-25,C00816,P0076,4,34.79,15,Credit Card
T001503,2023-10-25,C00156,P0021,4,140.82,0,Credit Card
T001504,2023-08-26,C00827,P0028,2,439.42,5,PayPal
T001505,2024-04-03,C00348,P0017,3,121.67,10,Cash
T001506,2023-02-10,C00793,P0092,4,50.17,5,Debit Card
T001507,2024-09-17,C00077,P0078,2,91.49,20,Cash
T001508,2023-04-10,C00147,P0002,3,119.37,20,Credit Card
T001509,2024-05-25,C00466,P0013,3,235.12,5,PayPal
T001510,2023-06-15,C00287,P0009,5,352.09,10,PayPal
T001511,2023-04-02,C00184,P0010,4,115.5,10,Cash
T001512,2023-09-20,C00898,P0098,4,498.09,5,Credit Card
T001513,2024-08-05,C00041,P0063,3,431.22,10,Cash
T001514,2024-02-23,C00940,P0080,2,195.7,15,PayPal
T001515,2024-06-08,C00975,P0080,3,195.7,10,Credit Card
T001516,2024-11-29,C00519,P0053,4,385.26,10,Credit Card
T001517,2024-09-27,C00059,P0083,2,334.32,20,Credit Card
T001518,2023-06-08,C00298,P0014,4,48.61,5,Cash
T001519,2023-03-16,C00398,P0029,4,254.62,0,PayPal
T001520,2024-04-22,C00658,P0060,5,175.66,15,Credit Card
T001521,2023-03-29,C00750,P0024,1,142.27,15,Cash
T001522,2023-07-24,C00337,P0052,1,409.85,10,PayPal
T001523,2024-09-10,C00218,P0063,4,431.22,0,PayPal
T001524,2024-04-10,C00559,P0005,2,124.0,15,Debit Card
T001525,2024-10-17,C00328,P0028,5,439.42,0,Cash
T001526,2023-03-05,C00809,P0047,4,274.3,15,Debit Card
T001527,2023-02-25,C00889,P0028,1,439.42,15,PayPal
T001528,2023-09-16,C00181,P0082,1,217.27,5,Credit Card
T001529,2023-10-08,C00084,P0052,3,409.85,15,Cash
T001530,2024-06-21,C00686,P0028,3,439.42,5,Credit Card
T001531,2023-04-05,C00351,P0055,3,437.49,5,Debit Card
T001532,2023-12-24,C00494,P0054,4,473.96,20,Debit Card
T001533,2024-12-14,C00364,P0056,5,465.17,15,Credit Card
T001534,2024-07-28,C00204,P0077,1,484.81,20,Debit Card
T001535,2023-11-28,C00844,P0086,3,38.01,0,Debit Card
T001536,2024-04-14,C00512,P0019,3,146.21,0,Cash
T001537,2023-09-27,C00740,P0067,1,405.67,15,Debit Card
T001538,2024-10-11,C00655,P0058,5,328.44,0,Credit Card
T001539,2023-08-12,C00193,P0096,4,234.04,20,Debit Card
T001540,2024-09-07,C00222,P0049,3,19.54,5,Debit Card
T001541,2024-11-26,C00979,P0074,1,132.41,10,PayPal
T001542,2023-01-17,C00919,P0039,3,343.34,20,Credit Card
T001543,2024-12-17,C00665,P0064,4,146.45,15,Cash
T001544,2023-12-27,C00849,P0046,5,107.47,15,PayPal
T001545,2023-04-27,C00470,P0023,4,367.27,10,Debit Card
T001546,2024-07-20,C00167,P0077,5,484.81,15,Cash
T001547,2023-10-19,C00706,P0085,4,370.51,10,Credit Card
T001548,2023-03-31,C00092,P0014,1,48.61,20,Cash
T001549,2023-04-17,C00768,P0064,5,146.45,20,Credit Card
T001550,2024-10-10,C00516,P0057,5,108.56,0,PayPal
T001551,2024-03-06,C00229,P0028,4,439.42,20,Cash
T001552,2023-04-28,C00877,P0026,4,122.23,0,PayPal
T001553,2024-04-20,C00930,P0053,4,385.26,0,PayPal
T001554,2023-08-18,C00291,P0065,3,74.83,10,PayPal
T001555,2024-02-29,C00248,P0087,1,460.5,15,Credit Card
T001556,2023-01-16,C00158,P0004,3,216.74,20,PayPal
T001557,2023-12-10,C00983,P0022,5,44.99,15,Debit Card
T001558,2024-07-23,C00198,P0051,5,474.01,15,Credit Card
T001559,2024-08-14,C00132,P0055,4,437.49,5,Cash
T001560,2023-11-22,C00163,P0067,4,405.67,5,Credit Card
T001561,2024-12-28,C00517,P0017,1,121.67,20,Cash
T001562,2024-10-04,C00858,P0034,5,259.67,5,PayPal
T001563,2023-07-28,C00096,P0012,1,305.83,15,Credit Card
T001564,2024-10-05,C00608,P0099,2,257.88,0,Credit Card
T001565,2024-08-08,C00026,P0049,2,19.54,15,PayPal
T001566,2023-07-11,C00669,P0031,2,375.04,10,Debit Card
T001567,2024-07-02,C00744,P0032,4,296.45,10,Credit Card
T001568,2023-10-09,C00958,P0011,2,55.45,0,Credit Card
T001569,2023-04-24,C00950,P0059,5,231.23,0,Credit Card
T001570,2023-05-26,C00269,P0037,2,198.54,0,Credit Card
T001571,2024-05-21,C00935,P0047,2,274.3,15,Credit Card
T001572,2024-05-17,C00424,P0003,1,372.93,15,Credit Card
T001573,2023-08-04,C00430,P0088,4,480.78,10,Cash
T001574,2023-06-14,C00306,P0024,1,142.27,5,Credit Card
T001575,2023-05-01,C00356,P0044,4,258.76,20,Credit Card
T001576,2023-06-12,C00760,P0067,3,405.67,0,Debit Card
T001577,2024-09-12,C00549,P0004,1,216.74,20,Debit Card
T001578,2023-08-10,C00118,P0047,2,274.3,0,PayPal
T001579,2023-05-22,C00086,P0029,2,254.62,10,PayPal
T001580,2024-05-08,C00977,P0026,1,122.23,10,PayPal
T001581,2024-04-23,C00829,P0096,4,234.04,15,Cash
T001582,2023-07-17,C00178,P0033,2,187.38,10,Cash
T001583,2023-04-16,C00813,P0075,5,405.93,10,Debit Card
T001584,2023-07-30,C00500,P0093,4,266.16,15,Cash
T001585,2024-09-02,C00279,P0096,3,234.04,20,Credit Card
T001586,2024-09-13,C00440,P0050,2,127.33,20,PayPal
T001587,2024-01-18,C00840,P0081,1,463.99,15,Debit Card
T001588,2023-02-04,C00260,P0066,5,292.34,15,PayPal
T001589,2024-09-10,C00974,P0083,5,334.32,10,Cash
T001590,2023-01-31,C00185,P0015,3,313.07,15,Debit Card
T001591,2024-01-02,C00075,P0032,2,296.45,10,PayPal
T001592,2023-05-29,C00322,P0100,1,441.62,0,PayPal
T001593,2024-12-05,C00735,P0002,3,119.37,5,Cash
T001594,2024-08-04,C00921,P0042,2,11.59,20,Credit Card
T001595,2024-01-30,C00617,P0037,2,198.54,20,Debit Card
T001596,2023-04-16,C00285,P0072,5,131.84,0,Cash
T001597,2024-11-29,C00446,P0097,3,14.56,10,Debit Card
T001598,2023-07-21,C00822,P0007,4,215.56,15,Credit Card
T001599,2023-10-09,C00123,P0054,1,473.96,15,Debit Card
T001600,2024-09-07,C00606,P0042,4,11.59,5,Credit Card
T001601,2023-10-19,C00660,P0003,5,372.93,0,Cash
T001602,2023-10-19,C00862,P0017,4,121.67,0,Credit Card
T001603,2023-12-12,C00017,P0083,1,334.32,15,Credit Card
T001604,2024-03-01,C00309,P0093,3,266.16,10,PayPal
T001605,2024-02-14,C00570,P0011,3,55.45,15,Credit Card
T001606,2024-02-07,C00714,P0039,4,343.34,15,Credit Card
T001607,2024-01-18,C00106,P0080,1,195.7,5,Credit Card
T001608,2023-01-11,C00108,P0018,3,429.11,15,Debit Card
T001609,2023-06-24,C00196,P0012,3,305.83,20,Credit Card
T001610,2024-12-05,C00266,P0007,1,215.56,0,Credit Card
T001611,2023-11-08,C00271,P0010,3,115.5,20,Cash
T001612,2023-10-04,C00175,P0090,2,207.85,20,Cash
T001613,2023-05-03,C00327,P0017,2,121.67,20,Cash
T001614,2024-10-14,C00685,P0058,1,328.44,20,Debit Card
T001615,2024-08-14,C00678,P0062,4,319.24,10,PayPal
T001616,2024-05-09,C00095,P0029,3,254.62,10,Credit Card
T001617,2023-12-28,C00856,P0072,2,131.84,5,Credit Card
T001618,2023-03-18,C00062,P0064,2,146.45,0,Debit Card
T001619,2024-04-24,C00193,P0050,4,127.33,0,PayPal
T001620,2023-08-02,C00780,P0076,5,34.79,20,PayPal
T001621,2023-11-16,C00465,P0091,2,130.65,20,Credit Card
T001622,2023-05-14,C00939,P0029,3,254.62,15,Cash
T001623,2024-09-27,C00208,P0066,4,292.34,5,Credit Card
T001624,2023-10-12,C00169,P0055,3,437.49,20,Credit Card
T001625,2023-05-31,C00898,P0060,1,175.66,0,Debit Card
T001626,2023-01-17,C00192,P0059,3,231.23,0,Cash
T001627,2024-11-08,C00464,P0068,3,332.9,10,Credit Card
T001628,2024-07-17,C00363,P0011,4,55.45,5,Debit Card
T001629,2024-02-11,C00442,P0065,5,74.83,10,Credit Card
T001630,2024-03-27,C00379,P0035,1,431.94,0,Cash
T001631,2024-03-08,C00302,P0025,2,282.91,15,Debit Card
T001632,2024-08-31,C00543,P0036,5,398.12,15,Cash
T001633,2023-04-22,C00052,P0088,2,480.78,0,Debit Card
T001634,2023-04-28,C00917,P0007,1,215.56,20,PayPal
T001635,2023-09-02,C00545,P0009,1,352.09,10,Debit Card
T001636,2024-09-27,C00734,P0090,4,207.85,15,Cash
T001637,2023-04-14,C00752,P0029,3,254.62,15,Debit Card
T001638,2023-06-25,C00356,P0027,3,206.57,20,PayPal
T001639,2023-01-04,C00190,P0013,5,235.12,20,Cash
T001640,2023-11-09,C00245,P0089,2,43.58,10,Credit Card
T001641,2023-06-20,C00341,P0024,4,142.27,5,Credit Card
T001642,2024-11-13,C00439,P0061,3,298.34,0,Debit Card
T001643,2023-09-28,C00175,P0010,1,115.5,20,PayPal
T001644,2024-04-30,C00002,P0075,4,405.93,5,Cash
T001645,2023-04-23,C00839,P0006,1,107.43,20,PayPal
T001646,2023-08-22,C00516,P0068,2,332.9,5,Credit Card
T001647,2023-04-13,C00824,P0039,3,343.34,15,Cash
T001648,2023-12-26,C00264,P0070,4,330.19,10,PayPal
T001649,2024-04-14,C00848,P0002,3,119.37,10,PayPal
T001650,2024-06-14,C00680,P0100,5,441.62,15,Credit Card
T001651,2023-10-04,C00532,P0088,1,480.78,5,Cash
T001652,2023-08-14,C00146,P0085,3,370.51,15,Credit Card
T001653,2023-09-08,C00759,P0074,4,132.41,10,Debit Card
T001654,2023-04-02,C00943,P0025,4,282.91,0,PayPal
T001655,2024-10-03,C00558,P0087,4,460.5,20,Debit Card
T001656,2023-09-29,C00358,P0087,3,460.5,15,Cash
T001657,2023-10-10,C00196,P0040,1,377.93,20,PayPal
T001658,2024-09-19,C00444,P0016,4,104.22,20,PayPal
T001659,2023-10-23,C00993,P0015,1,313.07,15,Debit Card
T001660,2024-04-22,C00154,P0088,5,480.78,10,Debit Card
T001661,2023-11-07,C00296,P0063,1,431.22,10,Credit Card
T001662,2024-04-09,C00223,P0006,3,107.43,20,Credit Card
T001663,2023-02-24,C00314,P0063,1,431.22,15,PayPal
T001664,2024-11-07,C00052,P0001,3,64.55,5,PayPal
T001665,2023-10-18,C00682,P0065,5,74.83,5,Credit Card
T001666,2024-12-31,C00147,P0035,2,431.94,15,Credit Card
T001667,2023-10-25,C00033,P0029,4,254.62,10,Debit Card
T001668,2024-11-25,C00396,P0082,4,217.27,15,Credit Card
T001669,2023-09-25,C00612,P0039,3,343.34,5,Cash
T001670,2024-11-26,C00824,P0042,5,11.59,5,Debit Card
T001671,2023-09-14,C00427,P0018,5,429.11,5,PayPal
T001672,2023-11-09,C00305,P0011,5,55.45,15,Debit Card
T001673,2024-01-20,C00099,P0056,2,465.17,20,Cash
T001674,2024-12-11,C00516,P0041,3,64.66,15,PayPal
T001675,2024-03-13,C00431,P0060,4,175.66,15,Credit Card
T001676,2024-07-26,C00981,P0004,4,216.74,0,Debit Card
T001677,2024-09-21,C00806,P0039,2,343.34,20,PayPal
T001678,2023-05-11,C00557,P0080,5,195.7,10,Credit Card
T001679,2024-02-07,C00413,P0017,1,121.67,15,Cash
T001680,2023-02-25,C00057,P0011,3,55.45,0,PayPal
T001681,2024-08-31,C00842,P0013,3,235.12,20,Cash
T001682,2024-12-08,C00886,P0043,1,139.06,0,Credit Card
T001683,2024-12-19,C00529,P0027,2,206.57,20,Cash
T001684,2023-05-20,C00917,P0029,2,254.62,10,PayPal
T001685,2023-01-07,C00639,P0063,2,431.22,0,Credit Card
T001686,2023-01-01,C00619,P0020,1,89.7,20,Credit Card
T001687,2023-09-11,C00107,P0027,4,206.57,0,Cash
T001688,2024-02-05,C00949,P0008,1,406.62,10,Cash
T001689,2024-05-10,C00840,P0024,2,142.27,20,PayPal
T001690,2024-09-19,C00450,P0088,5,480.78,0,Cash
T001691,2023-05-30,C00023,P0082,2,217.27,5,Debit Card
T001692,2023-06-24,C00760,P0066,5,292.34,5,Cash
T001693,2024-05-06,C00297,P0038,1,269.27,20,Cash
T001694,2024-01-12,C00282,P0086,4,38.01,15,Credit Card
T001695,2024-04-20,C00834,P0054,4,473.96,5,Credit Card
T001696,2023-10-18,C00124,P0059,5,231.23,15,Credit Card
T001697,2024-08-17,C00035,P0039,5,343.34,15,Credit Card
T001698,2023-12-30,C00480,P0018,4,429.11,10,Credit Card
T001699,2023-06-12,C00513,P0046,5,107.47,5,PayPal
T001700,2024-12-24,C00400,P0068,5,332.9,0,Debit Card
T001701,2024-11-02,C00361,P0020,5,89.7,10,Cash
T001702,2023-05-24,C00804,P0036,3,398.12,15,Credit Card
T001703,2024-10-22,C00386,P0062,4,319.24,20,Debit Card
T001704,2024-08-12,C00950,P0091,5,130.65,20,PayPal
T001705,2023-05-13,C00332,P0090,5,207.85,20,PayPal
T001706,2024-08-21,C00850,P0080,4,195.7,0,Credit Card
T001707,2023-01-31,C00163,P0094,2,338.17,0,Credit Card
T001708,2024-05-26,C00488,P0087,3,460.5,5,Debit Card
T001709,2023-04-18,C00746,P0023,4,367.27,15,Credit Card
T001710,2023-03-05,C00257,P0079,1,433.68,0,Credit Card
T001711,2024-03-28,C00384,P0098,5,498.09,0,Debit Card
T001712,2023-11-25,C00716,P0014,4,48.61,15,Debit Card
T001713,2024-10-14,C00570,P0074,2,132.41,5,PayPal
T001714,2024-05-17,C00696,P0057,3,108.56,5,Debit Card
T001715,2023-06-15,C00834,P0056,5,465.17,5,Credit Card
T001716,2024-08-19,C00645,P0004,1,216.74,5,Credit Card
T001717,2023-05-24,C00369,P0001,4,64.55,20,Credit Card
T001718,2023-12-15,C00699,P0024,5,142.27,15,Debit Card
T001719,2023-08-01,C00848,P0074,4,132.41,20,PayPal
T001720,2024-01-01,C00922,P0080,5,195.7,5,Credit Card
T001721,2024-03-25,C00641,P0055,4,437.49,0,Credit Card
T001722,2023-05-11,C00306,P0067,1,405.67,0,Cash
T001723,2023-08-25,C00616,P0007,5,215.56,10,Credit Card
T001724,2023-08-18,C00945,P0038,3,269.27,15,PayPal
T001725,2023-03-11,C00992,P0021,3,140.82,0,Debit Card
T001726,2024-06-14,C00513,P0079,3,433.68,15,Credit Card
T001727,2024-07-13,C00914,P0090,1,207.85,20,Cash
T001728,2023-09-27,C00031,P0084,1,155.39,10,Cash
T001729,2023-09-25,C00343,P0026,1,122.23,5,Debit Card
T001730,2024-07-14,C00338,P0094,1,338.17,5,Cash
T001731,2023-03-16,C00927,P0073,5,78.69,0,PayPal
T001732,2023-03-14,C00613,P0054,5,473.96,0,Cash
T001733,2023-05-13,C00741,P0035,1,431.94,0,Credit Card
T001734,2024-05-23,C00231,P0065,3,74.83,15,Cash
T001735,2023-11-07,C00022,P0030,1,234.84,0,Debit Card
T001736,2024-07-01,C00881,P0078,4,91.49,0,Cash
T001737,2023-02-23,C00785,P0050,4,127.33,5,Cash
T001738,2024-12-19,C00563,P0055,2,437.49,0,Cash
T001739,2023-05-01,C00926,P0079,3,433.68,10,Debit Card
T001740,2023-12-18,C00941,P0056,1,465.17,5,Debit Card
T001741,2023-04-05,C00011,P0076,2,34.79,15,Credit Card
T001742,2023-01-16,C00256,P0093,1,266.16,0,Credit Card
T001743,2023-05-10,C00185,P0057,3,108.56,0,PayPal
T001744,2023-12-25,C00671,P0078,2,91.49,10,Debit Card
T001745,2024-09-12,C00491,P0051,1,474.01,0,Credit Card
T001746,2023-09-14,C00211,P0070,4,330.19,10,Debit Card
T001747,2024-03-30,C00310,P0092,3,50.17,20,PayPal
T001748,2024-10-31,C00540,P0032,3,296.45,10,Credit Card
T001749,2023-02-25,C00923,P0045,4,156.24,20,Cash
T001750,2023-10-14,C00209,P0011,2,55.45,20,Debit Card
T001751,2023-11-09,C00567,P0095,2,203.94,0,PayPal
T001752,2023-05-26,C00241,P0005,4,124.0,15,Credit Card
T001753,2023-01-22,C00857,P0064,1,146.45,10,PayPal
T001754,2024-08-25,C00308,P0050,1,127.33,0,PayPal
T001755,2024-09-16,C00508,P0050,1,127.33,15,Cash
T001756,2024-03-30,C00230,P0006,2,107.43,15,Debit Card
T001757,2024-11-06,C00546,P0056,1,465.17,10,Credit Card
T001758,2024-07-08,C00357,P0098,1,498.09,20,PayPal
T001759,2023-09-26,C00606,P0097,2,14.56,0,PayPal
T001760,2024-09-28,C00887,P0056,4,465.17,0,Credit Card
T001761,2024-07-20,C00976,P0050,3,127.33,20,Cash
T001762,2024-03-10,C00737,P0074,5,132.41,20,PayPal
T001763,2023-06-16,C00479,P0049,2,19.54,5,Credit Card
T001764,2023-10-15,C00974,P0088,3,480.78,0,Debit Card
T001765,2024-07-09,C00346,P0038,5,269.27,15,Credit Card
T001766,2024-09-22,C00371,P0036,3,398.12,10,Credit Card
T001767,2023-05-08,C00583,P0040,3,377.93,10,Debit Card
T001768,2024-03-30,C00018,P0060,4,175.66,0,Cash
T001769,2023-02-07,C00492,P0046,5,107.47,5,Cash
T001770,2023-03-01,C00962,P0075,1,405.93,10,PayPal
T001771,2023-03-07,C00185,P0057,3,108.56,10,PayPal
T001772,2024-05-21,C00233,P0017,2,121.67,5,Credit Card
T001773,2023-08-27,C00671,P0015,1,313.07,5,Cash
T001774,2024-08-16,C00043,P0041,5,64.66,5,Credit Card
T001775,2023-09-23,C00017,P0033,3,187.38,20,Credit Card
T001776,2024-09-06,C00359,P0031,1,375.04,0,Cash
T001777,2023-04-26,C00080,P0066,2,292.34,5,PayPal
T001778,2024-08-07,C00850,P0048,4,460.06,0,Cash
T001779,2023-10-17,C00026,P0019,3,146.21,20,PayPal
T001780,2023-12-10,C00919,P0053,3,385.26,15,PayPal
T001781,2024-09-28,C00165,P0004,3,216.74,0,PayPal
T001782,2023-06-03,C00027,P0076,1,34.79,20,Debit Card
T001783,2023-11-17,C00733,P0066,5,292.34,20,PayPal
T001784,2023-08-09,C00851,P0049,5,19.54,0,Debit Card
T001785,2024-01-26,C00665,P0098,1,498.09,0,Debit Card
T001786,2024-08-01,C00589,P0065,5,74.83,15,Credit Card
T001787,2024-06-24,C00622,P0007,4,215.56,20,Cash
T001788,2023-11-21,C00200,P0035,5,431.94,10,Debit Card
T001789,2023-12-03,C00819,P0032,3,296.45,5,Cash
T001790,2023-11-19,C00996,P0096,1,234.04,5,Cash
T001791,2024-02-24,C00082,P0047,3,274.3,20,Credit Card
T001792,2024-01-06,C00496,P0084,5,155.39,5,Cash
T001793,2024-03-04,C00584,P0030,2,234.84,20,Debit Card
T001794,2024-02-22,C00599,P0087,2,460.5,20,PayPal
T001795,2023-10-21,C00322,P0044,1,258.76,0,Cash
T001796,2024-03-07,C00152,P0065,5,74.83,15,Debit Card
T001797,2023-07-04,C00016,P0059,2,231.23,0,Cash
T001798,2023-09-27,C00568,P0098,4,498.09,0,Debit Card
T001799,2023-02-04,C00025,P0056,2,465.17,0,Debit Card
T001800,2024-06-11,C00941,P0068,4,332.9,15,PayPal
T001801,2023-05-11,C00714,P0052,5,409.85,5,PayPal
T001802,2023-05-02,C00919,P0044,3,258.76,20,Credit Card
T001803,2023-02-16,C00757,P0010,3,115.5,15,Cash
T001804,2024-10-07,C00759,P0058,4,328.44,10,Cash
T001805,2024-12-17,C00752,P0018,2,429.11,20,Credit Card
T001806,2023-06-05,C00608,P0001,5,64.55,10,Cash
T001807,2024-01-24,C00450,P0042,2,11.59,20,PayPal
T001808,2023-04-10,C00305,P0030,4,234.84,10,Credit Card
T001809,2024-07-31,C00919,P0067,5,405.67,20,Cash
T001810,2023-10-20,C00394,P0042,3,11.59,5,Debit Card
T001811,2023-02-12,C00904,P0095,2,203.94,15,PayPal
T001812,2024-08-11,C00322,P0079,1,433.68,10,PayPal
T001813,2023-06-19,C00295,P0016,3,104.22,15,Cash
T001814,2023-08-18,C00296,P0022,3,44.99,20,Credit Card
T001815,2023-08-26,C00286,P0086,2,38.01,0,Debit Card
T001816,2024-07-19,C00773,P0066,2,292.34,0,Credit Card
T001817,2024-07-06,C00819,P0069,2,238.84,0,Cash
T001818,2023-01-27,C00209,P0048,3,460.06,20,Cash
T001819,2024-03-31,C00130,P0067,4,405.67,10,Credit Card
T001820,2024-12-24,C00456,P0016,4,104.22,15,PayPal
T001821,2023-03-30,C00286,P0018,1,429.11,10,Credit Card
T001822,2023-08-16,C00077,P0094,3,338.17,5,PayPal
T001823,2023-10-10,C00646,P0059,5,231.23,0,PayPal
T001824,2023-02-09,C00103,P0056,5,465.17,10,Debit Card
T001825,2024-07-25,C00858,P0085,1,370.51,0,Debit Card
T001826,2023-05-21,C00386,P0076,2,34.79,5,PayPal
T001827,2024-04-26,C00497,P0020,2,89.7,15,PayPal
T001828,2023-05-15,C00651,P0026,1,122.23,20,Debit Card
T001829,2023-01-04,C00069,P0056,4,465.17,20,Debit Card
T001830,2024-12-28,C00040,P0023,4,367.27,10,Cash
T001831,2024-10-08,C00241,P0075,3,405.93,15,Debit Card
T001832,2023-11-04,C00897,P0030,3,234.84,15,Cash
T001833,2024-10-07,C00613,P0051,3,474.01,20,Cash
T001834,2023-10-30,C00225,P0013,1,235.12,10,Cash
T001835,2024-04-02,C00254,P0042,4,11.59,0,Debit Card
T001836,2024-04-20,C00677,P0041,1,64.66,10,Cash
T001837,2024-12-22,C00793,P0017,4,121.67,15,Cash
T001838,2024-12-04,C00030,P0031,3,375.04,10,Debit Card
T001839,2024-02-23,C00576,P0008,3,406.62,10,PayPal
T001840,2024-02-26,C00829,P0051,4,474.01,15,Cash
T001841,2023-09-24,C00275,P0007,4,215.56,5,PayPal
T001842,2024-10-13,C00316,P0006,4,107.43,15,Debit Card
T001843,2024-08-09,C00549,P0022,2,44.99,0,PayPal
T001844,2023-05-13,C00553,P0078,1,91.49,0,Cash
T001845,2023-04-03,C00722,P0100,3,441.62,10,Credit Card
T001846,2024-11-01,C00532,P0007,2,215.56,10,Debit Card
T001847,2023-06-10,C00406,P0069,2,238.84,10,Debit Card
T001848,2024-01-18,C00424,P0043,2,139.06,20,Debit Card
T001849,2023-01-14,C00866,P0005,1,124.0,20,Credit Card
T001850,2024-05-28,C00811,P0051,4,474.01,0,Debit Card
T001851,2023-10-17,C00025,P0039,2,343.34,5,Credit Card
T001852,2023-10-06,C00127,P0096,4,234.04,15,Debit Card
T001853,2023-10-04,C00079,P0011,1,55.45,20,Cash
T001854,2023-01-21,C00761,P0002,5,119.37,20,Debit Card
T001855,2023-04-08,C00603,P0095,4,203.94,5,PayPal
T001856,2023-11-28,C00525,P0055,1,437.49,10,PayPal
T001857,2024-04-14,C00103,P0026,3,122.23,20,Cash
T001858,2024-01-21,C00440,P0038,1,269.27,5,Cash
T001859,2024-07-28,C00495,P0036,3,398.12,20,Debit Card
T001860,2024-01-27,C00509,P0003,4,372.93,10,Credit Card
T001861,2024-04-08,C00592,P0029,1,254.62,15,Debit Card
T001862,2024-04-02,C00489,P0048,5,460.06,0,PayPal
T001863,2023-12-07,C00830,P0019,1,146.21,0,Debit Card
T001864,2023-08-01,C00608,P0063,2,431.22,0,Debit Card
T001865,2024-02-17,C00859,P0079,4,433.68,20,Debit Card
T001866,2023-03-02,C00506,P0099,3,257.88,15,PayPal
T001867,2023-12-12,C00038,P0020,3,89.7,20,Cash
T001868,2023-01-06,C00707,P0035,2,431.94,20,Cash
T001869,2024-07-12,C00321,P0064,2,146.45,10,Cash
T001870,2024-12-26,C00527,P0062,5,319.24,0,Credit Card
T001871,2024-03-11,C00080,P0090,4,207.85,5,Credit Card
T001872,2023-06-15,C00767,P0067,1,405.67,5,Debit Card
T001873,2024-03-24,C00040,P0015,4,313.07,15,Debit Card
T001874,2024-10-03,C00499,P0068,2,332.9,20,Cash
T001875,2024-02-13,C00304,P0002,1,119.37,15,PayPal
T001876,2024-11-23,C00536,P0035,3,431.94,20,PayPal
T001877,2024-07-31,C00170,P0084,2,155.39,10,Debit Card
T001878,2024-09-20,C00381,P0092,5,50.17,20,PayPal
T001879,2024-04-28,C00216,P0060,3,175.66,5,Debit Card
T001880,2024-06-20,C00850,P0092,4,50.17,0,PayPal
T001881,2024-03-02,C00154,P0023,4,367.27,0,Credit Card
T001882,2023-11-16,C00193,P0090,2,207.85,0,Cash
T001883,2023-12-05,C00063,P0013,5,235.12,15,Debit Card
T001884,2023-03-10,C00652,P0045,5,156.24,5,PayPal
T001885,2024-10-05,C00951,P0002,2,119.37,10,PayPal
T001886,2024-03-12,C00747,P0075,3,405.93,10,Cash
T001887,2023-09-18,C00555,P0072,2,131.84,0,Debit Card
T001888,2023-04-16,C00222,P0094,3,338.17,5,PayPal
T001889,2024-07-31,C00130,P0014,5,48.61,20,Cash
T001890,2023-12-05,C00791,P0074,5,132.41,20,PayPal
T001891,2024-09-22,C00932,P0086,4,38.01,5,Debit Card
T001892,2023-01-03,C00222,P0030,1,234.84,20,Debit Card
T001893,2023-05-27,C00487,P0022,1,44.99,10,Credit Card
T001894,2023-02-23,C00524,P0018,4,429.11,15,Cash
T001895,2023-12-01,C00513,P0039,1,343.34,5,Cash
T001896,2024-01-22,C00395,P0100,4,441.62,10,PayPal
T001897,2024-06-18,C00544,P0041,1,64.66,20,Debit Card
T001898,2023-06-20,C00854,P0082,3,217.27,5,Cash
T001899,2024-07-27,C00502,P0057,3,108.56,0,Cash
T001900,2024-10-29,C00183,P0045,1,156.24,10,Cash
T001901,2024-11-17,C00746,P0045,4,156.24,5,Debit Card
T001902,2024-01-27,C00184,P0048,1,460.06,5,Cash
T001903,2024-01-05,C00200,P0068,1,332.9,20,PayPal
T001904,2023-12-03,C00933,P0013,3,235.12,10,Credit Card
T001905,2024-09-13,C00035,P0035,3,431.94,15,Cash
T001906,2023-02-14,C00722,P0090,3,207.85,10,Credit Card
T001907,2024-08-08,C00884,P0004,4,216.74,20,Cash
T001908,2024-05-17,C00485,P0023,5,367.27,0,Credit Card
T001909,2024-01-14,C00628,P0004,2,216.74,5,Debit Card
T001910,2023-03-26,C00855,P0054,1,473.96,0,Cash
T001911,2024-10-14,C00064,P0091,3,130.65,0,PayPal
T001912,2023-07-18,C00629,P0084,1,155.39,10,PayPal
T001913,2024-12-27,C00928,P0022,5,44.99,10,Credit Card
T001914,2024-11-11,C00427,P0052,1,409.85,0,Debit Card
T001915,2024-05-28,C00747,P0019,3,146.21,0,Debit Card
T001916,2024-03-30,C00283,P0006,5,107.43,5,Cash
T001917,2023-06-27,C00765,P0082,1,217.27,10,PayPal
T001918,2024-07-28,C00121,P0045,3,156.24,15,Credit Card
T001919,2024-08-02,C00091,P0060,1,175.66,0,Debit Card
T001920,2023-03-30,C00326,P0024,5,142.27,0,Debit Card
T001921,2023-01-11,C00654,P0028,3,439.42,15,Credit Card
T001922,2023-09-10,C00858,P0040,2,377.93,5,PayPal
T001923,2023-02-24,C00723,P0049,3,19.54,5,PayPal
T001924,2023-05-24,C00324,P0073,4,78.69,5,Debit Card
T001925,2023-10-07,C00182,P0026,3,122.23,10,Cash
T001926,2023-09-28,C00502,P0012,3,305.83,20,PayPal
T001927,2023-12-24,C00658,P0099,5,257.88,15,Debit Card
T001928,2023-02-07,C00395,P0075,2,405.93,20,Debit Card
T001929,2024-12-20,C00356,P0056,3,465.17,5,PayPal
T001930,2024-12-17,C00565,P0065,3,74.83,0,Debit Card
T001931,2023-09-22,C00479,P0028,3,439.42,0,Credit Card
T001932,2024-06-13,C00647,P0085,2,370.51,15,Debit Card
T001933,2024-04-23,C00331,P0076,3,34.79,20,Cash
T001934,2024-11-05,C00923,P0076,1,34.79,10,Credit Card
T001935,2024-10-06,C00891,P0046,1,107.47,5,Cash
T001936,2024-05-01,C00345,P0043,1,139.06,5,PayPal
T001937,2023-11-10,C00479,P0021,5,140.82,5,Credit Card
T001938,2024-03-25,C00468,P0079,5,433.68,20,Cash
T001939,2024-02-13,C00855,P0061,2,298.34,10,PayPal
T001940,2024-09-07,C00495,P0044,4,258.76,10,Credit Card
T001941,2023-08-28,C00958,P0098,5,498.09,0,Cash
T001942,2024-03-12,C00276,P0100,5,441.62,15,Credit Card
T001943,2023-06-17,C00171,P0066,3,292.34,20,Debit Card
T001944,2024-08-04,C00143,P0097,2,14.56,10,Credit Card
T001945,2023-04-03,C00812,P0040,2,377.93,10,Cash
T001946,2024-02-10,C00472,P0022,1,44.99,5,Debit Card
T001947,2023-06-26,C00315,P0039,1,343.34,5,Debit Card
T001948,2023-07-28,C00093,P0056,2,465.17,5,PayPal
T001949,2023-01-06,C00164,P0062,3,319.24,0,Cash
T001950,2024-07-17,C00404,P0088,2,480.78,15,Cash
T001951,2024-04-19,C00249,P0091,1,130.65,15,Debit Card
T001952,2023-11-22,C00958,P0098,2,498.09,15,PayPal
T001953,2023-10-17,C00748,P0087,4,460.5,20,Cash
T001954,2024-06-30,C00356,P0010,4,115.5,20,Credit Card
T001955,2023-08-16,C00183,P0078,2,91.49,10,PayPal
T001956,2023-12-15,C00843,P0065,1,74.83,20,Cash
T001957,2023-03-21,C00236,P0083,2,334.32,15,Debit Card
T001958,2023-02-15,C00310,P0028,4,439.42,0,PayPal
T001959,2024-01-29,C00185,P0084,4,155.39,5,PayPal
T001960,2023-11-15,C00692,P0050,4,127.33,0,PayPal
T001961,2024-03-07,C00168,P0023,4,367.27,20,Credit Card
T001962,2024-04-21,C00355,P0011,1,55.45,15,Credit Card
T001963,2023-06-14,C00132,P0041,5,64.66,20,Cash
T001964,2024-12-03,C00012,P0059,4,231.23,15,Cash
T001965,2023-02-25,C00436,P0039,3,343.34,0,Cash
T001966,2024-05-29,C00800,P0048,4,460.06,10,PayPal
T001967,2023-04-25,C00435,P0023,5,367.27,15,Credit Card
T001968,2023-06-03,C00346,P0001,5,64.55,10,Debit Card
T001969,2024-06-11,C00746,P0079,4,433.68,15,Credit Card
T001970,2024-04-20,C00041,P0037,1,198.54,15,Cash
T001971,2024-01-11,C00911,P0007,5,215.56,10,PayPal
T001972,2024-03-11,C00692,P0044,3,258.76,0,PayPal
T001973,2023-07-03,C00366,P0038,4,269.27,0,Cash
T001974,2023-11-29,C00652,P0039,1,343.34,20,Credit Card
T001975,2024-01-01,C00038,P0094,5,338.17,15,Debit Card
T001976,2023-06-29,C00548,P0011,1,55.45,5,Debit Card
T001977,2024-10-10,C00442,P0064,3,146.45,10,Cash
T001978,2024-12-06,C00250,P0080,5,195.7,20,Cash
T001979,2023-02-11,C00335,P0010,3,115.5,0,Debit Card
T001980,2024-09-15,C00654,P0093,1,266.16,15,Credit Card
T001981,2023-12-12,C00768,P0082,3,217.27,15,Cash
T001982,2023-01-23,C00974,P0024,3,142.27,0,Cash
T001983,2023-04-30,C00585,P0025,3,282.91,10,Debit Card
T001984,2024-12-11,C00384,P0007,5,215.56,15,Debit Card
T001985,2024-03-23,C00765,P0036,2,398.12,10,Credit Card
T001986,2024-09-11,C00932,P0052,2,409.85,10,PayPal
T001987,2023-01-06,C00213,P0053,1,385.26,15,Debit Card
T001988,2023-10-09,C00474,P0035,5,431.94,10,Credit Card
T001989,2023-08-15,C00019,P0029,3,254.62,5,Credit Card
T001990,2024-09-18,C00746,P0037,5,198.54,15,Cash
T001991,2024-10-12,C00337,P0077,5,484.81,15,Cash
T001992,2024-07-25,C00352,P0002,3,119.37,10,PayPal
T001993,2024-03-31,C00474,P0020,4,89.7,5,Debit Card
T001994,2024-11-20,C00262,P0050,4,127.33,0,Credit Card
T001995,2024-10-08,C00575,P0063,3,431.22,0,Debit Card
T001996,2024-06-26,C00312,P0048,3,460.06,10,Cash
T001997,2024-11-21,C00031,P0060,2,175.66,20,Debit Card
T001998,2024-10-01,C00579,P0046,4,107.47,15,Credit Card
T001999,2023-10-18,C00762,P0072,4,131.84,5,Cash
T002000,2024-07-04,C00388,P0017,5,121.67,0,Credit Card
T002001,2024-02-10,C00217,P0028,1,439.42,20,PayPal
T002002,2023-07-02,C00786,P0021,4,140.82,20,Cash
T002003,2023-12-27,C00223,P0097,4,14.56,20,PayPal
T002004,2023-11-24,C00372,P0099,1,257.88,10,Cash
T002005,2023-08-19,C00507,P0052,4,409.85,10,Cash
T002006,2023-06-10,C00410,P0023,3,367.27,0,PayPal
T002007,2024-04-20,C00177,P0084,1,155.39,15,Cash
T002008,2024-03-04,C00194,P0053,1,385.26,20,Debit Card
T002009,2023-05-22,C00635,P0079,5,433.68,0,Cash
T002010,2023-01-24,C00625,P0042,2,11.59,5,Cash
T002011,2024-12-01,C00975,P0012,3,305.83,0,Cash
T002012,2024-07-19,C00885,P0066,2,292.34,5,Cash
T002013,2024-01-13,C00896,P0093,2,266.16,5,Cash
T002014,2024-12-30,C00331,P0026,2,122.23,10,Credit Card
T002015,2023-02-01,C00592,P0027,4,206.57,15,Debit Card
T002016,2024-12-01,C00455,P0078,2,91.49,5,Cash
T002017,2024-05-27,C00114,P0083,5,334.32,10,Debit Card
T002018,2023-09-08,C00740,P0060,1,175.66,0,Credit Card
T002019,2024-11-29,C00417,P0087,5,460.5,15,Cash
T002020,2023-03-14,C00981,P0054,3,473.96,20,Credit Card
T002021,2024-09-13,C00547,P0083,1,334.32,15,Cash
T002022,2023-03-03,C00832,P0038,4,269.27,0,PayPal
T002023,2024-02-14,C00950,P0092,5,50.17,15,Cash
T002024,2023-05-08,C00150,P0014,3,48.61,20,Credit Card
T002025,2023-06-23,C00423,P0047,3,274.3,5,Debit Card
T002026,2024-05-09,C00271,P0027,1,206.57,10,Credit Card
T002027,2024-04-14,C00504,P0091,2,130.65,10,PayPal
T002028,2023-10-30,C00456,P0089,3,43.58,15,PayPal
T002029,2024-08-04,C00609,P0036,1,398.12,5,Debit Card
T002030,2024-06-18,C00027,P0037,2,198.54,10,PayPal
T002031,2024-12-31,C00315,P0038,2,269.27,20,PayPal
T002032,2024-05-01,C00451,P0092,3,50.17,5,Debit Card
T002033,2023-05-31,C00300,P0078,4,91.49,10,Debit Card
T002034,2023-01-29,C00598,P0028,3,439.42,5,Credit Card
T002035,2023-09-23,C00739,P0047,5,274.3,20,Cash
T002036,2024-05-03,C00922,P0080,2,195.7,10,Debit Card
T002037,2024-08-24,C00322,P0065,5,74.83,10,Cash
T002038,2024-05-11,C00174,P0083,5,334.32,15,Debit Card
T002039,2024-05-10,C00015,P0049,1,19.54,10,Debit Card
T002040,2023-11-13,C00230,P0027,2,206.57,10,Credit Card
T002041,2024-10-27,C00366,P0026,4,122.23,15,Credit Card
T002042,2024-06-20,C00760,P0030,2,234.84,10,Credit Card
T002043,2024-02-13,C00102,P0081,3,463.99,20,Credit Card
T002044,2023-10-05,C00985,P0071,5,207.28,20,Credit Card
T002045,2023-02-27,C00581,P0058,5,328.44,5,Debit Card
T002046,2023-09-20,C00188,P0095,2,203.94,5,Cash
T002047,2023-07-01,C00624,P0006,3,107.43,20,PayPal
T002048,2023-04-04,C00195,P0096,1,234.04,5,PayPal
T002049,2023-03-04,C00234,P0027,2,206.57,20,Cash
T002050,2024-04-20,C00550,P0013,1,235.12,10,Credit Card
T002051,2023-07-21,C00120,P0062,4,319.24,0,Cash
T002052,2023-07-22,C00556,P0013,5,235.12,5,Cash
T002053,2023-11-04,C00010,P0073,5,78.69,15,Credit Card
T002054,2024-03-29,C00659,P0100,2,441.62,20,Cash
T002055,2023-01-01,C00773,P0033,4,187.38,20,PayPal
T002056,2024-05-19,C00181,P0081,3,463.99,20,Cash
T002057,2024-06-10,C00975,P0037,3,198.54,10,Debit Card
T002058,2023-12-16,C00695,P0036,5,398.12,20,PayPal
T002059,2024-10-02,C00115,P0057,2,108.56,15,Credit Card
T002060,2023-11-23,C00482,P0066,4,292.34,5,Debit Card
T002061,2023-03-09,C00443,P0098,3,498.09,0,Cash
T002062,2023-12-17,C00704,P0082,5,217.27,5,Debit Card
T002063,2023-04-22,C00238,P0098,2,498.09,10,PayPal
T002064,2023-11-24,C00544,P0099,4,257.88,0,PayPal
T002065,2024-09-16,C00585,P0027,2,206.57,10,Debit Card
T002066,2023-07-16,C00406,P0099,2,257.88,5,Debit Card
T002067,2023-11-30,C00486,P0067,5,405.67,15,PayPal
T002068,2023-08-23,C00484,P0034,3,259.67,10,Debit Card
T002069,2023-11-10,C00745,P0043,3,139.06,10,Cash
T002070,2023-11-12,C00577,P0055,4,437.49,15,Credit Card
T002071,2024-02-18,C00992,P0008,4,406.62,10,Debit Card
T002072,2024-04-12,C00281,P0099,1,257.88,5,Debit Card
T002073,2024-11-08,C00263,P0092,3,50.17,10,Credit Card
T002074,2023-11-26,C00810,P0055,4,437.49,10,Debit Card
T002075,2023-08-09,C00516,P0080,4,195.7,10,Credit Card
T002076,2023-03-18,C00165,P0032,3,296.45,15,Cash
T002077,2023-02-17,C00676,P0100,4,441.62,15,Debit Card
T002078,2023-10-14,C00601,P0078,4,91.49,0,Credit Card
T002079,2023-02-27,C00351,P0082,3,217.27,20,PayPal
T002080,2024-03-24,C00114,P0037,4,198.54,5,Credit Card
T002081,2023-11-29,C00751,P0100,4,441.62,5,Debit Card
T002082,2024-08-26,C00588,P0039,2,343.34,20,Credit Card
T002083,2024-03-24,C00336,P0032,5,296.45,20,PayPal
T002084,2024-07-24,C00837,P0068,3,332.9,0,Debit Card
T002085,2023-03-11,C00729,P0090,3,207.85,10,Cash
T002086,2023-08-08,C00329,P0024,4,142.27,5,Cash
T002087,2024-01-06,C00204,P0043,3,139.06,10,Credit Card
T002088,2023-05-24,C00658,P0016,4,104.22,15,Cash
T002089,2024-05-13,C00852,P0007,5,215.56,0,PayPal
T002090,2023-01-17,C00448,P0073,1,78.69,20,PayPal
T002091,2024-07-05,C00290,P0063,5,431.22,10,Credit Card
T002092,2023-03-19,C00095,P0073,5,78.69,0,Debit Card
T002093,2024-06-09,C00588,P0012,4,305.83,20,Debit Card
T002094,2023-03-16,C00701,P0099,4,257.88,10,Cash
T002095,2024-04-07,C00156,P0095,3,203.94,0,Debit Card
T002096,2024-10-25,C00348,P0074,4,132.41,20,Cash
T002097,2023-01-22,C00589,P0052,3,409.85,0,Cash
T002098,2023-01-20,C00231,P0002,3,119.37,15,Debit Card
T002099,2023-09-23,C00599,P0029,3,254.62,20,Cash
T002100,2024-10-31,C00206,P0086,5,38.01,10,Debit Card
T002101,2023-07-13,C00152,P0099,2,257.88,10,Debit Card
T002102,2023-04-14,C00547,P0004,5,216.74,0,Debit Card
T002103,2024-07-07,C00978,P0045,1,156.24,10,PayPal
T002104,2023-08-24,C00214,P0085,2,370.51,10,Debit Card
T002105,2024-03-10,C00239,P0035,2,431.94,10,Credit Card
T002106,2023-05-21,C00127,P0057,4,108.56,0,Cash
T002107,2023-08-02,C00051,P0049,4,19.54,15,Cash
T002108,2023-07-23,C00790,P0027,4,206.57,20,Credit Card
T002109,2023-04-06,C00519,P0023,5,367.27,20,Credit Card
T002110,2023-06-16,C00215,P0097,1,14.56,15,PayPal
T002111,2023-11-21,C00196,P0054,2,473.96,0,PayPal
T002112,2024-05-04,C00521,P0033,1,187.38,15,Credit Card
T002113,2023-01-08,C00823,P0049,4,19.54,15,Credit Card
T002114,2023-12-30,C00969,P0047,3,274.3,0,Cash
T002115,2024-10-29,C00235,P0039,1,343.34,15,Cash
T002116,2023-01-17,C00748,P0036,3,398.12,0,Debit Card
T002117,2023-09-12,C00579,P0023,1,367.27,5,Debit Card
T002118,2023-05-24,C00482,P0089,1,43.58,0,Debit Card
T002119,2024-11-07,C00381,P0038,5,269.27,15,Debit Card
T002120,2024-03-05,C00179,P0023,5,367.27,5,Debit Card
T002121,2024-01-09,C00806,P0015,2,313.07,0,Cash
T002122,2023-07-28,C00414,P0040,3,377.93,10,PayPal
T002123,2023-01-30,C00340,P0004,1,216.74,15,Credit Card
T002124,2023-05-28,C00048,P0053,5,385.26,15,Debit Card
T002125,2023-06-11,C00016,P0013,3,235.12,5,Credit Card
T002126,2024-03-05,C00116,P0009,4,352.09,15,Cash
T002127,2024-07-03,C00138,P0057,5,108.56,0,PayPal
T002128,2024-05-02,C00922,P0061,3,298.34,5,PayPal
T002129,2024-11-03,C00375,P0070,5,330.19,0,Cash
T002130,2024-05-19,C00852,P0096,5,234.04,5,Debit Card
T002131,2023-08-13,C00133,P0066,2,292.34,5,Credit Card
T002132,2023-04-08,C00414,P0092,3,50.17,20,Credit Card
T002133,2023-09-13,C00257,P0029,2,254.62,10,PayPal
T002134,2024-12-28,C00685,P0060,5,175.66,20,PayPal
T002135,2023-05-15,C00433,P0042,3,11.59,5,Credit Card
T002136,2024-01-30,C00050,P0081,2,463.99,5,Credit Card
T002137,2023-05-27,C00035,P0082,2,217.27,5,Cash
T002138,2023-11-27,C00586,P0002,4,119.37,15,PayPal
T002139,2023-07-12,C00891,P0081,5,463.99,15,Cash
T002140,2023-08-08,C00637,P0059,3,231.23,20,Cash
T002141,2023-05-01,C00287,P0096,5,234.04,10,PayPal
T002142,2023-07-10,C00350,P0033,4,187.38,20,Cash
T002143,2024-11-10,C00685,P0013,3,235.12,20,PayPal
T002144,2023-03-06,C00437,P0047,1,274.3,20,Debit Card
T002145,2023-04-07,C00999,P0030,4,234.84,0,Credit Card
T002146,2024-07-17,C00303,P0092,2,50.17,10,PayPal
T002147,2024-04-08,C00567,P0056,1,465.17,20,Debit Card
T002148,2024-02-12,C00200,P0066,2,292.34,5,Credit Card
T002149,2023-07-23,C00763,P0094,3,338.17,20,Debit Card
T002150,2024-07-30,C00538,P0068,1,332.9,20,PayPal
T002151,2024-07-06,C00711,P0030,5,234.84,5,PayPal
T002152,2023-06-12,C00697,P0013,2,235.12,20,Debit Card
T002153,2023-06-05,C00965,P0070,5,330.19,15,Debit Card
T002154,2023-10-13,C00983,P0007,4,215.56,10,Cash
T002155,2024-06-18,C00916,P0054,4,473.96,15,PayPal
T002156,2023-05-20,C00961,P0093,3,266.16,0,Credit Card
T002157,2023-09-15,C00570,P0091,3,130.65,5,Credit Card
T002158,2023-03-02,C00421,P0097,2,14.56,5,Cash
T002159,2023-06-14,C00996,P0098,2,498.09,15,Debit Card
T002160,2024-10-23,C00401,P0054,5,473.96,5,Debit Card
T002161,2023-12-25,C00232,P0010,3,115.5,5,Cash
T002162,2023-05-07,C00758,P0093,5,266.16,5,Debit Card
T002163,2024-03-30,C00689,P0019,3,146.21,10,Credit Card
T002164,2024-10-14,C00534,P0016,3,104.22,20,Credit Card
T002165,2024-10-05,C00483,P0077,2,484.81,15,PayPal
T002166,2023-05-08,C00761,P0070,5,330.19,15,Debit Card
T002167,2023-03-14,C00933,P0097,3,14.56,10,Credit Card
T002168,2024-01-26,C00116,P0033,4,187.38,15,Debit Card
T002169,2024-12-27,C00887,P0089,4,43.58,10,Debit Card
T002170,2024-06-19,C00091,P0014,5,48.61,20,PayPal
T002171,2023-09-05,C00507,P0086,4,38.01,15,Credit Card
T002172,2024-10-15,C00886,P0014,3,48.61,10,PayPal
T002173,2024-10-17,C00337,P0066,4,292.34,10,PayPal
T002174,2023-03-27,C00104,P0002,4,119.37,5,Cash
T002175,2023-08-15,C00445,P0076,3,34.79,0,Cash
T002176,2024-07-28,C00858,P0078,5,91.49,15,Cash
T002177,2023-02-13,C00111,P0078,5,91.49,0,Credit Card
T002178,2023-05-01,C00245,P0098,3,498.09,20,Cash
T002179,2024-02-08,C00763,P0092,1,50.17,10,Cash
T002180,2024-04-16,C00885,P0074,5,132.41,0,Cash
T002181,2024-10-05,C00797,P0096,4,234.04,0,Debit Card
T002182,2024-08-03,C00025,P0024,3,142.27,0,PayPal
T002183,2024-02-27,C00747,P0004,4,216.74,10,PayPal
T002184,2024-11-30,C00361,P0045,2,156.24,10,Cash
T002185,2023-02-18,C00470,P0042,3,11.59,5,Debit Card
T002186,2024-07-25,C00885,P0099,5,257.88,10,Cash
T002187,2023-12-23,C00836,P0100,2,441.62,15,Credit Card
T002188,2023-12-08,C00632,P0046,5,107.47,5,PayPal
T002189,2023-11-10,C00937,P0013,1,235.12,15,PayPal
T002190,2024-09-28,C00655,P0064,2,146.45,15,Debit Card
T002191,2023-09-29,C00498,P0091,3,130.65,10,Cash
T002192,2024-01-06,C00164,P0097,2,14.56,10,Credit Card
T002193,2023-04-25,C00596,P0025,3,282.91,20,PayPal
T002194,2024-07-27,C00183,P0069,4,238.84,20,Credit Card
T002195,2023-07-23,C00093,P0012,5,305.83,15,PayPal
T002196,2023-05-30,C00349,P0092,5,50.17,10,Cash
T002197,2023-05-17,C00107,P0050,3,127.33,20,Credit Card
T002198,2023-11-28,C00454,P0029,1,254.62,5,Debit Card
T002199,2024-11-14,C00027,P0036,4,398.12,5,Debit Card
T002200,2023-09-09,C00451,P0029,2,254.62,5,Credit Card
T002201,2023-10-31,C00988,P0032,1,296.45,20,Cash
T002202,2024-03-25,C00570,P0054,5,473.96,20,Debit Card
T002203,2024-02-27,C00869,P0024,5,142.27,20,Cash
T002204,2024-10-04,C00910,P0074,4,132.41,10,PayPal
T002205,2023-09-27,C00380,P0056,3,465.17,5,PayPal
T002206,2024-07-07,C00079,P0046,2,107.47,10,Debit Card
T002207,2024-07-05,C00132,P0075,1,405.93,20,Cash
T002208,2024-07-02,C00108,P0041,5,64.66,5,PayPal
T002209,2024-12-19,C01000,P0083,5,334.32,5,Cash
T002210,2023-10-03,C00857,P0074,1,132.41,15,Cash
T002211,2024-05-24,C00447,P0076,1,34.79,5,Credit Card
T002212,2024-07-27,C00573,P0058,1,328.44,10,Cash
T002213,2024-12-24,C00066,P0019,3,146.21,0,PayPal
T002214,2024-08-06,C00971,P0033,1,187.38,20,Cash
T002215,2024-03-17,C00783,P0091,2,130.65,15,Debit Card
T002216,2024-11-08,C00318,P0058,5,328.44,10,PayPal
T002217,2023-08-27,C00818,P0073,5,78.69,15,Debit Card
T002218,2024-07-06,C00601,P0088,3,480.78,0,Credit Card
T002219,2024-12-30,C00367,P0097,5,14.56,0,Credit Card
T002220,2024-09-20,C00543,P0009,4,352.09,5,Debit Card
T002221,2023-09-12,C00793,P0077,2,484.81,5,Credit Card
T002222,2024-10-26,C00747,P0064,1,146.45,10,Credit Card
T002223,2023-04-07,C00588,P0052,4,409.85,15,Cash
T002224,2024-12-14,C00142,P0061,3,298.34,5,Credit Card
T002225,2023-11-15,C00182,P0046,4,107.47,10,Cash
T002226,2023-04-03,C00267,P0024,4,142.27,5,Debit Card
T002227,2023-12-26,C00649,P0083,1,334.32,10,Cash
T002228,2023-04-07,C00264,P0068,1,332.9,20,Credit Card
T002229,2024-07-24,C00700,P0008,3,406.62,0,Debit Card
T002230,2023-01-02,C00013,P0068,1,332.9,10,Cash
T002231,2023-11-10,C00820,P0004,5,216.74,20,PayPal
T002232,2023-03-13,C00194,P0023,5,367.27,15,Debit Card
T002233,2024-07-02,C01000,P0028,3,439.42,0,Debit Card
T002234,2024-09-06,C00588,P0048,2,460.06,15,Debit Card
T002235,2024-06-03,C00834,P0020,4,89.7,0,Credit Card
T002236,2024-07-04,C00827,P0016,3,104.22,10,Credit Card
T002237,2023-12-24,C00185,P0088,5,480.78,20,Debit Card
T002238,2023-04-13,C00198,P0064,5,146.45,5,PayPal
T002239,2024-04-10,C00562,P0085,4,370.51,15,Credit Card
T002240,2024-11-15,C00068,P0071,3,207.28,5,PayPal
T002241,2023-05-25,C00984,P0031,4,375.04,5,Cash
T002242,2023-02-12,C00061,P0046,4,107.47,20,Credit Card
T002243,2024-06-16,C00680,P0012,3,305.83,20,Cash
T002244,2024-07-13,C00206,P0083,3,334.32,10,Debit Card
T002245,2024-04-03,C00203,P0098,3,498.09,15,Cash
T002246,2024-03-21,C00085,P0049,4,19.54,0,Cash
T002247,2023-04-17,C00575,P0042,4,11.59,20,Cash
T002248,2023-11-10,C00806,P0064,3,146.45,0,Credit Card
T002249,2023-07-12,C00315,P0012,5,305.83,20,Debit Card
T002250,2024-10-18,C00757,P0041,1,64.66,20,Credit Card
T002251,2023-02-18,C00395,P0039,2,343.34,10,Credit Card
T002252,2024-12-01,C00757,P0056,5,465.17,20,Debit Card
T002253,2024-06-04,C00698,P0048,1,460.06,5,Credit Card
T002254,2024-04-13,C00914,P0024,2,142.27,10,Credit Card
T002255,2023-07-28,C00212,P0064,5,146.45,20,Credit Card
T002256,2023-02-16,C00211,P0049,1,19.54,10,Credit Card
T002257,2023-09-04,C00834,P0085,3,370.51,5,Cash
T002258,2023-08-22,C00940,P0048,4,460.06,0,Debit Card
T002259,2023-05-26,C00253,P0077,5,484.81,10,Cash
T002260,2024-11-27,C00728,P0074,3,132.41,5,PayPal
T002261,2024-02-24,C00011,P0089,4,43.58,15,Cash
T002262,2023-10-12,C00837,P0025,4,282.91,10,Credit Card
T002263,2024-10-03,C00405,P0089,1,43.58,15,Debit Card
T002264,2024-11-09,C00229,P0089,1,43.58,0,Credit Card
T002265,2023-06-12,C00069,P0063,2,431.22,20,PayPal
T002266,2023-06-21,C00263,P0095,4,203.94,10,PayPal
T002267,2023-10-19,C00268,P0073,1,78.69,0,Cash
T002268,2023-07-26,C00569,P0012,4,305.83,5,Debit Card
T002269,2024-06-14,C00481,P0005,4,124.0,0,Credit Card
T002270,2023-08-23,C00854,P0005,4,124.0,5,Credit Card
T002271,2024-12-11,C00248,P0009,4,352.09,20,PayPal
T002272,2024-03-24,C00147,P0095,4,203.94,20,Credit Card
T002273,2024-11-09,C00786,P0065,2,74.83,5,PayPal
T002274,2023-02-14,C00015,P0073,2,78.69,10,PayPal
T002275,2023-06-29,C00474,P0045,2,156.24,0,Cash
T002276,2024-01-25,C00970,P0020,3,89.7,20,Credit Card
T002277,2023-08-19,C00643,P0024,2,142.27,10,Cash
T002278,2023-01-26,C00072,P0057,2,108.56,20,PayPal
T002279,2024-07-24,C00147,P0021,5,140.82,10,Credit Card
T002280,2023-04-25,C00067,P0088,4,480.78,20,Credit Card
T002281,2024-09-25,C00174,P0093,3,266.16,10,Credit Card
T002282,2023-05-27,C00701,P0014,2,48.61,0,Cash
T002283,2023-01-04,C00060,P0073,4,78.69,20,Credit Card
T002284,2023-08-18,C00644,P0098,1,498.09,20,Credit Card
T002285,2023-01-21,C00844,P0084,4,155.39,20,Cash
T002286,2023-10-17,C00631,P0088,4,480.78,15,Debit Card
T002287,2024-11-30,C00628,P0063,3,431.22,10,Cash
T002288,2024-05-05,C00466,P0020,5,89.7,10,Debit Card
T002289,2023-05-28,C00653,P0037,2,198.54,15,PayPal
T002290,2023-06-14,C00758,P0048,1,460.06,15,PayPal
T002291,2023-05-28,C00471,P0006,4,107.43,20,Debit Card
T002292,2024-02-16,C00861,P0017,3,121.67,5,Cash
T002293,2024-03-07,C00472,P0054,4,473.96,15,Cash
T002294,2024-04-19,C00346,P0047,3,274.3,15,Debit Card
T002295,2024-06-26,C00252,P0027,2,206.57,5,Debit Card
T002296,2024-11-06,C00373,P0080,4,195.7,20,Cash
T002297,2024-01-19,C00315,P0083,2,334.32,15,Debit Card
T002298,2024-04-26,C00556,P0014,4,48.61,10,Cash
T002299,2023-02-22,C00223,P0026,3,122.23,20,Debit Card
T002300,2024-11-06,C00960,P0050,5,127.33,15,Debit Card
T002301,2024-03-29,C00711,P0004,2,216.74,15,Debit Card
T002302,2023-10-07,C00697,P0096,5,234.04,5,Cash
T002303,2024-08-11,C00155,P0026,4,122.23,10,Cash
T002304,2023-09-09,C00134,P0095,4,203.94,10,Credit Card
T002305,2024-11-23,C00806,P0013,1,235.12,0,Credit Card
T002306,2023-01-09,C00340,P0007,1,215.56,10,PayPal
T002307,2023-07-27,C00155,P0096,2,234.04,10,Credit Card
T002308,2024-01-07,C00932,P0080,3,195.7,20,Cash
T002309,2024-05-01,C00721,P0044,2,258.76,10,PayPal
T002310,2023-04-14,C00164,P0072,2,131.84,5,Cash
T002311,2023-05-02,C00933,P0069,5,238.84,15,Debit Card
T002312,2024-07-29,C00644,P0071,4,207.28,10,Debit Card
T002313,2023-04-27,C00969,P0085,2,370.51,15,Credit Card
T002314,2023-02-10,C00902,P0018,4,429.11,15,Cash
T002315,2024-05-03,C00786,P0022,1,44.99,20,PayPal
T002316,2024-03-27,C00586,P0075,2,405.93,15,Credit Card
T002317,2024-05-18,C00581,P0086,3,38.01,10,Credit Card
T002318,2024-01-14,C00182,P0009,2,352.09,20,PayPal
T002319,2024-11-24,C00939,P0051,2,474.01,0,Debit Card
T002320,2024-10-11,C00300,P0042,1,11.59,10,Cash
T002321,2023-01-17,C00913,P0080,5,195.7,15,Debit Card
T002322,2024-01-09,C00197,P0033,5,187.38,10,Credit Card
T002323,2024-05-16,C00928,P0041,2,64.66,0,Debit Card
T002324,2024-12-18,C00270,P0040,4,377.93,15,PayPal
T002325,2023-02-11,C00768,P0035,4,431.94,0,PayPal
T002326,2024-07-18,C00134,P0005,5,124.0,0,Credit Card
T002327,2023-11-06,C00205,P0049,4,19.54,15,Cash
T002328,2023-02-06,C00689,P0089,3,43.58,15,PayPal
T002329,2024-01-11,C00875,P0066,4,292.34,15,PayPal
T002330,2023-05-16,C00737,P0045,3,156.24,20,Debit Card
T002331,2024-05-15,C00274,P0037,1,198.54,15,Credit Card
T002332,2024-11-13,C00883,P0041,5,64.66,0,Credit Card
T002333,2023-05-12,C00110,P0098,2,498.09,0,Debit Card
T002334,2024-01-18,C00158,P0009,5,352.09,5,Credit Card
T002335,2023-03-19,C00741,P0002,1,119.37,10,Credit Card
T002336,2023-06-09,C00642,P0075,4,405.93,10,Credit Card
T002337,2024-09-19,C00058,P0016,2,104.22,5,Credit Card
T002338,2023-07-10,C00736,P0012,1,305.83,0,Cash
T002339,2024-12-03,C00216,P0030,1,234.84,0,Cash
T002340,2023-11-25,C00543,P0081,2,463.99,15,Debit Card
T002341,2024-12-26,C00620,P0064,2,146.45,15,PayPal
T002342,2024-11-23,C00886,P0076,1,34.79,15,Debit Card
T002343,2024-06-03,C00082,P0001,2,64.55,5,PayPal
T002344,2023-05-28,C00590,P0070,2,330.19,0,Credit Card
T002345,2023-07-12,C00869,P0024,3,142.27,5,Debit Card
T002346,2024-02-09,C00857,P0082,5,217.27,10,Cash
T002347,2024-06-02,C00293,P0082,2,217.27,15,PayPal
T002348,2023-12-20,C00247,P0095,5,203.94,0,PayPal
T002349,2023-10-16,C00166,P0097,1,14.56,0,Credit Card
T002350,2024-05-20,C00925,P0045,1,156.24,20,Cash
T002351,2023-03-23,C00783,P0087,4,460.5,0,Credit Card
T002352,2023-11-23,C00790,P0076,3,34.79,20,Credit Card
T002353,2024-08-05,C00745,P0034,3,259.67,15,PayPal
T002354,2024-05-06,C00512,P0048,3,460.06,15,PayPal
T002355,2024-07-13,C00195,P0096,2,234.04,20,Debit Card
T002356,2023-02-13,C00362,P0089,4,43.58,15,Cash
T002357,2023-11-29,C00475,P0052,4,409.85,15,Debit Card
T002358,2023-05-26,C00769,P0095,4,203.94,15,Credit Card
T002359,2023-05-23,C00391,P0041,2,64.66,15,PayPal
T002360,2023-01-15,C00811,P0056,2,465.17,5,Debit Card
T002361,2023-08-11,C00017,P0013,4,235.12,15,Debit Card
T002362,2023-10-05,C00203,P0044,1,258.76,15,Cash
T002363,2023-06-12,C00850,P0039,5,343.34,10,Debit Card
T002364,2023-07-14,C00622,P0063,4,431.22,15,Cash
T002365,2023-06-13,C00993,P0063,1,431.22,10,Credit Card
T002366,2023-03-10,C00723,P0042,4,11.59,20,PayPal
T002367,2023-05-25,C00532,P0031,4,375.04,5,Cash
T002368,2024-05-17,C00980,P0002,3,119.37,5,PayPal
T002369,2024-10-07,C00701,P0040,5,377.93,15,Credit Card
T002370,2024-09-05,C00543,P0017,3,121.67,10,PayPal
T002371,2024-12-06,C00379,P0017,5,121.67,15,Credit Card
T002372,2023-01-19,C00379,P0058,4,328.44,5,Debit Card
T002373,2023-12-01,C00240,P0089,3,43.58,15,PayPal
T002374,2024-07-22,C00592,P0044,3,258.76,5,Debit Card
T002375,2023-11-26,C00587,P0081,2,463.99,20,Debit Card
T002376,2023-09-13,C00577,P0063,4,431.22,0,PayPal
T002377,2024-06-07,C00394,P0013,2,235.12,20,PayPal
T002378,2023-03-25,C00503,P0068,4,332.9,20,PayPal
T002379,2023-03-10,C00399,P0058,2,328.44,10,Debit Card
T002380,2024-01-08,C00061,P0100,4,441.62,5,Debit Card
T002381,2024-10-10,C00336,P0001,3,64.55,20,Cash
T002382,2024-07-29,C00803,P0019,3,146.21,10,Cash
T002383,2023-11-18,C00905,P0078,5,91.49,5,Debit Card
T002384,2024-09-03,C00124,P0078,3,91.49,0,Debit Card
T002385,2024-06-20,C00290,P0065,2,74.83,15,Cash
T002386,2024-12-18,C00306,P0002,3,119.37,5,Debit Card
T002387,2023-10-31,C00030,P0004,4,216.74,0,PayPal
T002388,2024-04-21,C00932,P0100,2,441.62,15,Cash
T002389,2024-07-22,C00609,P0021,4,140.82,10,Credit Card
T002390,2023-10-08,C00283,P0059,2,231.23,20,Cash
T002391,2023-10-19,C00601,P0021,2,140.82,10,Credit Card
T002392,2023-05-07,C00889,P0007,3,215.56,20,Cash
T002393,2024-01-13,C00323,P0019,4,146.21,20,Credit Card
T002394,2024-10-05,C00662,P0056,3,465.17,15,Debit Card
T002395,2023-12-01,C00857,P0079,1,433.68,10,PayPal
T002396,2024-08-02,C00583,P0097,1,14.56,20,Credit Card
T002397,2024-12-31,C00509,P0017,1,121.67,0,Debit Card
T002398,2023-06-05,C00536,P0014,2,48.61,5,Credit Card
T002399,2024-01-04,C00347,P0046,1,107.47,15,PayPal
T002400,2023-03-13,C00411,P0064,5,146.45,0,Cash
T002401,2024-10-19,C00712,P0051,2,474.01,20,Credit Card
T002402,2023-08-01,C00163,P0058,1,328.44,10,Debit Card
T002403,2023-09-03,C00661,P0008,5,406.62,0,Credit Card
T002404,2024-10-20,C00231,P0090,4,207.85,0,Credit Card
T002405,2023-08-13,C00239,P0098,2,498.09,5,PayPal
T002406,2023-11-27,C00775,P0050,4,127.33,0,PayPal
T002407,2024-05-19,C00686,P0004,4,216.74,20,Credit Card
T002408,2023-02-11,C00604,P0026,1,122.23,5,Debit Card
T002409,2024-08-19,C00008,P0063,3,431.22,0,PayPal
T002410,2024-06-05,C00407,P0022,2,44.99,5,Credit Card
T002411,2024-10-04,C00638,P0096,3,234.04,10,PayPal
T002412,2024-06-07,C00164,P0050,2,127.33,20,PayPal
T002413,2023-12-09,C00335,P0026,3,122.23,15,Credit Card
T002414,2024-10-28,C00463,P0037,1,198.54,15,Cash
T002415,2023-07-29,C00116,P0024,1,142.27,15,Credit Card
T002416,2023-07-30,C00778,P0026,5,122.23,10,Debit Card
T002417,2024-08-30,C00370,P0039,4,343.34,0,Debit Card
T002418,2024-08-03,C00223,P0033,5,187.38,0,PayPal
T002419,2023-01-13,C00850,P0028,2,439.42,10,Debit Card
T002420,2024-05-26,C00398,P0093,3,266.16,15,Cash
T002421,2024-09-08,C00170,P0097,4,14.56,15,PayPal
T002422,2024-11-14,C00080,P0032,5,296.45,0,Credit Card
T002423,2023-02-01,C00052,P0080,1,195.7,10,Credit Card
T002424,2023-11-07,C00391,P0057,5,108.56,5,Credit Card
T002425,2023-02-24,C00221,P0048,2,460.06,15,PayPal
T002426,2023-03-19,C00428,P0036,1,398.12,10,Credit Card
T002427,2023-05-03,C00146,P0039,3,343.34,15,Debit Card
T002428,2023-05-04,C00763,P0082,1,217.27,15,Debit Card
T002429,2023-01-15,C00089,P0015,2,313.07,15,PayPal
T002430,2023-10-04,C00720,P0003,5,372.93,15,Credit Card
T002431,2024-12-09,C00221,P0020,1,89.7,15,Cash
T002432,2023-01-31,C00510,P0005,4,124.0,15,Cash
T002433,2023-06-29,C00591,P0002,1,119.37,0,PayPal
T002434,2024-12-27,C00737,P0037,4,198.54,5,PayPal
T002435,2023-01-25,C00279,P0086,2,38.01,5,Cash
T002436,2023-01-02,C00046,P0084,5,155.39,15,Cash
T002437,2023-08-26,C00869,P0092,1,50.17,10,PayPal
T002438,2023-04-01,C00377,P0077,4,484.81,15,Debit Card
T002439,2024-01-18,C00924,P0085,3,370.51,20,Debit Card
T002440,2023-11-25,C00655,P0095,3,203.94,15,Debit Card
T002441,2024-08-17,C00382,P0052,4,409.85,10,PayPal
T002442,2023-06-01,C00770,P0087,4,460.5,20,Cash
T002443,2024-01-04,C00089,P0056,5,465.17,10,Debit Card
T002444,2023-12-07,C00661,P0046,4,107.47,15,Debit Card
T002445,2023-02-13,C00519,P0044,2,258.76,20,PayPal
T002446,2024-07-07,C00852,P0081,2,463.99,20,Debit Card
T002447,2023-07-30,C00406,P0089,1,43.58,15,Credit Card
T002448,2024-05-28,C00043,P0070,5,330.19,0,Credit Card
T002449,2023-09-18,C00681,P0071,2,207.28,5,PayPal
T002450,2024-05-15,C00334,P0015,3,313.07,20,Cash
T002451,2024-06-19,C00840,P0085,4,370.51,5,PayPal
T002452,2024-02-22,C00770,P0089,1,43.58,5,Cash
T002453,2023-06-09,C00917,P0089,2,43.58,0,Credit Card
T002454,2024-05-22,C00938,P0019,1,146.21,10,Debit Card
T002455,2024-02-20,C00846,P0039,2,343.34,20,Credit Card
T002456,2023-07-15,C00017,P0004,1,216.74,10,Credit Card
T002457,2023-08-01,C00848,P0024,1,142.27,0,PayPal
T002458,2024-04-08,C00433,P0016,3,104.22,15,Credit Card
T002459,2024-12-15,C00308,P0077,3,484.81,15,PayPal
T002460,2023-08-02,C00439,P0039,5,343.34,20,Cash
T002461,2024-10-12,C00608,P0079,1,433.68,15,Credit Card
T002462,2024-05-26,C00360,P0041,1,64.66,10,Cash
T002463,2024-01-28,C00552,P0097,1,14.56,15,PayPal
T002464,2024-12-02,C00028,P0063,4,431.22,0,Cash
T002465,2023-03-30,C00259,P0061,5,298.34,0,Credit Card
T002466,2023-09-09,C00851,P0093,1,266.16,15,Cash
T002467,2023-12-12,C00619,P0031,4,375.04,0,PayPal
T002468,2023-11-14,C00796,P0071,4,207.28,5,Cash
T002469,2023-04-08,C00701,P0002,2,119.37,20,Credit Card
T002470,2024-06-02,C00071,P0057,5,108.56,5,Cash
T002471,2023-10-09,C00579,P0090,4,207.85,20,Credit Card
T002472,2023-09-17,C00121,P0075,5,405.93,15,Debit Card
T002473,2024-04-07,C00875,P0038,2,269.27,0,PayPal
T002474,2024-09-07,C00437,P0043,1,139.06,5,Credit Card
T002475,2023-07-23,C00498,P0062,2,319.24,0,Cash
T002476,2024-10-31,C00792,P0023,4,367.27,0,PayPal
T002477,2023-07-07,C00349,P0029,5,254.62,15,Debit Card
T002478,2024-12-31,C00828,P0057,1,108.56,0,Debit Card
T002479,2023-05-23,C00759,P0017,5,121.67,20,Credit Card
T002480,2024-03-24,C00376,P0064,4,146.45,0,PayPal
T002481,2024-10-12,C00109,P0070,4,330.19,15,Credit Card
T002482,2023-10-13,C00571,P0056,4,465.17,0,Credit Card
T002483,2023-03-31,C00899,P0034,3,259.67,15,Cash
T002484,2024-06-03,C00929,P0032,2,296.45,0,Credit Card
T002485,2023-06-15,C00585,P0012,2,305.83,5,Cash
T002486,2024-11-06,C00383,P0070,5,330.19,10,Cash
T002487,2023-03-10,C00190,P0085,5,370.51,15,Credit Card
T002488,2024-07-27,C00238,P0006,2,107.43,5,PayPal
T002489,2023-05-17,C00719,P0096,4,234.04,0,PayPal
T002490,2023-03-03,C00808,P0066,1,292.34,0,PayPal
T002491,2024-08-22,C00010,P0068,3,332.9,5,PayPal
T002492,2023-09-07,C00821,P0062,2,319.24,5,Cash
T002493,2024-05-04,C00220,P0062,1,319.24,5,Cash
T002494,2024-07-20,C00643,P0082,5,217.27,0,Debit Card
T002495,2024-11-14,C00879,P0017,5,121.67,5,Credit Card
T002496,2024-05-04,C00075,P0066,5,292.34,5,Debit Card
T002497,2024-10-03,C00424,P0097,3,14.56,5,PayPal
T002498,2024-02-21,C00771,P0008,4,406.62,0,PayPal
T002499,2024-02-09,C00198,P0004,3,216.74,15,Cash
T002500,2024-09-12,C00767,P0029,2,254.62,15,Cash
T002501,2024-10-23,C00651,P0097,2,14.56,5,PayPal
T002502,2024-05-24,C00077,P0099,4,257.88,20,Credit Card
T002503,2024-03-03,C00576,P0009,1,352.09,5,Credit Card
T002504,2024-01-14,C00403,P0036,3,398.12,15,PayPal
T002505,2023-11-07,C00620,P0069,3,238.84,10,Cash
T002506,2024-06-07,C00396,P0063,5,431.22,20,Debit Card
T002507,2024-04-25,C00094,P0044,4,258.76,10,Credit Card
T002508,2023-09-15,C00275,P0081,3,463.99,10,Debit Card
T002509,2023-11-17,C00929,P0042,2,11.59,20,Debit Card
T002510,2023-12-23,C00197,P0040,3,377.93,20,Cash
T002511,2023-10-13,C00613,P0034,4,259.67,5,Debit Card
T002512,2024-12-05,C00195,P0038,3,269.27,20,PayPal
T002513,2023-07-29,C00596,P0060,5,175.66,5,Credit Card
T002514,2023-10-26,C00253,P0082,2,217.27,20,PayPal
T002515,2023-07-07,C00830,P0083,4,334.32,10,Debit Card
T002516,2024-02-06,C00735,P0062,3,319.24,20,Cash
T002517,2024-07-04,C00150,P0044,3,258.76,20,Credit Card
T002518,2023-09-16,C00990,P0016,4,104.22,20,Cash
T002519,2023-01-04,C00194,P0009,3,352.09,15,Cash
T002520,2024-07-17,C00841,P0075,3,405.93,20,Cash
T002521,2023-07-23,C00053,P0035,4,431.94,15,Credit Card
T002522,2024-05-02,C00397,P0056,3,465.17,0,Debit Card
T002523,2023-07-05,C00371,P0016,1,104.22,0,Credit Card
T002524,2023-10-12,C00562,P0014,5,48.61,10,Debit Card
T002525,2023-04-09,C00704,P0096,4,234.04,5,Credit Card
T002526,2024-11-07,C00062,P0073,1,78.69,0,PayPal
T002527,2024-10-01,C00284,P0093,3,266.16,15,Debit Card
T002528,2023-08-25,C00634,P0029,5,254.62,20,PayPal
T002529,2024-07-19,C00861,P0046,2,107.47,5,Credit Card
T002530,2024-07-20,C00325,P0075,2,405.93,5,Cash
T002531,2023-07-28,C00632,P0070,1,330.19,5,Credit Card
T002532,2024-08-07,C00629,P0095,3,203.94,15,Credit Card
T002533,2023-04-08,C00866,P0032,4,296.45,5,Debit Card
T002534,2024-04-15,C00170,P0079,2,433.68,5,PayPal
T002535,2023-04-20,C00245,P0001,3,64.55,15,Cash
T002536,2024-04-01,C00238,P0028,1,439.42,0,Cash
T002537,2024-12-30,C00454,P0057,2,108.56,15,Cash
T002538,2023-01-24,C00784,P0070,3,330.19,5,Cash
T002539,2024-03-23,C00351,P0068,3,332.9,0,Cash
T002540,2024-06-03,C00398,P0079,4,433.68,20,Debit Card
T002541,2024-01-17,C00721,P0019,1,146.21,20,Cash
T002542,2023-06-22,C00213,P0052,2,409.85,10,PayPal
T002543,2024-02-19,C00255,P0036,3,398.12,5,Cash
T002544,2024-09-06,C00984,P0061,1,298.34,20,Debit Card
T002545,2024-10-22,C00067,P0090,4,207.85,0,Cash
T002546,2024-08-08,C00369,P0045,4,156.24,0,Cash
T002547,2024-03-22,C00457,P0093,4,266.16,0,Cash
T002548,2023-09-19,C00235,P0045,3,156.24,10,PayPal
T002549,2024-05-05,C00173,P0021,2,140.82,20,Debit Card
T002550,2023-02-07,C00374,P0049,1,19.54,5,Credit Card
T002551,2024-12-25,C00095,P0021,5,140.82,20,Credit Card
T002552,2023-09-14,C00538,P0011,3,55.45,15,Debit Card
T002553,2023-10-28,C00880,P0019,4,146.21,10,Debit Card
T002554,2023-08-23,C00320,P0053,2,385.26,20,Credit Card
T002555,2023-08-26,C00636,P0012,1,305.83,20,Debit Card
T002556,2023-10-23,C00482,P0071,4,207.28,5,Debit Card
T002557,2023-01-18,C00618,P0026,1,122.23,0,Credit Card
T002558,2023-10-03,C00547,P0023,1,367.27,15,PayPal
T002559,2023-07-03,C00547,P0020,2,89.7,5,Credit Card
T002560,2023-11-30,C00785,P0022,3,44.99,20,Credit Card
T002561,2024-05-27,C00917,P0065,1,74.83,15,Debit Card
T002562,2023-06-21,C00481,P0007,2,215.56,5,Debit Card
T002563,2024-09-15,C00588,P0048,3,460.06,15,Debit Card
T002564,2024-04-10,C00728,P0023,1,367.27,5,Debit Card
T002565,2024-10-17,C00773,P0078,1,91.49,0,Cash
T002566,2023-05-20,C00295,P0001,4,64.55,20,Cash
T002567,2024-11-24,C00405,P0097,5,14.56,20,Cash
T002568,2024-06-21,C00986,P0060,5,175.66,10,Cash
T002569,2023-09-15,C00960,P0068,4,332.9,5,Cash
T002570,2023-05-10,C00212,P0005,1,124.0,20,PayPal
T002571,2023-11-02,C00619,P0015,4,313.07,15,Cash
T002572,2023-11-03,C00025,P0048,3,460.06,15,Debit Card
T002573,2023-01-17,C00446,P0028,2,439.42,15,Debit Card
T002574,2024-10-26,C00406,P0039,2,343.34,5,Credit Card
T002575,2023-08-21,C00259,P0057,4,108.56,15,Cash
T002576,2024-12-30,C00381,P0060,2,175.66,15,Debit Card
T002577,2024-03-01,C00252,P0007,2,215.56,0,PayPal
T002578,2024-01-19,C00359,P0007,4,215.56,15,Cash
T002579,2023-03-21,C00302,P0077,3,484.81,20,Cash
T002580,2023-02-11,C00070,P0062,3,319.24,10,Debit Card
T002581,2023-11-14,C00170,P0065,1,74.83,0,Debit Card
T002582,2024-12-29,C00277,P0072,1,131.84,0,Debit Card
T002583,2024-10-07,C00381,P0067,1,405.67,15,Cash
T002584,2023-12-09,C00472,P0079,3,433.68,20,PayPal
T002585,2023-10-19,C00053,P0048,5,460.06,20,Credit Card
T002586,2024-03-24,C00500,P0098,4,498.09,20,Credit Card
T002587,2024-11-13,C00562,P0100,5,441.62,20,Credit Card
T002588,2023-06-07,C00339,P0049,4,19.54,10,Debit Card
T002589,2023-05-26,C00937,P0098,2,498.09,0,Cash
T002590,2023-10-10,C00226,P0051,1,474.01,0,PayPal
T002591,2023-01-13,C00200,P0018,4,429.11,20,Debit Card
T002592,2024-03-03,C00438,P0020,5,89.7,20,PayPal
T002593,2023-08-04,C00068,P0001,2,64.55,0,PayPal
T002594,2024-05-09,C00225,P0009,4,352.09,5,Cash
T002595,2023-04-27,C00686,P0011,4,55.45,10,PayPal
T002596,2024-04-25,C00591,P0034,5,259.67,20,PayPal
T002597,2024-10-08,C00335,P0086,5,38.01,5,PayPal
T002598,2024-08-31,C00919,P0100,2,441.62,5,Credit Card
T002599,2024-03-20,C00279,P0062,3,319.24,20,PayPal
T002600,2024-05-25,C00415,P0093,1,266.16,20,PayPal
T002601,2023-09-21,C00844,P0014,2,48.61,20,Debit Card
T002602,2023-08-13,C00476,P0032,2,296.45,0,PayPal
T002603,2024-02-27,C00410,P0096,4,234.04,20,PayPal
T002604,2023-11-03,C00249,P0011,2,55.45,20,Cash
T002605,2024-11-09,C00794,P0009,3,352.09,0,Cash
T002606,2024-02-20,C00158,P0056,4,465.17,15,Credit Card
T002607,2023-12-08,C00122,P0048,3,460.06,5,Cash
T002608,2024-05-18,C00603,P0051,2,474.01,15,Cash
T002609,2023-08-29,C00250,P0037,5,198.54,5,PayPal
T002610,2023-06-13,C00335,P0077,5,484.81,15,Credit Card
T002611,2023-04-14,C00085,P0011,1,55.45,5,Cash
T002612,2024-05-19,C00957,P0012,2,305.83,0,Credit Card
T002613,2024-04-27,C00034,P0023,2,367.27,10,PayPal
T002614,2024-11-26,C00941,P0088,3,480.78,20,Credit Card
T002615,2023-02-11,C00915,P0022,3,44.99,10,Credit Card
T002616,2023-02-09,C00085,P0075,1,405.93,20,Credit Card
T002617,2023-07-16,C00919,P0022,4,44.99,15,Credit Card
T002618,2023-10-01,C00299,P0076,5,34.79,20,Credit Card
T002619,2024-09-19,C00142,P0037,1,198.54,15,PayPal
T002620,2023-06-11,C00795,P0083,5,334.32,0,Cash
T002621,2024-09-13,C00706,P0029,3,254.62,0,Cash
T002622,2023-12-13,C00167,P0086,4,38.01,15,PayPal
T002623,2024-06-05,C00301,P0040,4,377.93,15,Debit Card
T002624,2023-11-13,C00335,P0086,2,38.01,5,Cash
T002625,2023-06-02,C00159,P0091,1,130.65,0,Credit Card
T002626,2024-08-24,C00152,P0016,1,104.22,15,Debit Card
T002627,2023-06-02,C00076,P0093,3,266.16,10,PayPal
T002628,2024-08-16,C00736,P0031,4,375.04,15,Cash
T002629,2023-05-06,C00685,P0083,5,334.32,20,PayPal
T002630,2024-12-27,C00918,P0027,4,206.57,0,PayPal
T002631,2023-06-10,C00197,P0051,3,474.01,0,Credit Card
T002632,2023-02-02,C00399,P0033,2,187.38,15,Cash
T002633,2024-11-05,C00803,P0051,3,474.01,15,Debit Card
T002634,2023-12-01,C00990,P0096,4,234.04,10,Debit Card
T002635,2023-01-08,C00978,P0022,3,44.99,15,Credit Card
T002636,2024-05-13,C00152,P0043,1,139.06,5,Debit Card
T002637,2024-06-09,C00508,P0078,3,91.49,5,Debit Card
T002638,2024-03-03,C00790,P0005,1,124.0,10,PayPal
T002639,2024-09-21,C00346,P0048,1,460.06,0,Cash
T002640,2024-05-28,C00217,P0026,2,122.23,10,PayPal
T002641,2024-06-27,C00911,P0051,5,474.01,20,Debit Card
T002642,2024-03-21,C00973,P0099,1,257.88,15,PayPal
T002643,2024-07-05,C00468,P0097,1,14.56,10,PayPal
T002644,2023-01-19,C00604,P0053,1,385.26,15,Cash
T002645,2024-04-19,C00586,P0078,2,91.49,10,Debit Card
T002646,2024-04-05,C00308,P0034,1,259.67,5,PayPal
T002647,2024-02-09,C00005,P0034,5,259.67,5,Credit Card
T002648,2023-08-16,C00245,P0058,4,328.44,0,Cash
T002649,2023-02-18,C00822,P0010,3,115.5,20,Cash
T002650,2023-01-17,C00890,P0065,3,74.83,20,Credit Card
T002651,2024-05-23,C00219,P0075,5,405.93,20,PayPal
T002652,2023-04-29,C00948,P0031,4,375.04,20,PayPal
T002653,2023-07-01,C00672,P0070,2,330.19,0,Cash
T002654,2023-03-23,C00663,P0043,2,139.06,15,Credit Card
T002655,2023-04-12,C00954,P0017,3,121.67,5,PayPal
T002656,2024-11-18,C00426,P0033,2,187.38,15,Debit Card
T002657,2023-06-17,C00100,P0047,3,274.3,10,Credit Card
T002658,2023-03-20,C00895,P0020,1,89.7,0,Debit Card
T002659,2023-03-09,C00789,P0100,3,441.62,5,Credit Card
T002660,2024-04-07,C00125,P0044,5,258.76,20,Cash
T002661,2024-06-07,C00493,P0016,5,104.22,10,Credit Card
T002662,2023-12-31,C00362,P0012,2,305.83,15,Debit Card
T002663,2024-07-12,C00743,P0033,1,187.38,20,Credit Card
T002664,2023-03-06,C00150,P0021,3,140.82,5,Debit Card
T002665,2024-05-05,C00647,P0097,3,14.56,0,PayPal
T002666,2024-02-03,C00443,P0097,1,14.56,20,Cash
T002667,2023-08-06,C00195,P0022,5,44.99,15,Credit Card
T002668,2023-08-21,C00957,P0085,4,370.51,20,Cash
T002669,2024-02-01,C00658,P0042,3,11.59,5,Credit Card
T002670,2023-02-07,C00193,P0058,1,328.44,20,PayPal
T002671,2023-01-18,C00957,P0086,3,38.01,10,Cash
T002672,2023-01-08,C00883,P0041,4,64.66,0,Debit Card
T002673,2023-04-09,C00534,P0077,5,484.81,0,Debit Card
T002674,2024-04-29,C00567,P0064,5,146.45,10,Credit Card
T002675,2024-10-01,C00806,P0005,3,124.0,5,PayPal
T002676,2024-07-03,C00301,P0055,1,437.49,0,Credit Card
T002677,2023-11-04,C00988,P0086,2,38.01,10,Cash
T002678,2023-06-06,C00349,P0036,4,398.12,0,PayPal
T002679,2023-03-18,C00316,P0064,3,146.45,15,Credit Card
T002680,2023-01-27,C00336,P0037,2,198.54,0,Debit Card
T002681,2024-06-21,C00614,P0078,1,91.49,10,Credit Card
T002682,2023-04-08,C00787,P0034,3,259.67,10,Credit Card
T002683,2023-07-07,C00218,P0074,5,132.41,0,Debit Card
T002684,2023-02-20,C00319,P0036,5,398.12,20,Credit Card
T002685,2024-12-30,C00958,P0071,5,207.28,20,PayPal
T002686,2024-07-19,C00305,P0085,1,370.51,15,Credit Card
T002687,2023-11-16,C00096,P0054,3,473.96,10,Credit Card
T002688,2023-05-21,C00097,P0009,5,352.09,0,Credit Card
T002689,2024-05-03,C00481,P0006,3,107.43,15,Credit Card
T002690,2023-09-28,C00606,P0021,5,140.82,5,Credit Card
T002691,2023-12-09,C00190,P0022,5,44.99,0,Credit Card
T002692,2024-04-26,C00747,P0028,2,439.42,5,Debit Card
T002693,2024-02-22,C00698,P0001,5,64.55,10,Debit Card
T002694,2024-05-19,C00244,P0071,1,207.28,15,Debit Card
T002695,2024-09-19,C00398,P0086,2,38.01,20,PayPal
T002696,2023-12-19,C00415,P0018,5,429.11,15,PayPal
T002697,2023-10-03,C00632,P0032,1,296.45,15,PayPal
T002698,2024-10-25,C00510,P0078,1,91.49,0,Cash
T002699,2024-08-27,C00765,P0025,3,282.91,5,Debit Card
T002700,2024-10-18,C00123,P0075,2,405.93,5,Credit Card
T002701,2023-08-25,C00763,P0032,1,296.45,0,Cash
T002702,2023-05-17,C00284,P0028,1,439.42,20,Credit Card
T002703,2024-10-29,C00735,P0027,1,206.57,0,Cash
T002704,2023-04-20,C00212,P0044,4,258.76,5,Debit Card
T002705,2024-10-25,C00890,P0016,3,104.22,10,Cash
T002706,2024-01-23,C00532,P0085,3,370.51,15,Debit Card
T002707,2024-10-12,C00212,P0019,4,146.21,10,Debit Card
T002708,2024-11-12,C00249,P0085,4,370.51,15,PayPal
T002709,2024-03-23,C00259,P0007,1,215.56,15,Cash
T002710,2023-06-12,C00801,P0008,1,406.62,15,PayPal
T002711,2023-07-28,C00114,P0053,3,385.26,5,PayPal
T002712,2023-10-14,C00437,P0023,1,367.27,15,Credit Card
T002713,2024-08-23,C00357,P0059,3,231.23,5,Cash
T002714,2023-07-25,C00885,P0089,3,43.58,15,Cash
T002715,2023-10-04,C00492,P0021,2,140.82,15,Debit Card
T002716,2023-01-18,C00241,P0100,4,441.62,15,Debit Card
T002717,2024-07-18,C00658,P0066,2,292.34,0,PayPal
T002718,2024-01-15,C00261,P0067,1,405.67,10,PayPal
T002719,2024-02-18,C00065,P0003,5,372.93,0,Debit Card
T002720,2023-10-17,C00830,P0033,2,187.38,20,Debit Card
T002721,2024-10-04,C00542,P0064,1,146.45,5,Credit Card
T002722,2023-12-02,C00707,P0099,5,257.88,15,PayPal
T002723,2023-01-02,C00199,P0062,2,319.24,0,PayPal
T002724,2024-03-11,C00713,P0033,3,187.38,20,Debit Card
T002725,2024-10-05,C00686,P0052,5,409.85,20,PayPal
T002726,2023-04-09,C00484,P0049,5,19.54,5,Debit Card
T002727,2023-11-29,C00879,P0006,3,107.43,10,Cash
T002728,2023-09-04,C00342,P0069,4,238.84,5,Cash
T002729,2024-07-29,C00707,P0003,1,372.93,0,Debit Card
T002730,2023-08-25,C00888,P0053,1,385.26,5,Cash
T002731,2024-02-27,C00757,P0069,1,238.84,0,Cash
T002732,2023-05-19,C00756,P0029,2,254.62,5,PayPal
T002733,2023-04-10,C00263,P0005,1,124.0,20,Cash
T002734,2023-05-04,C00659,P0036,5,398.12,15,Debit Card
T002735,2023-04-06,C00946,P0044,2,258.76,20,Credit Card
T002736,2023-04-06,C00811,P0033,5,187.38,20,Debit Card
T002737,2023-02-15,C00706,P0061,3,298.34,20,Debit Card
T002738,2024-11-04,C00713,P0097,1,14.56,15,Debit Card
T002739,2024-02-26,C00103,P0043,1,139.06,20,Debit Card
T002740,2024-08-12,C00001,P0036,4,398.12,10,PayPal
T002741,2024-04-08,C00713,P0072,2,131.84,0,Credit Card
T002742,2024-10-04,C00022,P0074,3,132.41,5,Debit Card
T002743,2023-06-10,C00756,P0030,1,234.84,5,Debit Card
T002744,2023-08-03,C00136,P0026,3,122.23,15,Credit Card
T002745,2024-11-08,C00232,P0058,5,328.44,5,Credit Card
T002746,2023-05-01,C00935,P0093,2,266.16,10,PayPal
T002747,2024-12-04,C00158,P0056,1,465.17,5,Cash
T002748,2024-01-23,C00176,P0001,3,64.55,0,Debit Card
T002749,2024-12-01,C00112,P0054,1,473.96,5,Debit Card
T002750,2023-03-16,C00426,P0020,1,89.7,15,Debit Card
T002751,2024-12-17,C00273,P0022,5,44.99,20,PayPal
T002752,2024-04-08,C00849,P0021,5,140.82,20,Debit Card
T002753,2024-04-04,C00177,P0055,5,437.49,15,PayPal
T002754,2023-11-20,C00621,P0034,2,259.67,0,Debit Card
T002755,2024-02-20,C00385,P0038,5,269.27,15,Credit Card
T002756,2024-08-18,C00816,P0015,2,313.07,0,Debit Card
T002757,2024-12-18,C00973,P0069,1,238.84,20,Cash
T002758,2024-02-09,C00595,P0084,2,155.39,0,Debit Card
T002759,2024-07-05,C00819,P0030,2,234.84,5,Credit Card
T002760,2024-06-04,C00557,P0078,1,91.49,5,Credit Card
T002761,2023-12-14,C00551,P0068,1,332.9,10,PayPal
T002762,2023-12-07,C00140,P0071,2,207.28,0,Cash
T002763,2024-05-17,C00144,P0027,2,206.57,0,Debit Card
T002764,2024-10-01,C00074,P0057,4,108.56,20,Credit Card
T002765,2023-11-26,C00169,P0059,3,231.23,10,Credit Card
T002766,2023-02-03,C00012,P0098,1,498.09,0,Credit Card
T002767,2023-03-27,C00169,P0042,5,11.59,0,Credit Card
T002768,2024-12-05,C00493,P0025,1,282.91,15,PayPal
T002769,2023-02-28,C00767,P0081,5,463.99,0,Debit Card
T002770,2023-12-28,C00389,P0041,1,64.66,20,PayPal
T002771,2023-10-27,C00164,P0034,1,259.67,20,Debit Card
T002772,2024-09-06,C00591,P0086,5,38.01,15,PayPal
T002773,2024-05-17,C00933,P0067,1,405.67,5,Debit Card
T002774,2023-10-23,C00637,P0065,1,74.83,10,Cash
T002775,2024-04-25,C00520,P0006,4,107.43,15,Credit Card
T002776,2023-02-15,C00051,P0077,1,484.81,10,Debit Card
T002777,2024-01-22,C00652,P0045,3,156.24,0,PayPal
T002778,2024-06-12,C00543,P0036,2,398.12,15,Cash
T002779,2024-07-30,C00242,P0016,4,104.22,5,PayPal
T002780,2024-06-07,C00330,P0030,3,234.84,0,PayPal
T002781,2023-11-14,C00804,P0022,5,44.99,15,Credit Card
T002782,2024-07-19,C00041,P0092,4,50.17,0,Cash
T002783,2023-08-01,C00421,P0031,5,375.04,20,Cash
T002784,2024-09-24,C00806,P0046,1,107.47,20,Debit Card
T002785,2023-05-09,C00063,P0009,3,352.09,0,Credit Card
T002786,2024-02-06,C00855,P0033,5,187.38,0,Credit Card
T002787,2023-09-25,C00751,P0081,3,463.99,5,Cash
T002788,2024-05-25,C00529,P0032,2,296.45,15,Debit Card
T002789,2024-06-25,C00066,P0083,4,334.32,10,Debit Card
T002790,2023-06-08,C00068,P0087,2,460.5,15,PayPal
T002791,2023-06-24,C00586,P0067,3,405.67,15,PayPal
T002792,2023-06-12,C00249,P0003,4,372.93,5,PayPal
T002793,2024-06-25,C00220,P0056,1,465.17,10,PayPal
T002794,2023-03-26,C00895,P0060,1,175.66,15,PayPal
T002795,2024-10-08,C00161,P0050,3,127.33,10,PayPal
T002796,2023-02-13,C00413,P0024,2,142.27,10,PayPal
T002797,2024-07-10,C00192,P0088,3,480.78,5,Credit Card
T002798,2024-11-15,C00482,P0011,4,55.45,10,Cash
T002799,2023-10-14,C00526,P0038,5,269.27,20,Credit Card
T002800,2023-08-20,C00112,P0094,3,338.17,5,Debit Card
T002801,2023-10-10,C00743,P0043,2,139.06,15,Credit Card
T002802,2024-11-20,C00349,P0089,1,43.58,10,Credit Card
T002803,2023-10-26,C00210,P0031,2,375.04,5,PayPal
T002804,2023-07-18,C00264,P0068,5,332.9,10,Credit Card
T002805,2024-02-09,C00228,P0094,2,338.17,0,Credit Card
T002806,2023-04-07,C00615,P0092,4,50.17,20,Cash
T002807,2023-05-07,C00050,P0070,5,330.19,5,Debit Card
T002808,2024-08-30,C00647,P0012,2,305.83,15,Debit Card
T002809,2023-05-18,C00660,P0052,3,409.85,5,Credit Card
T002810,2024-02-21,C00741,P0005,1,124.0,0,Cash
T002811,2023-12-02,C00098,P0050,4,127.33,20,Cash
T002812,2024-07-19,C00885,P0093,5,266.16,0,Credit Card
T002813,2023-07-09,C00841,P0027,1,206.57,0,Credit Card
T002814,2023-12-09,C00425,P0100,1,441.62,20,Debit Card
T002815,2024-09-03,C00947,P0068,1,332.9,5,Cash
T002816,2023-12-08,C00653,P0061,4,298.34,10,PayPal
T002817,2024-09-02,C00984,P0016,4,104.22,0,Debit Card
T002818,2024-02-06,C00625,P0048,3,460.06,5,Credit Card
T002819,2023-03-20,C00619,P0040,1,377.93,0,PayPal
T002820,2023-04-22,C00300,P0070,2,330.19,5,Cash
T002821,2024-06-26,C00352,P0062,1,319.24,20,Debit Card
T002822,2024-02-22,C00175,P0025,2,282.91,5,Debit Card
T002823,2023-03-17,C00463,P0031,3,375.04,10,PayPal
T002824,2024-03-04,C00095,P0010,3,115.5,0,PayPal
T002825,2023-05-14,C00549,P0067,4,405.67,0,PayPal
T002826,2024-10-07,C00797,P0003,3,372.93,5,Cash
T002827,2024-02-09,C00446,P0055,1,437.49,20,Credit Card
T002828,2023-04-30,C00132,P0096,4,234.04,0,Credit Card
T002829,2023-07-17,C00533,P0008,2,406.62,10,Cash
T002830,2024-02-12,C00091,P0078,1,91.49,15,Debit Card
T002831,2024-12-02,C00075,P0059,3,231.23,5,Credit Card
T002832,2023-06-29,C00224,P0099,3,257.88,10,PayPal
T002833,2023-02-23,C00522,P0056,5,465.17,5,Cash
T002834,2024-08-08,C00498,P0014,4,48.61,15,Debit Card
T002835,2024-09-28,C00538,P0027,3,206.57,10,Credit Card
T002836,2023-04-29,C00312,P0031,5,375.04,0,Cash
T002837,2023-07-18,C00306,P0044,2,258.76,15,Debit Card
T002838,2024-02-22,C00218,P0006,2,107.43,10,Credit Card
T002839,2023-02-24,C00684,P0014,3,48.61,15,Credit Card
T002840,2024-09-12,C00520,P0007,3,215.56,20,Credit Card
T002841,2023-10-24,C00588,P0037,2,198.54,0,Cash
T002842,2023-09-19,C00827,P0075,2,405.93,15,Cash
T002843,2024-10-01,C00828,P0074,4,132.41,10,Cash
T002844,2023-04-02,C00303,P0067,2,405.67,20,PayPal
T002845,2024-08-16,C00653,P0050,5,127.33,5,Debit Card
T002846,2023-12-05,C00106,P0073,3,78.69,0,PayPal
T002847,2024-08-06,C00812,P0080,2,195.7,5,Debit Card
T002848,2023-04-21,C00860,P0024,2,142.27,10,Debit Card
T002849,2024-03-16,C00578,P0052,5,409.85,0,Cash
T002850,2024-09-29,C00024,P0090,5,207.85,15,Debit Card
T002851,2024-02-12,C00121,P0082,4,217.27,15,Credit Card
T002852,2024-10-19,C00179,P0057,2,108.56,10,Debit Card
T002853,2024-06-16,C00226,P0078,3,91.49,20,PayPal
T002854,2024-10-27,C00921,P0032,5,296.45,5,Credit Card
T002855,2023-10-19,C00919,P0001,3,64.55,15,Credit Card
T002856,2023-05-26,C00580,P0089,5,43.58,15,PayPal
T002857,2023-01-31,C00824,P0071,2,207.28,15,PayPal
T002858,2024-07-11,C00151,P0087,4,460.5,10,Credit Card
T002859,2024-07-17,C00587,P0049,4,19.54,10,Cash
T002860,2024-10-07,C00946,P0010,2,115.5,0,Cash
T002861,2024-03-12,C00689,P0013,2,235.12,5,PayPal
T002862,2024-08-08,C00946,P0044,1,258.76,10,Debit Card
T002863,2023-10-01,C00555,P0052,2,409.85,5,PayPal
T002864,2024-06-05,C00642,P0035,1,431.94,0,Debit Card
T002865,2024-05-04,C00230,P0097,1,14.56,0,Cash
T002866,2024-09-06,C00930,P0051,4,474.01,0,Credit Card
T002867,2023-04-30,C00397,P0098,5,498.09,5,Credit Card
T002868,2023-03-25,C00198,P0086,5,38.01,10,Credit Card
T002869,2023-02-19,C00385,P0009,5,352.09,0,PayPal
T002870,2023-03-24,C00645,P0038,5,269.27,0,PayPal
T002871,2023-02-25,C00418,P0059,2,231.23,20,Debit Card
T002872,2024-08-19,C00658,P0057,4,108.56,5,Credit Card
T002873,2024-01-13,C00653,P0029,3,254.62,10,Credit Card
T002874,2024-05-22,C00454,P0057,5,108.56,10,Cash
T002875,2023-06-16,C00732,P0008,4,406.62,5,Cash
T002876,2024-02-26,C00134,P0086,5,38.01,5,PayPal
T002877,2023-01-20,C00818,P0072,1,131.84,15,Cash
T002878,2024-01-29,C00165,P0007,5,215.56,20,Credit Card
T002879,2023-09-27,C00407,P0003,5,372.93,20,PayPal
T002880,2023-03-10,C00204,P0025,2,282.91,15,Debit Card
T002881,2023-04-02,C00978,P0017,3,121.67,10,Debit Card
T002882,2023-07-27,C00938,P0045,4,156.24,0,Cash
T002883,2024-07-11,C00476,P0011,1,55.45,5,Debit Card
T002884,2024-11-25,C00081,P0014,5,48.61,5,Credit Card
T002885,2024-01-24,C00225,P0015,4,313.07,5,PayPal
T002886,2023-05-16,C00508,P0060,5,175.66,20,PayPal
T002887,2024-01-21,C00195,P0016,2,104.22,15,Credit Card
T002888,2024-11-14,C00304,P0070,3,330.19,10,Credit Card
T002889,2023-06-22,C00331,P0075,1,405.93,5,Cash
T002890,2023-10-29,C00045,P0066,1,292.34,15,PayPal
T002891,2023-10-19,C00243,P0007,4,215.56,5,PayPal
T002892,2023-04-15,C00482,P0051,5,474.01,0,Debit Card
T002893,2024-04-19,C00810,P0095,4,203.94,20,Debit Card
T002894,2023-07-11,C00015,P0010,2,115.5,0,Cash
T002895,2024-08-26,C00848,P0069,2,238.84,0,Debit Card
T002896,2023-09-25,C00953,P0067,4,405.67,5,PayPal
T002897,2024-05-18,C00704,P0094,5,338.17,15,Debit Card
T002898,2024-03-12,C00896,P0030,5,234.84,5,Credit Card
T002899,2024-06-11,C00557,P0023,3,367.27,15,Credit Card
T002900,2023-12-13,C00587,P0030,4,234.84,0,Cash
T002901,2024-12-20,C00558,P0076,4,34.79,15,Credit Card
T002902,2024-04-09,C00717,P0062,1,319.24,15,Cash
T002903,2023-08-30,C00531,P0052,2,409.85,0,PayPal
T002904,2023-01-03,C00554,P0049,2,19.54,0,Debit Card
T002905,2023-07-04,C00645,P0029,3,254.62,10,Debit Card
T002906,2023-03-30,C00696,P0051,3,474.01,0,PayPal
T002907,2024-07-06,C00960,P0058,1,328.44,10,Cash
T002908,2024-08-06,C00751,P0020,1,89.7,20,Debit Card
T002909,2023-03-16,C00143,P0074,3,132.41,20,Cash
T002910,2024-04-12,C00609,P0097,1,14.56,20,PayPal
T002911,2023-08-29,C00639,P0056,5,465.17,20,PayPal
T002912,2024-07-13,C00976,P0003,2,372.93,5,Credit Card
T002913,2023-12-05,C00975,P0005,5,124.0,5,Cash
T002914,2024-09-04,C00709,P0092,3,50.17,20,PayPal
T002915,2024-10-25,C00306,P0017,5,121.67,10,Credit Card
T002916,2024-10-24,C00291,P0011,3,55.45,15,Cash
T002917,2023-02-06,C00671,P0089,4,43.58,0,PayPal
T002918,2023-07-03,C00917,P0031,5,375.04,15,Cash
T002919,2024-02-04,C00201,P0062,5,319.24,5,Credit Card
T002920,2024-09-22,C00282,P0058,4,328.44,0,Credit Card
T002921,2024-10-04,C00997,P0085,4,370.51,15,Cash
T002922,2024-01-29,C00154,P0070,5,330.19,20,Cash
T002923,2024-06-01,C00736,P0064,2,146.45,5,PayPal
T002924,2024-06-12,C00201,P0074,4,132.41,0,PayPal
T002925,2024-11-28,C00001,P0068,4,332.9,5,Debit Card
T002926,2024-01-13,C00713,P0007,3,215.56,0,PayPal
T002927,2024-02-04,C00746,P0049,5,19.54,10,Cash
T002928,2024-08-05,C00032,P0005,1,124.0,5,PayPal
T002929,2024-07-08,C00798,P0023,3,367.27,10,PayPal
T002930,2023-09-15,C00957,P0024,5,142.27,15,Cash
T002931,2024-08-30,C00201,P0051,2,474.01,10,PayPal
T002932,2023-07-10,C00253,P0082,2,217.27,20,PayPal
T002933,2024-02-05,C00888,P0029,2,254.62,20,Credit Card
T002934,2023-12-15,C00169,P0052,3,409.85,0,PayPal
T002935,2023-07-11,C00780,P0069,3,238.84,15,Debit Card
T002936,2023-12-18,C00172,P0050,5,127.33,5,Cash
T002937,2024-08-26,C00890,P0029,2,254.62,10,PayPal
T002938,2023-04-15,C00882,P0029,5,254.62,0,Cash
T002939,2024-01-14,C00027,P0047,4,274.3,20,PayPal
T002940,2024-01-31,C00333,P0072,1,131.84,20,PayPal
T002941,2024-05-14,C00697,P0099,3,257.88,10,Debit Card
T002942,2023-01-08,C00314,P0025,5,282.91,0,Credit Card
T002943,2023-04-26,C00614,P0062,4,319.24,5,Credit Card
T002944,2023-07-23,C00854,P0067,3,405.67,20,Debit Card
T002945,2023-10-03,C00089,P0005,3,124.0,5,Cash
T002946,2023-11-11,C00334,P0012,3,305.83,15,Credit Card
T002947,2023-12-01,C00208,P0042,1,11.59,5,Debit Card
T002948,2024-01-10,C00908,P0080,2,195.7,15,Cash
T002949,2024-06-21,C00244,P0013,4,235.12,15,PayPal
T002950,2023-02-16,C00983,P0003,5,372.93,10,Debit Card
T002951,2024-12-14,C00822,P0083,1,334.32,10,Credit Card
T002952,2023-02-06,C00363,P0100,2,441.62,15,Cash
T002953,2024-09-22,C00971,P0068,1,332.9,20,Cash
T002954,2024-07-28,C00620,P0008,2,406.62,15,Credit Card
T002955,2023-10-06,C00133,P0047,2,274.3,20,PayPal
T002956,2024-02-16,C00912,P0021,2,140.82,10,Cash
T002957,2024-03-02,C00979,P0008,3,406.62,20,Cash
T002958,2024-04-05,C00453,P0069,3,238.84,10,Debit Card
T002959,2023-05-22,C00724,P0064,3,146.45,20,PayPal
T002960,2024-11-16,C00555,P0036,3,398.12,20,Cash
T002961,2024-01-08,C00807,P0041,5,64.66,10,Debit Card
T002962,2024-05-29,C00312,P0017,5,121.67,0,Credit Card
T002963,2024-12-10,C00341,P0055,1,437.49,5,Credit Card
T002964,2023-02-10,C00160,P0006,3,107.43,10,Debit Card
T002965,2024-08-23,C00900,P0083,2,334.32,0,Debit Card
T002966,2023-05-15,C00899,P0083,1,334.32,10,PayPal
T002967,2023-03-12,C00006,P0027,3,206.57,10,Cash
T002968,2023-02-04,C00209,P0067,4,405.67,20,Debit Card
T002969,2024-11-29,C00291,P0013,3,235.12,10,Cash
T002970,2024-01-31,C00635,P0076,4,34.79,5,Cash
T002971,2024-12-07,C00434,P0029,4,254.62,15,PayPal
T002972,2024-10-20,C00154,P0053,1,385.26,5,PayPal
T002973,2024-06-11,C00721,P0095,2,203.94,10,PayPal
T002974,2023-08-03,C00539,P0009,2,352.09,5,Credit Card
T002975,2023-05-17,C00857,P0025,1,282.91,5,Debit Card
T002976,2024-09-13,C00900,P0019,1,146.21,10,Credit Card
T002977,2023-03-02,C00757,P0049,1,19.54,0,Debit Card
T002978,2024-03-01,C00502,P0034,2,259.67,5,Cash
T002979,2023-12-20,C00546,P0004,2,216.74,15,Cash
T002980,2024-06-15,C00090,P0091,4,130.65,5,Debit Card
T002981,2023-12-25,C00476,P0062,3,319.24,10,PayPal
T002982,2024-07-29,C00273,P0081,4,463.99,5,Cash
T002983,2023-06-08,C00965,P0074,1,132.41,10,Debit Card
T002984,2024-09-25,C00524,P0012,4,305.83,15,Debit Card
T002985,2023-04-15,C00055,P0051,5,474.01,5,Cash
T002986,2023-05-04,C00481,P0083,2,334.32,0,Cash
T002987,2024-12-04,C00204,P0028,4,439.42,5,Debit Card
T002988,2023-01-30,C00187,P0042,2,11.59,5,Debit Card
T002989,2024-02-26,C00979,P0022,1,44.99,15,PayPal
T002990,2024-11-04,C00078,P0075,3,405.93,5,Debit Card
T002991,2023-08-31,C00333,P0022,3,44.99,5,Debit Card
T002992,2023-11-24,C00963,P0072,3,131.84,10,Cash
T002993,2023-05-06,C00743,P0063,4,431.22,15,Debit Card
T002994,2023-06-15,C00297,P0051,2,474.01,0,PayPal
T002995,2023-09-25,C00592,P0033,4,187.38,20,Credit Card
T002996,2023-07-04,C00619,P0058,5,328.44,15,Credit Card
T002997,2023-07-11,C00179,P0074,4,132.41,0,Debit Card
T002998,2023-02-26,C00253,P0043,5,139.06,15,Cash
T002999,2023-04-26,C00503,P0028,3,439.42,5,Debit Card
T003000,2023-05-14,C00029,P0020,1,89.7,5,PayPal
T003001,2024-02-11,C00810,P0094,1,338.17,20,Debit Card
T003002,2023-06-27,C00905,P0005,1,124.0,10,Cash
T003003,2024-09-13,C00907,P0088,4,480.78,20,Cash
T003004,2023-12-24,C00216,P0088,3,480.78,20,PayPal
T003005,2023-07-09,C00653,P0031,5,375.04,15,Credit Card
T003006,2023-02-11,C00018,P0026,3,122.23,10,Debit Card
T003007,2024-02-02,C00084,P0083,5,334.32,20,PayPal
T003008,2023-04-23,C00069,P0059,3,231.23,5,Debit Card
T003009,2024-08-07,C00024,P0012,2,305.83,20,Debit Card
T003010,2024-08-23,C00357,P0096,1,234.04,0,PayPal
T003011,2023-07-23,C00284,P0062,5,319.24,5,Credit Card
T003012,2024-09-18,C00934,P0026,1,122.23,20,Cash
T003013,2024-04-26,C00216,P0011,5,55.45,15,Credit Card
T003014,2024-09-15,C00149,P0015,4,313.07,0,Debit Card
T003015,2023-06-05,C00213,P0015,2,313.07,0,Cash
T003016,2024-02-24,C00771,P0060,2,175.66,0,Credit Card
T003017,2024-09-12,C00764,P0099,1,257.88,0,Credit Card
T003018,2024-01-27,C00108,P0052,2,409.85,5,Credit Card
T003019,2023-05-04,C00739,P0080,1,195.7,15,Debit Card
T003020,2023-12-18,C00761,P0085,5,370.51,15,Debit Card
T003021,2023-07-22,C00765,P0080,2,195.7,0,PayPal
T003022,2024-08-08,C00442,P0025,4,282.91,10,Debit Card
T003023,2024-07-03,C00677,P0002,2,119.37,15,PayPal
T003024,2024-06-17,C00154,P0014,3,48.61,5,Credit Card
T003025,2023-04-03,C00024,P0037,5,198.54,15,Debit Card
T003026,2023-12-12,C00591,P0002,3,119.37,5,Debit Card
T003027,2024-09-02,C00385,P0037,2,198.54,0,Debit Card
T003028,2024-12-18,C00991,P0047,3,274.3,15,Credit Card
T003029,2024-11-01,C00825,P0001,2,64.55,20,PayPal
T003030,2023-05-12,C00712,P0100,5,441.62,15,Credit Card
T003031,2023-04-10,C00993,P0030,4,234.84,0,Debit Card
T003032,2023-10-10,C00435,P0025,3,282.91,20,PayPal
T003033,2024-07-06,C00397,P0047,3,274.3,5,Debit Card
T003034,2023-01-28,C00965,P0034,1,259.67,5,Credit Card
T003035,2023-05-25,C00953,P0062,1,319.24,15,Credit Card
T003036,2024-01-06,C00166,P0079,4,433.68,5,Cash
T003037,2023-10-12,C00171,P0008,5,406.62,20,Credit Card
T003038,2024-03-29,C00739,P0093,1,266.16,15,Cash
T003039,2024-08-27,C00423,P0003,2,372.93,5,Debit Card
T003040,2023-10-16,C00666,P0068,1,332.9,10,PayPal
T003041,2023-09-25,C00848,P0021,1,140.82,5,PayPal
T003042,2023-02-03,C00061,P0032,1,296.45,0,PayPal
T003043,2024-02-20,C00578,P0064,4,146.45,10,Cash
T003044,2023-11-12,C00067,P0080,3,195.7,15,PayPal
T003045,2024-01-16,C00436,P0037,2,198.54,5,PayPal
T003046,2024-05-06,C00141,P0014,3,48.61,15,Cash
T003047,2023-01-03,C00046,P0015,5,313.07,0,Credit Card
T003048,2024-06-10,C00040,P0016,2,104.22,0,Cash
T003049,2024-07-21,C00103,P0030,4,234.84,15,PayPal
T003050,2023-04-03,C00166,P0063,4,431.22,20,Credit Card
T003051,2024-07-11,C00530,P0002,1,119.37,10,Cash
T003052,2023-04-20,C00607,P0019,1,146.21,0,PayPal
T003053,2024-12-22,C00475,P0008,1,406.62,5,Credit Card
T003054,2024-02-23,C00105,P0058,2,328.44,0,Cash
T003055,2024-12-30,C00341,P0030,1,234.84,0,PayPal
T003056,2024-01-05,C00977,P0068,3,332.9,15,PayPal
T003057,2023-07-24,C00180,P0052,1,409.85,5,Credit Card
T003058,2023-01-18,C00446,P0073,2,78.69,10,PayPal
T003059,2024-04-02,C00721,P0055,4,437.49,20,PayPal
T003060,2024-05-23,C00210,P0004,1,216.74,20,Credit Card
T003061,2023-12-08,C00688,P0026,2,122.23,20,Cash
T003062,2023-06-10,C00945,P0057,3,108.56,15,Cash
T003063,2024-03-23,C00081,P0020,3,89.7,20,Credit Card
T003064,2024-06-21,C00851,P0031,2,375.04,15,Credit Card
T003065,2023-02-02,C00273,P0008,4,406.62,15,Cash
T003066,2023-04-13,C00989,P0040,3,377.93,20,Credit Card
T003067,2023-03-11,C00052,P0015,4,313.07,20,Cash
T003068,2024-11-13,C00128,P0060,3,175.66,0,Credit Card
T003069,2024-11-01,C00600,P0034,2,259.67,20,Credit Card
T003070,2024-07-30,C00717,P0097,3,14.56,20,Credit Card
T003071,2023-11-19,C00684,P0032,1,296.45,10,Debit Card
T003072,2023-02-13,C00626,P0033,5,187.38,20,Credit Card
T003073,2024-08-26,C00663,P0039,5,343.34,15,Cash
T003074,2024-09-12,C00505,P0068,2,332.9,0,Debit Card
T003075,2024-04-19,C00450,P0076,1,34.79,15,Cash
T003076,2024-09-09,C00768,P0072,3,131.84,0,Cash
T003077,2024-01-27,C00153,P0013,2,235.12,15,PayPal
T003078,2023-02-20,C00492,P0063,5,431.22,10,Debit Card
T003079,2023-08-27,C00781,P0023,3,367.27,15,Debit Card
T003080,2023-08-04,C00706,P0095,5,203.94,20,PayPal
T003081,2024-08-19,C00934,P0073,1,78.69,20,Cash
T003082,2023-01-16,C00729,P0009,3,352.09,5,Cash
T003083,2024-11-07,C00027,P0018,2,429.11,15,Credit Card
T003084,2024-06-11,C00840,P0059,5,231.23,5,Credit Card
T003085,2023-04-02,C00057,P0053,2,385.26,0,PayPal
T003086,2023-04-08,C00967,P0070,1,330.19,5,PayPal
T003087,2024-12-01,C00769,P0090,5,207.85,20,Cash
T003088,2023-05-31,C00086,P0015,4,313.07,0,PayPal
T003089,2024-11-08,C00032,P0066,1,292.34,20,Cash
T003090,2023-09-24,C00548,P0039,2,343.34,5,Credit Card
T003091,2024-04-07,C00535,P0046,5,107.47,5,Cash
T003092,2024-06-03,C00449,P0048,1,460.06,20,Debit Card
T003093,2023-03-05,C00266,P0004,5,216.74,0,Cash
T003094,2024-04-30,C00485,P0041,1,64.66,5,Debit Card
T003095,2024-01-25,C00088,P0073,3,78.69,20,Cash
T003096,2023-04-04,C00664,P0098,1,498.09,5,Cash
T003097,2024-11-21,C00277,P0076,2,34.79,20,Cash
T003098,2024-07-27,C00155,P0065,4,74.83,15,Cash
T003099,2024-11-11,C00052,P0082,3,217.27,0,PayPal
T003100,2023-08-23,C00121,P0092,3,50.17,0,Cash
T003101,2023-04-26,C00438,P0046,1,107.47,15,Debit Card
T003102,2023-07-01,C00291,P0063,5,431.22,20,Debit Card
T003103,2023-12-08,C00387,P0093,3,266.16,0,Cash
T003104,2024-08-17,C00687,P0085,4,370.51,5,PayPal
T003105,2024-10-17,C00907,P0006,5,107.43,15,PayPal
T003106,2024-09-16,C00393,P0049,5,19.54,5,PayPal
T003107,2024-09-18,C00027,P0055,3,437.49,15,PayPal
T003108,2023-06-05,C00455,P0009,1,352.09,5,PayPal
T003109,2023-04-15,C00146,P0050,2,127.33,10,Debit Card
T003110,2024-10-07,C00282,P0053,5,385.26,20,Debit Card
T003111,2023-01-01,C00991,P0065,5,74.83,5,PayPal
T003112,2024-07-01,C00546,P0052,5,409.85,5,Credit Card
T003113,2024-03-22,C00265,P0018,4,429.11,15,Debit Card
T003114,2024-06-23,C00617,P0057,5,108.56,0,Cash
T003115,2023-01-23,C00854,P0080,1,195.7,0,PayPal
T003116,2023-03-17,C00850,P0028,1,439.42,20,Debit Card
T003117,2024-01-02,C00774,P0085,5,370.51,5,Debit Card
T003118,2024-02-22,C00239,P0014,2,48.61,15,Cash
T003119,2023-01-01,C00192,P0044,2,258.76,0,PayPal
T003120,2023-11-25,C00524,P0072,1,131.84,15,PayPal
T003121,2024-12-18,C00932,P0003,2,372.93,10,PayPal
T003122,2023-11-06,C00149,P0064,3,146.45,0,Credit Card
T003123,2024-03-15,C00666,P0041,1,64.66,5,PayPal
T003124,2023-10-08,C00807,P0004,5,216.74,15,Cash
T003125,2023-03-06,C00774,P0061,4,298.34,0,Debit Card
T003126,2024-12-17,C00609,P0034,5,259.67,20,Credit Card
T003127,2024-07-13,C00980,P0070,1,330.19,15,Cash
T003128,2024-07-18,C00100,P0019,3,146.21,0,Cash
T003129,2023-10-05,C00530,P0053,1,385.26,5,PayPal
T003130,2024-09-29,C00942,P0024,4,142.27,15,PayPal
T003131,2024-07-13,C00632,P0055,5,437.49,20,Debit Card
T003132,2024-12-16,C00406,P0075,5,405.93,20,Cash
T003133,2023-11-16,C00391,P0065,5,74.83,10,Credit Card
T003134,2023-12-02,C00603,P0044,3,258.76,10,Credit Card
T003135,2023-04-24,C00629,P0016,2,104.22,20,Debit Card
T003136,2023-03-01,C00800,P0088,4,480.78,10,Debit Card
T003137,2024-12-14,C00911,P0049,1,19.54,10,Credit Card
T003138,2023-03-14,C00081,P0061,4,298.34,0,Debit Card
T003139,2024-09-02,C00771,P0069,5,238.84,15,Debit Card
T003140,2024-03-07,C00255,P0041,4,64.66,5,Credit Card
T003141,2024-06-11,C00267,P0075,3,405.93,10,Credit Card
T003142,2024-01-24,C00008,P0063,1,431.22,0,PayPal
T003143,2023-05-20,C00544,P0039,5,343.34,10,Debit Card
T003144,2023-02-18,C00943,P0038,4,269.27,15,PayPal
T003145,2024-07-24,C00446,P0079,4,433.68,15,Cash
T003146,2023-02-21,C00809,P0042,4,11.59,10,Debit Card
T003147,2023-01-15,C00323,P0040,4,377.93,10,Cash
T003148,2024-03-29,C00551,P0044,1,258.76,20,Cash
T003149,2023-11-12,C00327,P0099,2,257.88,5,Credit Card
T003150,2024-03-11,C00249,P0017,3,121.67,10,Cash
T003151,2024-01-26,C00875,P0017,2,121.67,15,PayPal
T003152,2024-12-18,C00056,P0038,1,269.27,15,PayPal
T003153,2024-09-10,C00356,P0078,2,91.49,0,Credit Card
T003154,2024-12-12,C00436,P0087,2,460.5,5,Credit Card
T003155,2023-06-29,C00302,P0020,2,89.7,15,Cash
T003156,2024-05-04,C00673,P0089,4,43.58,10,Cash
T003157,2023-05-18,C00324,P0098,5,498.09,0,Cash
T003158,2023-01-29,C00081,P0014,2,48.61,10,Credit Card
T003159,2023-04-05,C00933,P0048,5,460.06,10,Cash
T003160,2023-03-03,C00779,P0001,5,64.55,0,Credit Card
T003161,2024-04-30,C00529,P0076,4,34.79,15,Cash
T003162,2024-07-26,C00201,P0017,1,121.67,5,PayPal
T003163,2024-03-30,C00954,P0002,3,119.37,15,Debit Card
T003164,2024-02-23,C00874,P0034,2,259.67,15,Credit Card
T003165,2023-05-31,C00114,P0094,2,338.17,0,Debit Card
T003166,2024-06-25,C00235,P0033,4,187.38,10,Debit Card
T003167,2024-03-16,C00714,P0045,5,156.24,15,Credit Card
T003168,2024-04-17,C00359,P0071,2,207.28,10,PayPal
T003169,2024-06-10,C00318,P0023,2,367.27,0,Debit Card
T003170,2024-05-30,C00900,P0042,3,11.59,10,PayPal
T003171,2023-02-18,C00693,P0005,4,124.0,10,PayPal
T003172,2024-10-30,C00293,P0048,4,460.06,10,Debit Card
T003173,2023-07-21,C00115,P0010,2,115.5,5,Debit Card
T003174,2024-12-31,C00293,P0058,5,328.44,20,Cash
T003175,2024-11-29,C00752,P0080,1,195.7,15,Cash
T003176,2024-02-12,C00212,P0098,2,498.09,10,Debit Card
T003177,2024-05-16,C00032,P0022,2,44.99,20,Cash
T003178,2024-12-02,C00840,P0022,1,44.99,15,PayPal
T003179,2023-01-13,C00556,P0084,1,155.39,0,Cash
T003180,2023-09-10,C00262,P0006,3,107.43,5,Credit Card
T003181,2024-01-31,C00812,P0078,2,91.49,10,Debit Card
T003182,2023-10-01,C00916,P0080,2,195.7,10,Debit Card
T003183,2023-11-09,C00037,P0002,1,119.37,20,Credit Card
T003184,2024-02-10,C00486,P0057,5,108.56,10,Credit Card
T003185,2024-03-11,C00177,P0045,3,156.24,10,PayPal
T003186,2024-11-17,C00268,P0047,3,274.3,15,Credit Card
T003187,2024-06-28,C00840,P0027,5,206.57,10,Credit Card
T003188,2024-05-01,C00635,P0078,2,91.49,15,Credit Card
T003189,2023-01-16,C00703,P0083,3,334.32,5,Credit Card
T003190,2023-05-31,C00468,P0069,5,238.84,20,PayPal
T003191,2024-07-05,C00396,P0095,5,203.94,20,Cash
T003192,2024-08-23,C00527,P0068,2,332.9,20,Credit Card
T003193,2023-11-10,C00493,P0041,5,64.66,5,Cash
T003194,2023-04-18,C00860,P0036,4,398.12,5,PayPal
T003195,2024-01-21,C00038,P0030,1,234.84,20,Cash
T003196,2024-12-28,C00180,P0033,3,187.38,5,Debit Card
T003197,2024-07-24,C00232,P0084,5,155.39,15,Debit Card
T003198,2024-06-17,C00244,P0031,5,375.04,0,Debit Card
T003199,2023-04-26,C00676,P0083,5,334.32,15,Credit Card
T003200,2024-02-06,C00967,P0021,5,140.82,5,Debit Card
T003201,2024-06-13,C00947,P0066,1,292.34,20,Debit Card
T003202,2023-06-21,C00125,P0019,1,146.21,0,Credit Card
T003203,2023-07-09,C00180,P0030,1,234.84,0,Credit Card
T003204,2024-12-09,C00396,P0067,4,405.67,15,Cash
T003205,2023-04-28,C00932,P0006,1,107.43,20,Cash
T003206,2024-01-31,C00012,P0016,5,104.22,0,PayPal
T003207,2023-07-13,C00393,P0048,1,460.06,10,Credit Card
T003208,2023-08-29,C00297,P0071,3,207.28,5,Credit Card
T003209,2024-08-26,C00774,P0066,1,292.34,15,PayPal
T003210,2024-03-07,C00785,P0097,5,14.56,5,Debit Card
T003211,2023-11-19,C00419,P0040,5,377.93,10,Credit Card
T003212,2023-02-05,C00204,P0001,1,64.55,15,Cash
T003213,2023-07-06,C00379,P0001,3,64.55,10,Cash
T003214,2024-03-24,C00340,P0010,1,115.5,0,Cash
T003215,2024-03-19,C00400,P0086,4,38.01,10,Credit Card
T003216,2023-03-17,C00927,P0002,4,119.37,10,PayPal
T003217,2023-03-30,C00093,P0091,2,130.65,10,Credit Card
T003218,2024-04-02,C00332,P0070,1,330.19,15,PayPal
T003219,2024-09-25,C00043,P0061,5,298.34,20,Credit Card
T003220,2024-01-12,C00576,P0099,2,257.88,15,Cash
T003221,2024-07-15,C00302,P0026,5,122.23,5,Cash
T003222,2024-07-01,C00582,P0093,5,266.16,20,Cash
T003223,2023-06-13,C00622,P0050,4,127.33,0,Debit Card
T003224,2024-07-06,C00572,P0056,5,465.17,20,Credit Card
T003225,2024-04-28,C00699,P0068,4,332.9,20,Credit Card
T003226,2024-01-08,C00380,P0004,5,216.74,15,Debit Card
T003227,2024-01-07,C00865,P0059,1,231.23,20,Cash
T003228,2024-01-22,C00710,P0003,5,372.93,5,Debit Card
T003229,2023-01-23,C00136,P0012,4,305.83,10,Cash
T003230,2024-10-08,C00592,P0067,5,405.67,5,Cash
T003231,2023-01-16,C00081,P0039,5,343.34,0,PayPal
T003232,2023-05-23,C00803,P0010,4,115.5,10,PayPal
T003233,2024-06-06,C00995,P0041,1,64.66,15,Cash
T003234,2024-04-12,C00724,P0038,1,269.27,5,Cash
T003235,2023-10-31,C00617,P0050,2,127.33,0,Credit Card
T003236,2024-07-08,C00817,P0087,5,460.5,5,PayPal
T003237,2023-04-05,C00730,P0078,5,91.49,15,Debit Card
T003238,2024-03-22,C00182,P0035,2,431.94,5,Cash
T003239,2023-12-09,C00602,P0066,1,292.34,15,Credit Card
T003240,2024-12-25,C00739,P0034,3,259.67,10,Debit Card
T003241,2023-04-18,C00355,P0071,3,207.28,10,Cash
T003242,2023-02-16,C00446,P0041,5,64.66,5,Credit Card
T003243,2024-08-14,C00130,P0019,3,146.21,15,Credit Card
T003244,2024-12-28,C00019,P0074,1,132.41,0,Cash
T003245,2023-08-13,C00921,P0091,3,130.65,15,PayPal
T003246,2023-02-24,C00176,P0059,2,231.23,5,PayPal
T003247,2024-04-26,C00516,P0023,2,367.27,20,PayPal
T003248,2023-10-14,C00060,P0001,1,64.55,15,Debit Card
T003249,2023-06-14,C00269,P0089,4,43.58,5,Credit Card
T003250,2023-05-20,C00075,P0054,4,473.96,20,PayPal
T003251,2023-01-07,C00068,P0062,1,319.24,10,Credit Card
T003252,2023-04-04,C00589,P0015,3,313.07,0,Debit Card
T003253,2024-04-19,C00836,P0014,1,48.61,10,Debit Card
T003254,2024-03-13,C00766,P0011,1,55.45,10,Debit Card
T003255,2024-03-27,C00841,P0007,5,215.56,5,Debit Card
T003256,2023-02-14,C00474,P0005,1,124.0,15,PayPal
T003257,2024-11-27,C00005,P0002,4,119.37,10,Credit Card
T003258,2024-05-31,C00805,P0074,3,132.41,20,PayPal
T003259,2024-12-16,C00233,P0038,2,269.27,20,Cash
T003260,2024-02-28,C00569,P0076,5,34.79,5,Cash
T003261,2023-12-19,C00610,P0017,3,121.67,10,Cash
T003262,2023-04-29,C00857,P0053,1,385.26,20,Debit Card
T003263,2024-04-30,C00825,P0026,3,122.23,20,Credit Card
T003264,2023-08-07,C00743,P0099,1,257.88,0,PayPal
T003265,2023-12-07,C00158,P0006,3,107.43,20,Cash
T003266,2023-08-16,C00188,P0088,1,480.78,15,PayPal
T003267,2023-08-07,C00369,P0094,4,338.17,10,Debit Card
T003268,2023-12-12,C00431,P0020,5,89.7,0,Cash
T003269,2023-10-07,C00446,P0070,1,330.19,15,Cash
T003270,2023-07-18,C00562,P0076,2,34.79,10,PayPal
T003271,2024-07-08,C00200,P0065,5,74.83,10,Debit Card
T003272,2023-11-22,C00392,P0030,3,234.84,15,Debit Card
T003273,2024-07-07,C00339,P0007,3,215.56,0,Cash
T003274,2024-03-30,C00722,P0036,1,398.12,15,PayPal
T003275,2024-04-04,C00344,P0080,3,195.7,0,PayPal
T003276,2024-02-11,C00211,P0021,5,140.82,5,Credit Card
T003277,2024-08-31,C00554,P0005,3,124.0,10,Credit Card
T003278,2023-02-13,C00645,P0064,3,146.45,0,Credit Card
T003279,2023-08-28,C00974,P0013,1,235.12,0,Cash
T003280,2024-06-03,C00098,P0050,5,127.33,0,Debit Card
T003281,2023-12-03,C00722,P0038,4,269.27,15,Credit Card
T003282,2024-12-04,C00182,P0090,2,207.85,0,Cash
T003283,2024-09-27,C00942,P0048,2,460.06,10,PayPal
T003284,2024-12-16,C00699,P0011,2,55.45,0,Credit Card
T003285,2024-11-13,C00187,P0018,4,429.11,10,PayPal
T003286,2023-03-02,C00162,P0002,4,119.37,0,Credit Card
T003287,2023-11-24,C00346,P0015,2,313.07,5,PayPal
T003288,2024-11-01,C00703,P0088,5,480.78,10,Cash
T003289,2024-10-10,C00348,P0080,1,195.7,15,PayPal
T003290,2023-02-14,C00103,P0064,4,146.45,5,Debit Card
T003291,2024-04-19,C00564,P0077,1,484.81,10,PayPal
T003292,2024-10-21,C00936,P0004,2,216.74,0,Credit Card
T003293,2023-01-10,C00295,P0051,5,474.01,5,PayPal
T003294,2023-01-13,C00707,P0027,5,206.57,0,Credit Card
T003295,2023-10-12,C00130,P0045,1,156.24,5,Cash
T003296,2023-02-16,C00627,P0065,3,74.83,0,Credit Card
T003297,2024-07-09,C00642,P0039,5,343.34,0,Debit Card
T003298,2024-10-31,C00902,P0044,5,258.76,20,Debit Card
T003299,2024-07-12,C00355,P0046,2,107.47,10,PayPal
T003300,2023-05-31,C00371,P0006,4,107.43,0,Credit Card
T003301,2023-03-02,C00987,P0053,4,385.26,20,Credit Card
T003302,2024-10-21,C00408,P0003,5,372.93,15,Credit Card
T003303,2023-03-17,C00397,P0070,4,330.19,15,PayPal
T003304,2023-02-15,C00713,P0100,2,441.62,15,PayPal
T003305,2024-12-12,C00129,P0088,2,480.78,5,PayPal
T003306,2023-11-11,C00716,P0075,3,405.93,5,Credit Card
T003307,2023-01-03,C00503,P0051,4,474.01,15,Debit Card
T003308,2023-12-09,C00009,P0042,2,11.59,5,PayPal
T003309,2023-01-12,C00506,P0010,2,115.5,15,PayPal
T003310,2023-09-19,C00921,P0017,4,121.67,5,PayPal
T003311,2023-04-19,C00551,P0059,3,231.23,5,Credit Card
T003312,2024-10-04,C00678,P0024,5,142.27,5,Debit Card
T003313,2023-08-15,C00339,P0040,1,377.93,0,Credit Card
T003314,2023-02-02,C00041,P0074,4,132.41,0,PayPal
T003315,2023-09-08,C00653,P0001,5,64.55,20,Cash
T003316,2024-06-06,C00249,P0033,1,187.38,5,Credit Card
T003317,2023-04-01,C00403,P0050,4,127.33,5,Debit Card
T003318,2024-09-23,C00289,P0001,3,64.55,15,PayPal
T003319,2024-07-30,C00809,P0072,5,131.84,15,PayPal
T003320,2024-08-02,C00090,P0024,2,142.27,20,Cash
T003321,2023-11-16,C00405,P0022,1,44.99,5,Debit Card
T003322,2024-03-05,C00824,P0086,2,38.01,0,Debit Card
T003323,2024-04-13,C00363,P0048,5,460.06,5,Credit Card
T003324,2023-09-19,C00475,P0060,1,175.66,20,Debit Card
T003325,2023-01-02,C00118,P0057,1,108.56,10,Debit Card
T003326,2023-08-20,C00770,P0092,5,50.17,0,Debit Card
T003327,2023-07-13,C00718,P0056,2,465.17,0,Debit Card
T003328,2023-03-11,C00929,P0046,5,107.47,0,Cash
T003329,2023-01-05,C00375,P0088,5,480.78,0,Cash
T003330,2023-04-19,C00115,P0099,5,257.88,15,Debit Card
T003331,2024-07-02,C00341,P0048,5,460.06,20,Credit Card
T003332,2024-08-25,C00583,P0041,4,64.66,15,Debit Card
T003333,2024-12-21,C00097,P0089,4,43.58,20,Credit Card
T003334,2024-12-26,C00769,P0007,3,215.56,5,Cash
T003335,2024-07-01,C00828,P0098,5,498.09,5,Credit Card
T003336,2024-07-14,C00624,P0049,2,19.54,20,Cash
T003337,2023-06-26,C00283,P0066,3,292.34,10,Credit Card
T003338,2024-11-04,C00527,P0013,2,235.12,5,Cash
T003339,2023-06-16,C00056,P0001,2,64.55,20,Debit Card
T003340,2024-09-21,C00550,P0038,2,269.27,5,Debit Card
T003341,2024-11-09,C00061,P0020,3,89.7,0,PayPal
T003342,2023-10-13,C00286,P0063,2,431.22,5,Credit Card
T003343,2023-03-09,C00998,P0054,3,473.96,20,Debit Card
T003344,2024-12-18,C00690,P0002,2,119.37,0,Debit Card
T003345,2023-02-06,C00213,P0082,1,217.27,10,Debit Card
T003346,2023-08-13,C00134,P0017,4,121.67,15,PayPal
T003347,2023-05-11,C00897,P0090,1,207.85,5,PayPal
T003348,2023-07-18,C00921,P0006,2,107.43,20,Credit Card
T003349,2024-03-03,C00908,P0043,1,139.06,15,PayPal
T003350,2024-02-10,C00003,P0026,1,122.23,10,Debit Card
T003351,2024-03-26,C00471,P0059,3,231.23,15,Credit Card
T003352,2024-09-17,C00230,P0069,2,238.84,0,Credit Card
T003353,2024-10-29,C00613,P0021,1,140.82,15,Credit Card
T003354,2024-04-25,C00388,P0039,5,343.34,0,Debit Card
T003355,2024-08-19,C00979,P0096,5,234.04,5,Credit Card
T003356,2023-01-30,C00254,P0034,5,259.67,10,Credit Card
T003357,2024-09-26,C00402,P0050,2,127.33,5,Credit Card
T003358,2023-07-27,C00430,P0016,4,104.22,0,Credit Card
T003359,2024-01-11,C00571,P0052,3,409.85,15,Cash
T003360,2024-04-16,C00899,P0097,1,14.56,15,Debit Card
T003361,2024-12-18,C00953,P0051,2,474.01,0,Cash
T003362,2024-01-06,C00062,P0047,3,274.3,20,PayPal
T003363,2023-09-18,C00672,P0039,1,343.34,15,Cash
T003364,2024-02-05,C00702,P0026,3,122.23,20,Debit Card
T003365,2023-08-19,C00427,P0073,3,78.69,0,PayPal
T003366,2024-10-24,C00386,P0078,2,91.49,15,Debit Card
T003367,2023-05-13,C00395,P0022,2,44.99,15,Credit Card
T003368,2023-04-01,C00992,P0038,2,269.27,10,Debit Card
T003369,2024-02-25,C00141,P0086,3,38.01,20,PayPal
T003370,2023-09-30,C00155,P0087,1,460.5,20,Credit Card
T003371,2024-06-30,C00505,P0095,5,203.94,20,Credit Card
T003372,2024-09-29,C00152,P0053,2,385.26,10,Credit Card
T003373,2024-11-04,C00585,P0077,4,484.81,10,Debit Card
T003374,2023-07-25,C00347,P0072,2,131.84,5,PayPal
T003375,2024-04-16,C00911,P0024,3,142.27,0,PayPal
T003376,2024-06-28,C00231,P0031,2,375.04,10,Debit Card
T003377,2023-02-05,C00247,P0089,1,43.58,0,PayPal
T003378,2024-11-15,C00512,P0068,4,332.9,0,PayPal
T003379,2023-10-01,C00885,P0048,4,460.06,15,PayPal
T003380,2024-05-26,C00816,P0043,4,139.06,15,PayPal
T003381,2024-10-12,C00970,P0043,2,139.06,10,Debit Card
T003382,2024-03-23,C00578,P0048,4,460.06,10,Cash
T003383,2024-01-31,C00609,P0094,5,338.17,15,Credit Card
T003384,2024-03-17,C00928,P0027,3,206.57,5,Credit Card
T003385,2023-07-01,C00293,P0044,3,258.76,0,Credit Card
T003386,2024-08-09,C00948,P0043,5,139.06,10,Credit Card
T003387,2023-12-16,C00779,P0024,4,142.27,20,Debit Card
T003388,2023-11-27,C00590,P0048,4,460.06,15,PayPal
T003389,2024-04-02,C00116,P0024,2,142.27,0,Cash
T003390,2023-10-10,C00246,P0018,3,429.11,20,Credit Card
T003391,2023-09-30,C00395,P0024,1,142.27,10,Credit Card
T003392,2024-11-14,C00667,P0034,5,259.67,20,Debit Card
T003393,2023-09-11,C00964,P0021,4,140.82,0,PayPal
T003394,2023-11-21,C00219,P0040,1,377.93,15,Cash
T003395,2023-08-14,C00789,P0085,4,370.51,5,Credit Card
T003396,2024-11-28,C00031,P0003,5,372.93,0,Cash
T003397,2024-06-27,C00942,P0046,2,107.47,5,Credit Card
T003398,2023-03-23,C00748,P0048,5,460.06,15,Credit Card
T003399,2024-07-24,C00326,P0036,2,398.12,5,PayPal
T003400,2024-11-04,C00757,P0036,2,398.12,15,Cash
T003401,2023-09-23,C00865,P0035,4,431.94,0,Credit Card
T003402,2024-05-24,C00659,P0025,2,282.91,0,Cash
T003403,2023-12-16,C00841,P0095,2,203.94,5,Cash
T003404,2024-04-18,C00136,P0058,5,328.44,15,Cash
T003405,2024-11-29,C00417,P0042,2,11.59,5,Cash
T003406,2023-01-04,C00286,P0015,1,313.07,0,PayPal
T003407,2023-06-06,C00955,P0057,5,108.56,0,Credit Card
T003408,2024-01-12,C00665,P0042,5,11.59,0,Credit Card
T003409,2023-01-26,C00496,P0020,2,89.7,5,Credit Card
T003410,2023-11-13,C00328,P0024,4,142.27,5,Credit Card
T003411,2024-03-11,C00619,P0004,3,216.74,5,Credit Card
T003412,2023-08-11,C00408,P0098,5,498.09,0,Cash
T003413,2023-06-18,C00204,P0005,1,124.0,5,Cash
T003414,2024-09-29,C00360,P0045,2,156.24,20,Cash
T003415,2023-06-30,C00028,P0093,5,266.16,5,Cash
T003416,2023-09-10,C00131,P0045,3,156.24,20,PayPal
T003417,2024-11-06,C00219,P0088,2,480.78,5,Debit Card
T003418,2023-06-04,C00710,P0082,4,217.27,5,Debit Card
T003419,2024-06-18,C00623,P0078,2,91.49,0,PayPal
T003420,2024-01-08,C00708,P0061,2,298.34,10,Debit Card
T003421,2023-05-13,C00434,P0030,4,234.84,0,PayPal
T003422,2023-02-05,C00407,P0061,1,298.34,0,Cash
T003423,2023-02-16,C00192,P0066,4,292.34,20,Cash
T003424,2023-05-04,C00518,P0098,2,498.09,5,Cash
T003425,2023-02-09,C00015,P0013,4,235.12,0,Debit Card
T003426,2024-02-10,C00363,P0013,5,235.12,5,Debit Card
T003427,2024-12-24,C00987,P0012,4,305.83,15,PayPal
T003428,2024-06-30,C00799,P0034,4,259.67,15,Debit Card
T003429,2023-11-29,C00772,P0057,3,108.56,5,Debit Card
T003430,2023-08-03,C00708,P0028,2,439.42,5,Debit Card
T003431,2024-12-30,C00018,P0066,1,292.34,20,PayPal
T003432,2023-09-17,C00355,P0020,5,89.7,20,Debit Card
T003433,2024-11-11,C00647,P0088,2,480.78,5,PayPal
T003434,2024-02-19,C00387,P0008,2,406.62,20,PayPal
T003435,2023-08-05,C00672,P0048,1,460.06,15,Debit Card
T003436,2024-10-12,C00491,P0093,2,266.16,0,Credit Card
T003437,2024-06-28,C00279,P0008,4,406.62,15,PayPal
T003438,2023-04-18,C00007,P0031,4,375.04,10,Debit Card
T003439,2024-07-26,C00791,P0040,1,377.93,20,PayPal
T003440,2023-06-02,C00910,P0002,1,119.37,5,Cash
T003441,2023-06-28,C00677,P0052,1,409.85,20,PayPal
T003442,2024-11-10,C00235,P0052,5,409.85,15,PayPal
T003443,2024-01-31,C00322,P0009,3,352.09,15,Credit Card
T003444,2024-01-06,C00258,P0041,5,64.66,0,Debit Card
T003445,2024-10-03,C00069,P0085,3,370.51,0,Cash
T003446,2023-10-02,C00080,P0010,5,115.5,10,PayPal
T003447,2024-03-14,C00018,P0035,5,431.94,0,Cash
T003448,2024-08-29,C00606,P0028,3,439.42,15,Cash
T003449,2024-01-02,C00062,P0024,4,142.27,0,Debit Card
T003450,2023-01-19,C00173,P0033,4,187.38,5,Credit Card
T003451,2023-03-14,C00888,P0080,4,195.7,0,Debit Card
T003452,2024-11-08,C00154,P0012,3,305.83,0,Debit Card
T003453,2024-08-08,C00770,P0032,4,296.45,20,Cash
T003454,2024-04-18,C00581,P0069,4,238.84,15,Credit Card
T003455,2024-08-02,C00486,P0067,2,405.67,0,Debit Card
T003456,2024-03-12,C00915,P0063,4,431.22,5,Credit Card
T003457,2024-09-08,C00190,P0099,2,257.88,15,Cash
T003458,2024-11-22,C00029,P0098,4,498.09,10,Cash
T003459,2024-10-26,C00431,P0070,3,330.19,5,Debit Card
T003460,2024-10-08,C00586,P0088,3,480.78,5,Credit Card
T003461,2024-09-09,C00646,P0012,4,305.83,10,PayPal
T003462,2023-07-12,C00977,P0004,5,216.74,20,PayPal
T003463,2023-07-06,C00128,P0030,2,234.84,0,Debit Card
T003464,2023-05-04,C00071,P0076,3,34.79,0,PayPal
T003465,2024-05-12,C00279,P0049,3,19.54,20,Cash
T003466,2023-10-18,C00008,P0062,1,319.24,0,Debit Card
T003467,2024-03-06,C00476,P0072,4,131.84,10,PayPal
T003468,2024-07-11,C00781,P0086,4,38.01,15,Cash
T003469,2023-11-01,C00459,P0074,5,132.41,15,PayPal
T003470,2023-04-02,C00836,P0054,2,473.96,15,PayPal
T003471,2024-03-12,C00035,P0089,3,43.58,10,Credit Card
T003472,2023-01-24,C00251,P0053,3,385.26,10,Debit Card
T003473,2024-04-26,C00039,P0026,5,122.23,15,PayPal
T003474,2024-08-01,C00632,P0055,2,437.49,15,Cash
T003475,2023-03-22,C00904,P0015,5,313.07,10,Debit Card
T003476,2024-08-05,C00390,P0090,2,207.85,10,Debit Card
T003477,2023-02-20,C00380,P0089,5,43.58,15,Credit Card
T003478,2023-07-03,C00359,P0048,1,460.06,5,Debit Card
T003479,2024-04-18,C00691,P0053,2,385.26,15,PayPal
T003480,2023-08-29,C00874,P0011,3,55.45,20,PayPal
T003481,2024-06-21,C00871,P0080,5,195.7,20,PayPal
T003482,2024-09-18,C00358,P0051,3,474.01,15,Cash
T003483,2023-09-11,C00996,P0039,3,343.34,10,PayPal
T003484,2023-08-15,C00727,P0040,3,377.93,0,PayPal
T003485,2024-09-18,C00406,P0016,5,104.22,20,Debit Card
T003486,2024-09-14,C00854,P0032,3,296.45,10,Cash
T003487,2023-10-19,C00589,P0029,3,254.62,15,PayPal
T003488,2023-01-18,C00778,P0068,5,332.9,5,Debit Card
T003489,2023-08-18,C00608,P0007,3,215.56,20,Cash
T003490,2023-05-12,C00741,P0078,4,91.49,5,PayPal
T003491,2023-04-13,C00162,P0032,1,296.45,0,Cash
T003492,2023-05-13,C00708,P0008,2,406.62,0,Cash
T003493,2023-02-14,C00335,P0062,3,319.24,20,PayPal
T003494,2023-07-17,C00646,P0037,4,198.54,10,PayPal
T003495,2024-04-28,C00136,P0075,2,405.93,0,Debit Card
T003496,2023-01-11,C00310,P0006,3,107.43,20,Cash
T003497,2023-11-08,C00952,P0049,1,19.54,5,Debit Card
T003498,2024-08-03,C00843,P0007,1,215.56,5,PayPal
T003499,2023-04-20,C00798,P0018,1,429.11,5,Cash
T003500,2023-12-08,C00886,P0051,3,474.01,20,Cash
T003501,2023-07-14,C00597,P0043,3,139.06,15,Credit Card
T003502,2024-07-22,C00995,P0056,1,465.17,20,Debit Card
T003503,2023-03-12,C00723,P0034,3,259.67,20,PayPal
T003504,2023-07-13,C00713,P0034,3,259.67,15,Cash
T003505,2023-08-15,C00075,P0011,2,55.45,20,PayPal
T003506,2023-02-19,C00304,P0027,2,206.57,5,Cash
T003507,2023-06-11,C00759,P0086,2,38.01,0,Debit Card
T003508,2023-07-19,C00469,P0040,3,377.93,5,PayPal
T003509,2024-02-21,C00672,P0027,1,206.57,0,PayPal
T003510,2023-08-26,C00462,P0085,5,370.51,15,Cash
T003511,2024-07-07,C00034,P0004,5,216.74,10,Debit Card
T003512,2024-08-05,C00391,P0036,5,398.12,0,Debit Card
T003513,2024-10-31,C00663,P0012,4,305.83,15,PayPal
T003514,2023-03-07,C00270,P0060,2,175.66,0,PayPal
T003515,2023-08-01,C00060,P0041,2,64.66,5,PayPal
T003516,2023-02-18,C00166,P0021,5,140.82,20,PayPal
T003517,2024-03-08,C00347,P0051,2,474.01,15,PayPal
T003518,2023-06-13,C00206,P0026,2,122.23,20,Debit Card
T003519,2024-09-30,C00010,P0030,2,234.84,0,Debit Card
T003520,2023-12-05,C00588,P0052,1,409.85,5,Debit Card
T003521,2023-01-11,C00023,P0030,2,234.84,5,PayPal
T003522,2024-02-23,C00452,P0060,1,175.66,0,Cash
T003523,2024-04-12,C00956,P0047,1,274.3,15,Cash
T003524,2023-05-26,C00490,P0100,5,441.62,20,PayPal
T003525,2023-11-19,C00921,P0032,1,296.45,5,PayPal
T003526,2024-10-19,C00216,P0048,1,460.06,0,Debit Card
T003527,2023-08-25,C00596,P0095,5,203.94,10,Cash
T003528,2023-06-24,C00030,P0031,2,375.04,10,Debit Card
T003529,2023-02-17,C00554,P0017,3,121.67,15,Credit Card
T003530,2024-08-18,C00817,P0095,1,203.94,0,Cash
T003531,2023-06-16,C00678,P0021,2,140.82,10,Credit Card
T003532,2024-01-18,C00450,P0008,4,406.62,10,Cash
T003533,2023-04-15,C00658,P0061,4,298.34,10,PayPal
T003534,2024-02-28,C00638,P0014,5,48.61,5,PayPal
T003535,2023-02-21,C00369,P0050,5,127.33,5,Cash
T003536,2023-06-07,C00481,P0087,2,460.5,10,Credit Card
T003537,2023-07-04,C00325,P0020,5,89.7,0,PayPal
T003538,2024-01-30,C00777,P0051,5,474.01,10,PayPal
T003539,2024-06-03,C00758,P0093,2,266.16,5,Cash
T003540,2023-09-13,C00193,P0081,4,463.99,20,Credit Card
T003541,2023-07-10,C00134,P0013,1,235.12,0,Credit Card
T003542,2023-05-03,C00469,P0068,5,332.9,0,Debit Card
T003543,2024-12-14,C00705,P0045,5,156.24,15,Credit Card
T003544,2024-11-16,C00466,P0010,1,115.5,15,PayPal
T003545,2024-12-11,C00818,P0005,2,124.0,20,Debit Card
T003546,2023-12-27,C00602,P0014,5,48.61,20,PayPal
T003547,2024-12-12,C00183,P0046,5,107.47,10,Credit Card
T003548,2024-05-20,C00177,P0014,2,48.61,5,Cash
T003549,2024-02-02,C00261,P0096,2,234.04,5,Cash
T003550,2023-07-06,C00022,P0021,3,140.82,10,Debit Card
T003551,2023-05-28,C00385,P0015,2,313.07,15,PayPal
T003552,2024-12-02,C00606,P0034,4,259.67,5,Debit Card
T003553,2023-01-02,C00553,P0089,2,43.58,5,PayPal
T003554,2023-10-29,C00454,P0039,1,343.34,10,Cash
T003555,2024-06-04,C00595,P0077,3,484.81,0,PayPal
T003556,2024-04-20,C00824,P0003,2,372.93,0,PayPal
T003557,2024-09-20,C00387,P0088,5,480.78,10,Credit Card
T003558,2024-09-18,C00896,P0099,3,257.88,5,Cash
T003559,2024-05-23,C00639,P0033,2,187.38,15,Cash
T003560,2024-10-11,C00215,P0085,2,370.51,20,PayPal
T003561,2024-02-29,C00275,P0030,2,234.84,15,Cash
T003562,2024-04-30,C00814,P0041,2,64.66,5,PayPal
T003563,2024-08-03,C00018,P0020,4,89.7,0,Cash
T003564,2023-12-24,C00086,P0070,2,330.19,20,Debit Card
T003565,2023-01-29,C00378,P0084,5,155.39,5,Debit Card
T003566,2024-08-29,C00120,P0037,1,198.54,10,Cash
T003567,2023-08-12,C00156,P0006,5,107.43,10,PayPal
T003568,2024-11-11,C00596,P0090,4,207.85,5,Cash
T003569,2023-09-08,C00685,P0060,2,175.66,15,Debit Card
T003570,2024-09-29,C00304,P0093,2,266.16,0,Cash
T003571,2024-01-22,C00344,P0010,3,115.5,20,Credit Card
T003572,2024-10-23,C00565,P0086,3,38.01,0,Debit Card
T003573,2023-07-29,C00110,P0093,2,266.16,20,Credit Card
T003574,2023-02-14,C00588,P0035,5,431.94,5,Debit Card
T003575,2023-03-07,C00086,P0083,2,334.32,5,Credit Card
T003576,2023-06-27,C00382,P0010,3,115.5,20,Credit Card
T003577,2024-12-29,C00552,P0048,2,460.06,15,Cash
T003578,2024-07-02,C00412,P0064,3,146.45,0,Credit Card
T003579,2024-08-19,C00544,P0015,3,313.07,10,Credit Card
T003580,2024-02-03,C00313,P0040,2,377.93,0,Credit Card
T003581,2024-02-02,C00584,P0023,5,367.27,15,Cash
T003582,2024-10-15,C00492,P0068,2,332.9,10,PayPal
T003583,2024-02-02,C00412,P0082,3,217.27,15,PayPal
T003584,2023-05-02,C00446,P0077,2,484.81,5,PayPal
T003585,2024-11-05,C00115,P0024,5,142.27,5,Cash
T003586,2023-05-29,C00077,P0023,2,367.27,5,Credit Card
T003587,2023-11-09,C00066,P0089,1,43.58,10,Debit Card
T003588,2024-09-18,C00545,P0033,2,187.38,0,PayPal
T003589,2024-05-12,C00940,P0066,5,292.34,0,Credit Card
T003590,2024-04-27,C00458,P0079,2,433.68,15,PayPal
T003591,2024-08-12,C00540,P0089,1,43.58,5,Debit Card
T003592,2023-04-24,C00563,P0095,1,203.94,0,Debit Card
T003593,2024-03-18,C00420,P0055,1,437.49,5,Credit Card
T003594,2023-03-05,C00357,P0001,2,64.55,5,PayPal
T003595,2023-07-18,C00406,P0070,2,330.19,0,Credit Card
T003596,2023-11-26,C00048,P0081,3,463.99,5,PayPal
T003597,2023-09-08,C00921,P0068,2,332.9,20,Credit Card
T003598,2023-12-30,C00706,P0071,2,207.28,15,Debit Card
T003599,2024-11-06,C00579,P0100,5,441.62,0,Credit Card
T003600,2024-04-06,C00547,P0051,4,474.01,5,Cash
T003601,2024-03-22,C00879,P0032,2,296.45,5,Debit Card
T003602,2024-05-28,C00915,P0079,4,433.68,5,Debit Card
T003603,2024-05-10,C00922,P0053,1,385.26,20,PayPal
T003604,2024-10-12,C00905,P0015,5,313.07,15,Debit Card
T003605,2024-02-12,C00108,P0059,2,231.23,15,PayPal
T003606,2023-04-22,C00997,P0001,1,64.55,5,Debit Card
T003607,2024-11-10,C00811,P0065,2,74.83,5,Debit Card
T003608,2024-09-15,C00102,P0020,5,89.7,20,Debit Card
T003609,2023-12-24,C00473,P0024,5,142.27,0,Cash
T003610,2023-11-30,C00961,P0091,1,130.65,15,Cash
T003611,2024-05-19,C00098,P0050,1,127.33,15,PayPal
T003612,2024-08-18,C00007,P0022,5,44.99,20,Credit Card
T003613,2024-10-31,C00254,P0035,1,431.94,20,Debit Card
T003614,2024-04-23,C00456,P0078,4,91.49,0,Cash
T003615,2024-05-30,C00114,P0089,3,43.58,20,Cash
T003616,2024-08-16,C00659,P0069,2,238.84,20,PayPal
T003617,2023-12-25,C00510,P0085,2,370.51,0,Debit Card
T003618,2024-12-19,C00386,P0051,3,474.01,15,Cash
T003619,2023-06-24,C00891,P0079,3,433.68,20,Credit Card
T003620,2023-05-22,C00459,P0042,2,11.59,10,Debit Card
T003621,2023-12-18,C00229,P0042,5,11.59,10,Cash
T003622,2024-10-05,C00010,P0082,4,217.27,10,Debit Card
T003623,2024-08-16,C00024,P0078,4,91.49,10,Cash
T003624,2023-05-27,C00633,P0098,4,498.09,15,PayPal
T003625,2023-03-06,C00449,P0098,5,498.09,20,Cash
T003626,2024-05-11,C00576,P0003,1,372.93,20,Cash
T003627,2023-11-11,C00697,P0088,4,480.78,10,PayPal
T003628,2024-12-03,C00872,P0080,5,195.7,10,Cash
T003629,2023-10-10,C00977,P0010,5,115.5,5,PayPal
T003630,2023-04-26,C00474,P0053,2,385.26,10,Cash
T003631,2024-06-15,C00352,P0081,2,463.99,15,Credit Card
T003632,2024-01-25,C00796,P0038,5,269.27,20,Credit Card
T003633,2023-09-29,C00324,P0038,1,269.27,20,Debit Card
T003634,2024-11-09,C00528,P0082,4,217.27,0,PayPal
T003635,2023-06-25,C00856,P0016,1,104.22,5,Cash
T003636,2023-05-23,C00041,P0059,4,231.23,15,PayPal
T003637,2024-07-20,C00924,P0078,1,91.49,0,Debit Card
T003638,2023-10-05,C00854,P0069,3,238.84,10,Credit Card
T003639,2023-08-15,C00570,P0001,5,64.55,20,Debit Card
T003640,2024-11-12,C00338,P0006,4,107.43,10,Debit Card
T003641,2024-09-25,C00755,P0077,4,484.81,10,Credit Card
T003642,2024-07-20,C00426,P0045,2,156.24,0,Debit Card
T003643,2024-04-02,C00938,P0048,1,460.06,0,Credit Card
T003644,2023-08-06,C00696,P0006,3,107.43,15,Cash
T003645,2023-04-15,C00910,P0076,5,34.79,10,Debit Card
T003646,2023-01-18,C00397,P0046,3,107.47,0,PayPal
T003647,2024-08-01,C00846,P0025,4,282.91,20,PayPal
T003648,2024-03-18,C00584,P0058,1,328.44,20,Cash
T003649,2023-01-20,C00122,P0084,5,155.39,15,Debit Card
T003650,2024-02-29,C00823,P0083,1,334.32,0,Credit Card
T003651,2024-10-08,C00209,P0097,4,14.56,10,Credit Card
T003652,2023-02-18,C00278,P0030,3,234.84,10,PayPal
T003653,2023-05-15,C00610,P0077,1,484.81,15,Cash
T003654,2023-10-08,C00352,P0086,4,38.01,20,Cash
T003655,2024-01-19,C00309,P0022,1,44.99,15,Debit Card
T003656,2023-05-10,C00332,P0015,3,313.07,20,Cash
T003657,2024-05-04,C00323,P0018,4,429.11,5,Debit Card
T003658,2023-07-05,C00624,P0016,1,104.22,10,Debit Card
T003659,2023-08-09,C00664,P0082,3,217.27,15,Credit Card
T003660,2023-09-22,C00315,P0064,4,146.45,15,PayPal
T003661,2024-07-08,C00702,P0037,3,198.54,10,Debit Card
T003662,2024-09-07,C00335,P0056,2,465.17,0,Debit Card
T003663,2024-07-01,C00321,P0029,1,254.62,15,Credit Card
T003664,2023-05-21,C00342,P0037,3,198.54,5,Credit Card
T003665,2023-06-20,C00849,P0090,5,207.85,0,Credit Card
T003666,2023-09-13,C00131,P0051,2,474.01,0,Credit Card
T003667,2024-04-28,C00946,P0031,2,375.04,15,Cash
T003668,2023-06-10,C00791,P0055,3,437.49,20,Debit Card
T003669,2024-09-24,C00570,P0045,3,156.24,10,PayPal
T003670,2023-06-25,C00599,P0024,3,142.27,5,PayPal
T003671,2023-05-24,C00880,P0092,3,50.17,0,Cash
T003672,2023-04-29,C00336,P0065,4,74.83,10,Credit Card
T003673,2024-04-04,C00057,P0009,3,352.09,0,Credit Card
T003674,2024-01-07,C00614,P0040,1,377.93,10,Cash
T003675,2024-04-10,C00276,P0040,4,377.93,5,PayPal
T003676,2024-10-15,C00366,P0028,2,439.42,10,Cash
T003677,2024-06-25,C00762,P0094,3,338.17,0,Cash
T003678,2023-05-02,C00595,P0046,3,107.47,20,Cash
T003679,2023-07-24,C00297,P0034,5,259.67,5,Credit Card
T003680,2023-12-08,C00501,P0030,5,234.84,20,Credit Card
T003681,2023-08-16,C00128,P0025,5,282.91,5,Cash
T003682,2023-03-27,C00705,P0009,2,352.09,5,Debit Card
T003683,2024-03-13,C00526,P0005,4,124.0,20,Debit Card
T003684,2024-07-24,C00362,P0009,2,352.09,15,Cash
T003685,2023-07-21,C00293,P0002,5,119.37,15,Debit Card
T003686,2023-11-20,C00065,P0088,3,480.78,5,Credit Card
T003687,2024-03-31,C00314,P0089,4,43.58,10,Debit Card
T003688,2023-12-02,C00232,P0094,4,338.17,20,Credit Card
T003689,2023-04-14,C00579,P0066,1,292.34,10,Cash
T003690,2024-12-03,C00193,P0062,3,319.24,10,Cash
T003691,2024-05-23,C00753,P0012,4,305.83,15,Cash
T003692,2023-06-16,C00829,P0076,4,34.79,20,Credit Card
T003693,2023-11-14,C00215,P0029,4,254.62,5,PayPal
T003694,2024-01-21,C00813,P0081,4,463.99,10,PayPal
T003695,2023-02-23,C00602,P0079,5,433.68,20,Credit Card
T003696,2024-12-07,C00115,P0005,1,124.0,20,PayPal
T003697,2024-05-06,C00592,P0030,1,234.84,20,Debit Card
T003698,2024-12-01,C00349,P0091,2,130.65,0,Credit Card
T003699,2024-07-07,C00420,P0077,5,484.81,10,PayPal
T003700,2023-06-24,C00302,P0084,4,155.39,10,PayPal
T003701,2024-09-26,C00962,P0097,5,14.56,15,PayPal
T003702,2024-03-24,C00575,P0022,3,44.99,15,PayPal
T003703,2024-10-12,C00585,P0091,3,130.65,20,Debit Card
T003704,2024-06-14,C00114,P0095,5,203.94,0,Debit Card
T003705,2023-05-27,C00452,P0010,5,115.5,15,Credit Card
T003706,2023-05-21,C00542,P0039,5,343.34,5,Cash
T003707,2023-03-25,C00015,P0060,3,175.66,20,PayPal
T003708,2023-09-26,C00831,P0043,1,139.06,10,Debit Card
T003709,2024-03-11,C00779,P0064,2,146.45,20,Cash
T003710,2024-06-19,C00085,P0014,2,48.61,5,Credit Card
T003711,2023-08-03,C00515,P0068,3,332.9,15,Credit Card
T003712,2023-03-25,C00252,P0074,5,132.41,15,Credit Card
T003713,2023-10-09,C00591,P0044,1,258.76,0,Debit Card
T003714,2023-04-18,C00480,P0057,5,108.56,0,PayPal
T003715,2023-11-20,C00574,P0019,4,146.21,15,Debit Card
T003716,2023-08-15,C00092,P0048,3,460.06,20,Credit Card
T003717,2024-04-20,C00013,P0096,3,234.04,5,Debit Card
T003718,2024-11-20,C00021,P0051,1,474.01,0,Debit Card
T003719,2024-08-21,C00011,P0011,2,55.45,20,Debit Card
T003720,2024-08-10,C00315,P0061,2,298.34,10,PayPal
T003721,2023-05-05,C00741,P0032,4,296.45,0,Credit Card
T003722,2024-12-07,C00336,P0068,5,332.9,0,Credit Card
T003723,2023-02-13,C00336,P0037,1,198.54,5,PayPal
T003724,2023-08-06,C00473,P0092,2,50.17,15,Credit Card
T003725,2023-12-18,C00815,P0090,5,207.85,15,Debit Card
T003726,2024-01-24,C00412,P0097,2,14.56,15,Credit Card
T003727,2023-08-11,C00358,P0089,5,43.58,20,Cash
T003728,2024-08-04,C00215,P0032,3,296.45,5,Credit Card
T003729,2024-12-22,C00642,P0001,3,64.55,20,PayPal
T003730,2024-03-16,C00376,P0012,3,305.83,15,Debit Card
T003731,2023-03-30,C00343,P0084,4,155.39,15,Debit Card
T003732,2024-08-21,C00582,P0063,2,431.22,10,PayPal
T003733,2023-04-29,C00389,P0013,3,235.12,5,Cash
T003734,2024-11-26,C00044,P0079,2,433.68,20,Debit Card
T003735,2024-04-27,C00187,P0063,4,431.22,0,Debit Card
T003736,2024-07-11,C00432,P0077,4,484.81,15,Credit Card
T003737,2023-12-18,C00303,P0032,2,296.45,20,Credit Card
T003738,2024-01-22,C00263,P0033,1,187.38,15,Credit Card
T003739,2023-02-05,C00639,P0014,4,48.61,10,Debit Card
T003740,2023-12-09,C00894,P0069,3,238.84,15,PayPal
T003741,2023-02-13,C00987,P0048,1,460.06,0,Debit Card
T003742,2024-11-16,C00560,P0072,1,131.84,5,Cash
T003743,2023-08-08,C00271,P0002,2,119.37,15,Cash
T003744,2023-08-02,C00138,P0055,5,437.49,0,PayPal
T003745,2024-10-10,C00693,P0034,3,259.67,15,Credit Card
T003746,2024-06-25,C00593,P0097,2,14.56,20,PayPal
T003747,2023-08-05,C00590,P0003,4,372.93,20,Credit Card
T003748,2024-03-04,C00412,P0064,3,146.45,20,Credit Card
T003749,2024-08-06,C00178,P0023,5,367.27,20,PayPal
T003750,2024-09-20,C00466,P0066,3,292.34,10,PayPal
T003751,2023-04-25,C00243,P0091,3,130.65,20,Cash
T003752,2023-05-20,C00127,P0063,4,431.22,10,Debit Card
T003753,2023-01-22,C00992,P0083,4,334.32,20,Credit Card
T003754,2023-04-19,C00393,P0097,3,14.56,0,Debit Card
T003755,2023-11-09,C00605,P0027,5,206.57,20,Credit Card
T003756,2024-06-03,C00211,P0064,5,146.45,15,Cash
T003757,2024-10-29,C00368,P0096,5,234.04,5,Debit Card
T003758,2023-08-08,C00291,P0052,4,409.85,15,Credit Card
T003759,2023-09-15,C00239,P0013,1,235.12,20,Credit Card
T003760,2024-09-29,C00965,P0015,3,313.07,5,Cash
T003761,2023-01-24,C00559,P0024,2,142.27,15,Debit Card
T003762,2023-12-24,C00807,P0034,2,259.67,0,PayPal
T003763,2023-03-11,C00868,P0084,2,155.39,5,Credit Card
T003764,2024-09-17,C00742,P0005,3,124.0,15,Cash
T003765,2023-05-18,C00275,P0001,3,64.55,0,Credit Card
T003766,2023-02-27,C00707,P0091,4,130.65,20,PayPal
T003767,2023-04-13,C00221,P0073,2,78.69,10,PayPal
T003768,2023-09-03,C00659,P0071,1,207.28,0,Cash
T003769,2024-09-22,C00102,P0040,2,377.93,5,PayPal
T003770,2024-07-11,C00029,P0060,5,175.66,20,Cash
T003771,2023-06-04,C00400,P0096,3,234.04,20,Cash
T003772,2023-07-29,C00182,P0024,3,142.27,0,Cash
T003773,2023-11-02,C00190,P0019,3,146.21,0,PayPal
T003774,2024-12-11,C00690,P0083,2,334.32,5,Cash
T003775,2023-04-13,C00547,P0014,5,48.61,0,Credit Card
T003776,2023-07-17,C00392,P0040,5,377.93,15,Credit Card
T003777,2024-12-05,C00221,P0049,1,19.54,15,Credit Card
T003778,2023-06-02,C00409,P0070,4,330.19,5,Credit Card
T003779,2023-06-05,C00036,P0100,1,441.62,20,PayPal
T003780,2023-08-31,C00915,P0051,4,474.01,5,Credit Card
T003781,2024-08-07,C00202,P0047,4,274.3,20,Credit Card
T003782,2023-01-11,C00477,P0044,4,258.76,20,PayPal
T003783,2023-01-31,C00099,P0008,4,406.62,5,Debit Card
T003784,2023-12-08,C00989,P0073,1,78.69,0,Cash
T003785,2023-08-10,C00473,P0079,1,433.68,5,Credit Card
T003786,2024-11-01,C00176,P0058,2,328.44,0,Credit Card
T003787,2023-07-29,C00833,P0070,4,330.19,20,Credit Card
T003788,2024-06-05,C00906,P0061,1,298.34,15,Cash
T003789,2023-05-26,C00123,P0024,1,142.27,10,PayPal
T003790,2024-12-27,C00287,P0100,4,441.62,0,Cash
T003791,2023-04-24,C00172,P0073,5,78.69,0,Cash
T003792,2023-01-07,C00263,P0059,3,231.23,5,Cash
T003793,2023-02-25,C00845,P0019,2,146.21,10,PayPal
T003794,2023-05-15,C00370,P0024,2,142.27,0,Cash
T003795,2023-01-16,C00351,P0019,2,146.21,5,PayPal
T003796,2023-03-26,C00978,P0019,1,146.21,20,PayPal
T003797,2023-11-09,C00844,P0095,4,203.94,15,Debit Card
T003798,2024-01-20,C00024,P0079,2,433.68,5,Cash
T003799,2024-10-18,C00362,P0081,3,463.99,0,Debit Card
T003800,2023-05-14,C00419,P0061,1,298.34,15,PayPal
T003801,2024-07-24,C00994,P0004,2,216.74,10,PayPal
T003802,2024-12-09,C00599,P0046,5,107.47,10,Credit Card
T003803,2024-01-27,C00135,P0005,1,124.0,0,Credit Card
T003804,2023-11-24,C00596,P0069,1,238.84,5,Cash
T003805,2024-07-07,C00776,P0052,3,409.85,20,Cash
T003806,2023-09-19,C00570,P0062,4,319.24,20,Cash
T003807,2023-05-10,C00475,P0028,4,439.42,0,Credit Card
T003808,2024-05-27,C00276,P0068,3,332.9,15,PayPal
T003809,2023-01-25,C00768,P0066,2,292.34,15,Credit Card
T003810,2024-08-01,C00586,P0015,1,313.07,15,PayPal
T003811,2024-09-26,C00134,P0073,1,78.69,15,PayPal
T003812,2023-02-14,C00414,P0007,5,215.56,20,Debit Card
T003813,2024-02-07,C00986,P0078,2,91.49,5,PayPal
T003814,2023-08-24,C00554,P0036,3,398.12,20,Cash
T003815,2023-10-04,C00968,P0058,1,328.44,20,Debit Card
T003816,2023-05-01,C00588,P0029,5,254.62,15,PayPal
T003817,2023-10-08,C00192,P0056,2,465.17,0,Debit Card
T003818,2023-03-09,C00205,P0022,4,44.99,5,Credit Card
T003819,2024-01-03,C00002,P0043,2,139.06,5,Credit Card
T003820,2023-03-04,C00019,P0003,5,372.93,20,Cash
T003821,2023-09-12,C00762,P0038,4,269.27,15,Debit Card
T003822,2024-08-30,C00627,P0015,1,313.07,0,Credit Card
T003823,2023-05-05,C00122,P0033,4,187.38,0,Credit Card
T003824,2024-08-16,C00394,P0012,5,305.83,5,Debit Card
T003825,2023-05-23,C00507,P0088,2,480.78,15,Cash
T003826,2024-09-24,C00398,P0006,1,107.43,20,PayPal
T003827,2023-11-04,C00863,P0070,1,330.19,20,Cash
T003828,2024-05-06,C00398,P0034,2,259.67,0,Credit Card
T003829,2023-01-24,C00836,P0077,5,484.81,20,PayPal
T003830,2024-12-01,C00256,P0029,4,254.62,0,Credit Card
T003831,2023-09-08,C00085,P0058,1,328.44,20,Credit Card
T003832,2023-11-22,C00679,P0012,5,305.83,20,PayPal
T003833,2024-12-11,C00338,P0034,5,259.67,5,PayPal
T003834,2023-06-03,C00194,P0003,3,372.93,0,Credit Card
T003835,2024-01-07,C00332,P0027,2,206.57,10,Cash
T003836,2024-02-25,C00458,P0004,3,216.74,15,PayPal
T003837,2023-10-18,C00912,P0075,3,405.93,15,Cash
T003838,2024-03-28,C00734,P0019,1,146.21,0,Credit Card
T003839,2024-07-17,C00274,P0018,1,429.11,5,Credit Card
T003840,2024-12-06,C00156,P0065,2,74.83,5,Cash
T003841,2024-09-02,C00296,P0099,1,257.88,5,Cash
T003842,2023-05-25,C00544,P0005,3,124.0,20,Credit Card
T003843,2024-05-23,C00706,P0034,3,259.67,5,Cash
T003844,2023-08-21,C00653,P0046,2,107.47,15,PayPal
T003845,2023-06-13,C00353,P0029,4,254.62,0,Credit Card
T003846,2023-10-29,C00164,P0012,5,305.83,0,Debit Card
T003847,2024-07-18,C00340,P0090,1,207.85,20,Credit Card
T003848,2024-12-04,C00961,P0054,1,473.96,5,PayPal
T003849,2023-12-21,C00019,P0073,3,78.69,15,Credit Card
T003850,2023-02-02,C00476,P0008,5,406.62,5,Debit Card
T003851,2023-02-26,C00437,P0034,4,259.67,0,Credit Card
T003852,2023-03-29,C00576,P0017,2,121.67,20,Debit Card
T003853,2024-04-14,C00031,P0012,1,305.83,5,Debit Card
T003854,2023-05-11,C00753,P0073,4,78.69,0,PayPal
T003855,2023-04-02,C00031,P0017,3,121.67,20,PayPal
T003856,2023-01-12,C00754,P0064,4,146.45,15,PayPal
T003857,2023-08-18,C00913,P0099,3,257.88,10,Cash
T003858,2023-02-17,C00671,P0040,2,377.93,5,Cash
T003859,2024-03-05,C00873,P0029,3,254.62,15,Credit Card
T003860,2023-04-20,C00091,P0080,3,195.7,5,Credit Card
T003861,2024-01-10,C00737,P0064,2,146.45,10,Cash
T003862,2023-06-02,C00241,P0034,3,259.67,20,Cash
T003863,2023-03-27,C00420,P0063,5,431.22,5,Debit Card
T003864,2023-11-22,C00104,P0097,2,14.56,15,Debit Card
T003865,2024-02-08,C00004,P0058,5,328.44,15,Cash
T003866,2024-12-21,C00958,P0050,3,127.33,15,Debit Card
T003867,2023-05-14,C00079,P0036,5,398.12,15,Cash
T003868,2024-07-12,C00523,P0057,3,108.56,20,PayPal
T003869,2024-04-29,C00850,P0060,1,175.66,5,Credit Card
T003870,2024-10-16,C00371,P0027,1,206.57,0,Cash
T003871,2023-04-22,C00311,P0066,5,292.34,20,Cash
T003872,2023-11-05,C00129,P0019,2,146.21,10,PayPal
T003873,2023-08-03,C00055,P0040,3,377.93,15,Cash
T003874,2024-07-14,C00971,P0020,1,89.7,5,Credit Card
T003875,2023-12-11,C00444,P0082,3,217.27,20,PayPal
T003876,2023-06-17,C00263,P0046,5,107.47,5,Credit Card
T003877,2024-02-14,C00708,P0085,3,370.51,10,Credit Card
T003878,2023-05-07,C00687,P0013,5,235.12,15,Debit Card
T003879,2024-07-13,C00083,P0071,5,207.28,5,Cash
T003880,2023-09-13,C00878,P0001,4,64.55,5,PayPal
T003881,2023-08-19,C00694,P0044,5,258.76,10,Debit Card
T003882,2023-03-08,C00530,P0068,3,332.9,20,Cash
T003883,2024-07-03,C00415,P0003,4,372.93,10,Credit Card
T003884,2023-12-22,C00837,P0013,1,235.12,0,Debit Card
T003885,2023-04-04,C00835,P0021,3,140.82,10,Debit Card
T003886,2024-11-03,C00286,P0096,1,234.04,5,Debit Card
T003887,2023-01-31,C00726,P0016,4,104.22,0,PayPal
T003888,2024-09-17,C00974,P0096,5,234.04,15,Credit Card
T003889,2023-09-03,C00146,P0064,1,146.45,20,Cash
T003890,2023-02-24,C00208,P0008,2,406.62,0,Debit Card
T003891,2023-04-18,C00458,P0077,5,484.81,20,Credit Card
T003892,2023-03-24,C00827,P0012,3,305.83,0,Credit Card
T003893,2023-08-03,C00942,P0039,4,343.34,0,Debit Card
T003894,2023-04-20,C00707,P0097,4,14.56,0,Cash
T003895,2024-10-29,C00425,P0072,1,131.84,0,Cash
T003896,2023-06-09,C00963,P0098,3,498.09,20,Credit Card
T003897,2024-06-03,C00101,P0034,5,259.67,10,Cash
T003898,2024-06-20,C00889,P0043,3,139.06,0,Credit Card
T003899,2023-03-20,C00982,P0027,4,206.57,10,Debit Card
T003900,2023-12-12,C00170,P0068,1,332.9,0,Cash
T003901,2023-06-20,C00542,P0072,4,131.84,20,Credit Card
T003902,2024-04-27,C00799,P0018,4,429.11,20,Credit Card
T003903,2023-08-21,C00115,P0060,4,175.66,0,Cash
T003904,2023-01-29,C00707,P0071,5,207.28,0,Cash
T003905,2023-06-08,C00916,P0017,2,121.67,20,Cash
T003906,2023-09-15,C00503,P0062,1,319.24,20,Debit Card
T003907,2024-05-11,C00858,P0044,2,258.76,0,Cash
T003908,2024-03-05,C00885,P0072,1,131.84,0,Debit Card
T003909,2023-10-21,C00016,P0071,5,207.28,10,PayPal
T003910,2024-04-21,C00033,P0065,1,74.83,5,PayPal
T003911,2024-11-16,C00199,P0038,2,269.27,5,Cash
T003912,2023-07-10,C00994,P0021,1,140.82,15,Credit Card
T003913,2024-01-29,C00685,P0078,4,91.49,20,PayPal
T003914,2024-04-11,C00408,P0034,4,259.67,0,Cash
T003915,2024-03-29,C00700,P0088,3,480.78,0,Cash
T003916,2024-09-26,C00122,P0089,2,43.58,20,PayPal
T003917,2024-12-14,C00963,P0096,2,234.04,0,PayPal
T003918,2023-02-26,C00119,P0095,4,203.94,10,Debit Card
T003919,2024-02-02,C00005,P0010,4,115.5,0,Debit Card
T003920,2023-07-22,C00048,P0047,5,274.3,10,Debit Card
T003921,2023-10-16,C00720,P0028,1,439.42,20,Debit Card
T003922,2024-08-14,C00296,P0018,5,429.11,10,Credit Card
T003923,2023-08-14,C00011,P0004,3,216.74,0,Cash
T003924,2024-09-07,C00834,P0010,1,115.5,10,Debit Card
T003925,2023-02-17,C00104,P0019,3,146.21,0,Cash
T003926,2024-05-02,C00374,P0093,5,266.16,15,PayPal
T003927,2024-02-18,C00814,P0092,2,50.17,5,PayPal
T003928,2023-08-27,C00564,P0040,1,377.93,0,Credit Card
T003929,2023-11-30,C00840,P0003,1,372.93,10,Cash
T003930,2024-03-06,C00788,P0034,2,259.67,15,Cash
T003931,2023-05-06,C00484,P0041,2,64.66,20,PayPal
T003932,2023-11-25,C00784,P0096,1,234.04,5,Credit Card
T003933,2024-04-04,C00338,P0064,1,146.45,5,Debit Card
T003934,2024-08-29,C00784,P0048,5,460.06,15,Credit Card
T003935,2023-12-16,C00266,P0047,2,274.3,15,Credit Card
T003936,2024-11-18,C00473,P0077,2,484.81,5,Cash
T003937,2023-01-20,C00303,P0020,3,89.7,15,PayPal
T003938,2023-10-14,C00792,P0055,4,437.49,15,Debit Card
T003939,2023-02-07,C00067,P0046,4,107.47,0,Credit Card
T003940,2024-04-16,C00063,P0027,5,206.57,15,Credit Card
T003941,2024-01-06,C00825,P0050,3,127.33,15,Debit Card
T003942,2024-05-07,C00741,P0086,1,38.01,5,Credit Card
T003943,2024-05-13,C00315,P0041,2,64.66,20,Credit Card
T003944,2023-07-10,C00304,P0057,1,108.56,10,PayPal
T003945,2024-12-23,C00688,P0059,2,231.23,15,Credit Card
T003946,2023-06-15,C00177,P0073,3,78.69,10,Cash
T003947,2024-12-02,C00413,P0068,2,332.9,15,Debit Card
T003948,2024-07-22,C00854,P0067,3,405.67,0,Cash
T003949,2024-03-02,C00257,P0055,2,437.49,0,Cash
T003950,2024-10-30,C00700,P0049,2,19.54,5,Cash
T003951,2023-03-11,C00212,P0091,3,130.65,5,Cash
T003952,2024-05-02,C00709,P0054,2,473.96,10,Debit Card
T003953,2023-08-12,C00442,P0068,5,332.9,15,Credit Card
T003954,2024-02-21,C00711,P0086,1,38.01,10,Cash
T003955,2024-08-28,C00240,P0087,2,460.5,0,PayPal
T003956,2024-01-15,C00241,P0100,3,441.62,0,PayPal
T003957,2023-01-27,C00538,P0088,5,480.78,5,Cash
T003958,2023-07-24,C00429,P0074,1,132.41,10,Cash
T003959,2024-03-15,C00796,P0033,1,187.38,10,Debit Card
T003960,2024-11-29,C00756,P0084,3,155.39,15,Cash
T003961,2023-03-01,C00486,P0095,5,203.94,20,Cash
T003962,2024-05-26,C00348,P0091,3,130.65,10,Debit Card
T003963,2024-03-22,C00601,P0010,1,115.5,5,PayPal
T003964,2023-05-31,C00489,P0024,2,142.27,15,Debit Card
T003965,2024-04-11,C00212,P0094,2,338.17,0,Debit Card
T003966,2023-06-29,C00151,P0083,4,334.32,0,Credit Card
T003967,2023-03-18,C00851,P0060,3,175.66,15,Cash
T003968,2024-09-13,C00992,P0016,4,104.22,0,Cash
T003969,2023-06-18,C00799,P0008,3,406.62,5,PayPal
T003970,2023-04-27,C00275,P0037,5,198.54,15,Debit Card
T003971,2023-02-03,C00180,P0048,1,460.06,15,Credit Card
T003972,2023-08-01,C00878,P0075,2,405.93,5,Credit Card
T003973,2023-07-04,C00424,P0096,5,234.04,20,Credit Card
T003974,2023-04-08,C00189,P0035,4,431.94,10,Cash
T003975,2023-03-21,C00433,P0008,5,406.62,0,Credit Card
T003976,2024-04-06,C00905,P0060,1,175.66,5,Credit Card
T003977,2024-02-14,C00457,P0025,1,282.91,10,Credit Card
T003978,2023-02-03,C00598,P0038,2,269.27,5,Debit Card
T003979,2024-02-28,C00188,P0059,3,231.23,10,Cash
T003980,2024-08-14,C00874,P0029,1,254.62,15,Debit Card
T003981,2024-07-30,C00802,P0036,4,398.12,15,Debit Card
T003982,2024-07-22,C00553,P0001,2,64.55,20,Credit Card
T003983,2024-02-12,C00952,P0097,3,14.56,10,Credit Card
T003984,2023-06-10,C00631,P0045,5,156.24,20,PayPal
T003985,2023-04-22,C00619,P0090,2,207.85,20,Debit Card
T003986,2023-05-11,C00718,P0060,2,175.66,15,Debit Card
T003987,2024-07-07,C00164,P0012,5,305.83,0,Cash
T003988,2023-08-16,C00668,P0045,1,156.24,10,Cash
T003989,2023-03-02,C00851,P0017,4,121.67,15,Cash
T003990,2024-02-09,C00340,P0083,2,334.32,15,Debit Card
T003991,2024-07-20,C00312,P0083,3,334.32,5,Cash
T003992,2023-09-29,C00767,P0080,5,195.7,10,Credit Card
T003993,2024-04-08,C00001,P0093,5,266.16,20,Cash
T003994,2023-11-05,C00429,P0001,4,64.55,10,Cash
T003995,2023-01-23,C00046,P0022,5,44.99,0,Credit Card
T003996,2024-08-01,C00610,P0022,1,44.99,5,Debit Card
T003997,2023-03-21,C00796,P0048,3,460.06,5,Credit Card
T003998,2023-10-14,C00556,P0034,5,259.67,0,Debit Card
T003999,2023-06-27,C00357,P0021,2,140.82,5,Debit Card
T004000,2023-06-27,C00981,P0001,2,64.55,5,PayPal
T004001,2023-03-10,C00158,P0006,3,107.43,10,PayPal
T004002,2023-03-02,C00634,P0015,2,313.07,10,PayPal
T004003,2023-12-03,C00700,P0092,1,50.17,5,Cash
T004004,2024-08-17,C00833,P0065,5,74.83,20,PayPal
T004005,2024-12-12,C00639,P0027,2,206.57,5,Debit Card
T004006,2023-06-16,C00871,P0038,2,269.27,15,Debit Card
T004007,2024-08-29,C00136,P0055,1,437.49,20,Credit Card
T004008,2023-12-22,C00765,P0073,5,78.69,5,Credit Card
T004009,2023-05-10,C00771,P0035,3,431.94,0,Debit Card
T004010,2024-08-16,C00455,P0008,3,406.62,20,Cash
T004011,2023-11-17,C00616,P0079,5,433.68,5,Credit Card
T004012,2023-05-01,C00249,P0019,4,146.21,15,Debit Card
T004013,2023-03-19,C00471,P0062,3,319.24,20,PayPal
T004014,2023-10-12,C00068,P0021,1,140.82,15,Debit Card
T004015,2024-09-01,C00888,P0100,3,441.62,0,Debit Card
T004016,2024-04-03,C00638,P0044,1,258.76,20,Debit Card
T004017,2023-07-05,C00458,P0051,1,474.01,5,Credit Card
T004018,2024-05-08,C00238,P0048,4,460.06,5,Cash
T004019,2023-10-08,C00327,P0061,2,298.34,20,Cash
T004020,2023-09-15,C00106,P0050,2,127.33,0,Cash
T004021,2023-05-04,C00829,P0058,2,328.44,0,Credit Card
T004022,2024-08-07,C00163,P0076,5,34.79,10,PayPal
T004023,2023-05-21,C00063,P0035,2,431.94,5,Credit Card
T004024,2023-03-06,C00708,P0046,2,107.47,10,PayPal
T004025,2023-01-11,C00097,P0041,3,64.66,5,Debit Card
T004026,2023-04-13,C00656,P0075,1,405.93,10,Debit Card
T004027,2024-11-13,C00530,P0007,4,215.56,15,Cash
T004028,2024-10-15,C00268,P0018,4,429.11,20,Debit Card
T004029,2024-01-19,C00760,P0089,3,43.58,5,Debit Card
T004030,2023-04-06,C00559,P0065,2,74.83,10,PayPal
T004031,2024-12-18,C00811,P0070,1,330.19,20,Debit Card
T004032,2023-01-08,C00791,P0039,5,343.34,15,Cash
T004033,2023-02-12,C00505,P0056,4,465.17,20,Debit Card
T004034,2023-08-02,C00776,P0031,2,375.04,20,Cash
T004035,2023-12-29,C00367,P0013,5,235.12,0,Debit Card
T004036,2023-12-15,C00734,P0060,5,175.66,10,Cash
T004037,2023-10-09,C00905,P0008,5,406.62,10,PayPal
T004038,2024-06-23,C00197,P0068,5,332.9,5,PayPal
T004039,2024-12-17,C00728,P0056,4,465.17,5,Cash
T004040,2023-06-26,C00758,P0003,5,372.93,10,Cash
T004041,2024-05-08,C00675,P0017,5,121.67,5,PayPal
T004042,2023-11-09,C00883,P0028,3,439.42,10,Credit Card
T004043,2024-08-22,C00173,P0051,5,474.01,5,Debit Card
T004044,2023-07-07,C00009,P0045,1,156.24,20,Debit Card
T004045,2023-12-28,C00815,P0094,4,338.17,5,PayPal
T004046,2024-04-02,C00566,P0023,4,367.27,5,PayPal
T004047,2023-07-04,C00014,P0083,1,334.32,5,Debit Card
T004048,2023-09-09,C00090,P0036,3,398.12,20,Debit Card
T004049,2024-08-31,C00807,P0002,1,119.37,20,Cash
T004050,2024-02-08,C00852,P0022,4,44.99,0,Debit Card
T004051,2024-02-24,C00001,P0052,3,409.85,10,Credit Card
T004052,2024-08-17,C00441,P0047,2,274.3,5,Credit Card
T004053,2024-05-03,C00663,P0037,1,198.54,0,Debit Card
T004054,2024-09-21,C00052,P0010,1,115.5,20,Debit Card
T004055,2023-09-09,C00782,P0048,2,460.06,20,Debit Card
T004056,2023-05-18,C00306,P0021,4,140.82,0,Credit Card
T004057,2024-08-29,C00392,P0029,1,254.62,0,Cash
T004058,2023-01-22,C00148,P0068,4,332.9,15,Credit Card
T004059,2023-11-25,C00288,P0052,4,409.85,0,Cash
T004060,2023-02-26,C01000,P0061,4,298.34,5,Cash
T004061,2023-10-16,C00726,P0028,5,439.42,10,Credit Card
T004062,2023-01-16,C00334,P0074,2,132.41,15,Debit Card
T004063,2023-07-24,C00434,P0035,1,431.94,15,Cash
T004064,2024-11-05,C00878,P0019,2,146.21,0,Debit Card
T004065,2023-07-22,C00118,P0053,1,385.26,20,PayPal
T004066,2023-10-17,C00096,P0092,4,50.17,10,Debit Card
T004067,2023-07-24,C00102,P0092,4,50.17,10,PayPal
T004068,2023-10-22,C00938,P0015,2,313.07,15,Debit Card
T004069,2024-04-20,C00675,P0061,4,298.34,20,PayPal
T004070,2024-05-03,C00916,P0054,1,473.96,15,Debit Card
T004071,2023-09-15,C00300,P0078,2,91.49,20,Credit Card
T004072,2023-10-12,C00829,P0055,1,437.49,15,PayPal
T004073,2023-12-15,C00524,P0013,5,235.12,15,Credit Card
T004074,2023-03-30,C00635,P0064,5,146.45,20,Debit Card
T004075,2023-06-26,C00715,P0039,2,343.34,0,Debit Card
T004076,2023-10-21,C00225,P0072,4,131.84,10,PayPal
T004077,2023-10-01,C00788,P0010,4,115.5,5,Debit Card
T004078,2023-10-03,C00439,P0045,3,156.24,5,Cash
T004079,2024-08-09,C00460,P0033,5,187.38,0,Debit Card
T004080,2024-01-03,C00792,P0038,5,269.27,10,Debit Card
T004081,2024-01-23,C00141,P0098,4,498.09,20,Credit Card
T004082,2023-10-15,C00479,P0089,2,43.58,5,Cash
T004083,2024-12-24,C00065,P0035,1,431.94,0,PayPal
T004084,2023-08-21,C00896,P0065,3,74.83,10,Cash
T004085,2023-10-02,C00094,P0023,4,367.27,10,Debit Card
T004086,2023-11-25,C00605,P0100,5,441.62,0,Credit Card
T004087,2024-08-18,C00226,P0100,4,441.62,20,Credit Card
T004088,2023-09-26,C00438,P0087,1,460.5,10,Cash
T004089,2024-10-25,C00421,P0082,1,217.27,10,Debit Card
T004090,2024-04-11,C00980,P0065,5,74.83,10,PayPal
T004091,2023-08-06,C00053,P0059,4,231.23,15,Credit Card
T004092,2024-07-09,C00463,P0097,3,14.56,15,PayPal
T004093,2024-02-29,C00135,P0060,4,175.66,5,Cash
T004094,2024-07-20,C00377,P0009,3,352.09,0,PayPal
T004095,2024-06-13,C00624,P0096,5,234.04,0,Credit Card
T004096,2023-06-02,C00487,P0058,2,328.44,20,Credit Card
T004097,2023-01-12,C00530,P0100,3,441.62,10,Credit Card
T004098,2024-12-15,C00666,P0059,5,231.23,15,Credit Card
T004099,2023-10-25,C00373,P0031,4,375.04,15,Credit Card
T004100,2023-12-12,C00234,P0005,2,124.0,15,PayPal
T004101,2024-03-11,C00522,P0076,2,34.79,5,Credit Card
T004102,2024-02-10,C00661,P0062,4,319.24,5,Credit Card
T004103,2024-02-19,C00718,P0061,1,298.34,20,Debit Card
T004104,2023-07-07,C00188,P0095,4,203.94,15,Cash
T004105,2024-08-11,C00288,P0083,1,334.32,20,Credit Card
T004106,2024-06-08,C00521,P0058,5,328.44,15,PayPal
T004107,2023-08-12,C00779,P0065,3,74.83,20,Credit Card
T004108,2024-02-01,C00770,P0061,2,298.34,20,Cash
T004109,2023-07-29,C00697,P0039,2,343.34,20,Cash
T004110,2024-02-14,C00760,P0004,3,216.74,10,Credit Card
T004111,2024-11-17,C00310,P0082,5,217.27,5,Debit Card
T004112,2023-05-01,C00467,P0089,1,43.58,10,Cash
T004113,2024-12-17,C00080,P0098,5,498.09,15,Cash
T004114,2023-01-31,C00401,P0053,2,385.26,5,Credit Card
T004115,2023-03-13,C00782,P0052,2,409.85,20,Credit Card
T004116,2024-04-30,C00967,P0025,5,282.91,20,Debit Card
T004117,2024-06-05,C00083,P0079,5,433.68,20,Debit Card
T004118,2024-05-17,C00576,P0016,2,104.22,15,PayPal
T004119,2023-07-28,C00824,P0099,2,257.88,15,Credit Card
T004120,2024-04-13,C00937,P0095,1,203.94,20,Cash
T004121,2023-11-12,C00269,P0079,2,433.68,15,PayPal
T004122,2023-06-11,C00212,P0004,5,216.74,20,Debit Card
T004123,2023-03-31,C00790,P0087,2,460.5,10,PayPal
T004124,2024-12-04,C00616,P0082,1,217.27,0,PayPal
T004125,2024-01-03,C00580,P0100,5,441.62,15,Cash
T004126,2023-01-28,C00614,P0049,2,19.54,0,PayPal
T004127,2024-07-05,C00195,P0057,1,108.56,10,PayPal
T004128,2024-09-13,C00167,P0068,3,332.9,5,PayPal
T004129,2024-11-05,C00832,P0032,1,296.45,5,Credit Card
T004130,2024-04-22,C00552,P0093,1,266.16,15,Cash
T004131,2024-05-29,C00396,P0001,4,64.55,10,Debit Card
T004132,2024-11-25,C00352,P0015,5,313.07,20,Credit Card
T004133,2023-04-16,C00667,P0049,3,19.54,20,Debit Card
T004134,2024-10-31,C00096,P0066,3,292.34,0,Debit Card
T004135,2024-04-04,C00048,P0100,1,441.62,15,Credit Card
T004136,2024-09-05,C00423,P0020,3,89.7,0,Cash
T004137,2023-02-19,C00032,P0027,5,206.57,20,Credit Card
T004138,2024-06-14,C00920,P0082,1,217.27,15,Debit Card
T004139,2024-02-16,C00542,P0020,2,89.7,20,Cash
T004140,2024-07-17,C00667,P0023,3,367.27,10,PayPal
T004141,2023-01-31,C00872,P0085,1,370.51,15,Debit Card
T004142,2024-06-12,C00676,P0065,5,74.83,10,Debit Card
T004143,2024-10-18,C00479,P0083,3,334.32,0,Credit Card
T004144,2024-03-05,C00003,P0070,4,330.19,20,Credit Card
T004145,2024-09-06,C00880,P0050,1,127.33,5,Cash
T004146,2024-02-20,C00136,P0051,1,474.01,20,Credit Card
T004147,2024-06-27,C00861,P0018,1,429.11,5,Credit Card
T004148,2024-04-12,C00651,P0008,2,406.62,15,Debit Card
T004149,2024-11-19,C00288,P0034,3,259.67,5,PayPal
T004150,2024-09-01,C00646,P0049,2,19.54,10,PayPal
T004151,2024-06-18,C00842,P0088,4,480.78,0,Credit Card
T004152,2023-07-02,C00754,P0002,3,119.37,5,PayPal
T004153,2023-06-16,C00898,P0085,3,370.51,5,Cash
T004154,2024-09-02,C00600,P0003,1,372.93,5,Debit Card
T004155,2024-04-14,C00255,P0047,1,274.3,5,PayPal
T004156,2024-08-06,C00415,P0058,1,328.44,5,Cash
T004157,2024-10-26,C00460,P0098,1,498.09,5,PayPal
T004158,2023-09-06,C00326,P0049,2,19.54,10,Credit Card
T004159,2023-12-27,C00228,P0046,4,107.47,10,Credit Card
T004160,2024-12-17,C00835,P0069,4,238.84,10,PayPal
T004161,2024-11-26,C00995,P0003,2,372.93,15,PayPal
T004162,2024-06-06,C00151,P0070,1,330.19,10,Cash
T004163,2024-05-25,C00531,P0032,3,296.45,10,Cash
T004164,2024-02-25,C00203,P0020,2,89.7,5,Cash
T004165,2023-02-09,C00413,P0049,4,19.54,20,Cash
T004166,2023-10-18,C00076,P0075,2,405.93,10,PayPal
T004167,2024-08-03,C00992,P0063,2,431.22,5,Credit Card
T004168,2023-09-20,C00620,P0024,5,142.27,15,Debit Card
T004169,2023-06-19,C00578,P0053,5,385.26,5,Credit Card
T004170,2024-01-29,C00408,P0054,1,473.96,15,Cash
T004171,2023-07-01,C00914,P0025,3,282.91,15,Debit Card
T004172,2024-08-25,C00618,P0095,5,203.94,5,Debit Card
T004173,2023-11-25,C00567,P0097,4,14.56,15,Cash
T004174,2024-12-28,C00462,P0064,5,146.45,5,PayPal
T004175,2024-03-20,C00309,P0002,1,119.37,5,PayPal
T004176,2024-06-21,C00051,P0023,5,367.27,10,Debit Card
T004177,2023-04-08,C00205,P0042,5,11.59,20,Debit Card
T004178,2024-09-05,C00159,P0011,2,55.45,15,Credit Card
T004179,2023-01-31,C00919,P0001,1,64.55,10,PayPal
T004180,2023-02-20,C00675,P0084,4,155.39,15,Debit Card
T004181,2024-09-23,C00765,P0093,1,266.16,10,Debit Card
T004182,2023-02-04,C00749,P0037,5,198.54,0,Debit Card
T004183,2023-11-04,C00018,P0016,2,104.22,20,Cash
T004184,2023-11-26,C00923,P0020,5,89.7,15,Debit Card
T004185,2023-02-03,C00628,P0076,5,34.79,15,PayPal
T004186,2024-11-18,C00305,P0050,2,127.33,5,PayPal
T004187,2023-01-12,C00636,P0043,2,139.06,0,Debit Card
T004188,2023-08-28,C00852,P0044,2,258.76,0,Cash
T004189,2024-03-12,C00624,P0055,1,437.49,20,PayPal
T004190,2024-07-26,C00411,P0080,2,195.7,20,Credit Card
T004191,2024-10-26,C00412,P0048,5,460.06,5,Credit Card
T004192,2023-03-29,C00675,P0061,3,298.34,5,Credit Card
T004193,2024-04-04,C00419,P0079,4,433.68,0,Cash
T004194,2024-08-08,C00492,P0043,2,139.06,10,Credit Card
T004195,2023-11-14,C00815,P0032,3,296.45,15,PayPal
T004196,2023-05-04,C00168,P0091,3,130.65,5,Credit Card
T004197,2024-11-03,C00494,P0025,5,282.91,10,Cash
T004198,2023-04-10,C00054,P0002,4,119.37,15,Cash
T004199,2023-07-21,C00174,P0083,1,334.32,15,PayPal
T004200,2023-03-05,C00430,P0029,1,254.62,20,Debit Card
T004201,2023-02-16,C00712,P0019,3,146.21,20,Credit Card
T004202,2024-08-27,C00529,P0026,4,122.23,5,Debit Card
T004203,2024-04-15,C00195,P0006,3,107.43,5,PayPal
T004204,2023-11-14,C00867,P0036,4,398.12,10,Credit Card
T004205,2023-10-05,C00442,P0064,1,146.45,15,Cash
T004206,2023-05-12,C00231,P0100,3,441.62,0,Credit Card
T004207,2024-12-09,C00424,P0061,3,298.34,0,Credit Card
T004208,2024-04-27,C00035,P0081,5,463.99,10,Credit Card
T004209,2024-05-09,C00245,P0089,2,43.58,20,PayPal
T004210,2023-03-22,C00361,P0035,4,431.94,5,PayPal
T004211,2023-02-07,C00834,P0078,1,91.49,20,PayPal
T004212,2024-06-05,C00353,P0001,3,64.55,20,Credit Card
T004213,2023-04-08,C00917,P0042,4,11.59,10,PayPal
T004214,2024-09-26,C00686,P0051,3,474.01,5,Credit Card
T004215,2024-02-12,C00663,P0007,4,215.56,15,Credit Card
T004216,2023-02-21,C00012,P0037,5,198.54,5,Credit Card
T004217,2023-11-15,C00915,P0041,3,64.66,0,PayPal
T004218,2023-01-19,C00255,P0098,5,498.09,20,Debit Card
T004219,2023-07-02,C00824,P0011,5,55.45,0,Debit Card
T004220,2024-08-25,C00404,P0049,2,19.54,0,Debit Card
T004221,2024-06-10,C00938,P0048,5,460.06,20,Cash
T004222,2024-12-01,C00644,P0036,1,398.12,15,Credit Card
T004223,2023-06-05,C00330,P0051,2,474.01,20,PayPal
T004224,2023-04-03,C00290,P0049,4,19.54,20,Debit Card
T004225,2023-07-28,C00243,P0093,3,266.16,15,Debit Card
T004226,2023-07-24,C00955,P0008,2,406.62,20,Cash
T004227,2023-11-04,C00871,P0034,1,259.67,20,Credit Card
T004228,2024-03-18,C00044,P0063,5,431.22,20,Cash
T004229,2023-02-13,C00173,P0077,1,484.81,0,Credit Card
T004230,2024-07-07,C00843,P0093,3,266.16,5,Credit Card
T004231,2023-04-05,C00698,P0026,2,122.23,15,Cash
T004232,2023-04-13,C00344,P0013,5,235.12,10,PayPal
T004233,2024-07-28,C00352,P0007,2,215.56,15,Debit Card
T004234,2023-07-10,C00123,P0085,1,370.51,20,Cash
T004235,2023-02-03,C00466,P0038,2,269.27,5,Credit Card
T004236,2023-11-18,C00616,P0029,4,254.62,0,Cash
T004237,2024-05-03,C00373,P0035,3,431.94,10,Cash
T004238,2024-12-15,C00885,P0008,5,406.62,5,Debit Card
T004239,2023-03-23,C00769,P0057,1,108.56,10,Cash
T004240,2023-03-17,C00587,P0080,3,195.7,5,PayPal
T004241,2024-03-07,C00824,P0063,4,431.22,15,Debit Card
T004242,2024-02-22,C00255,P0024,3,142.27,20,Cash
T004243,2023-01-03,C00238,P0047,1,274.3,5,Cash
T004244,2023-03-17,C00548,P0095,3,203.94,0,Debit Card
T004245,2024-01-18,C00833,P0063,5,431.22,15,Credit Card
T004246,2023-08-10,C00530,P0050,4,127.33,0,PayPal
T004247,2023-02-23,C00243,P0051,1,474.01,15,Cash
T004248,2023-09-02,C00850,P0056,1,465.17,10,Credit Card
T004249,2023-05-13,C00544,P0094,1,338.17,15,PayPal
T004250,2023-01-09,C00559,P0080,5,195.7,0,Credit Card
T004251,2023-08-10,C00045,P0076,5,34.79,0,Debit Card
T004252,2023-03-02,C00243,P0095,1,203.94,5,PayPal
T004253,2023-05-19,C00623,P0003,3,372.93,10,Debit Card
T004254,2024-12-06,C00786,P0026,4,122.23,10,Cash
T004255,2024-12-13,C00376,P0077,2,484.81,0,Debit Card
T004256,2024-02-06,C00051,P0006,5,107.43,20,Cash
T004257,2023-02-14,C00884,P0018,4,429.11,10,Cash
T004258,2023-10-30,C00330,P0085,3,370.51,10,Debit Card
T004259,2023-02-14,C00293,P0041,5,64.66,20,PayPal
T004260,2024-12-11,C00948,P0037,3,198.54,5,Credit Card
T004261,2023-05-08,C00017,P0072,5,131.84,0,Cash
T004262,2023-12-23,C00359,P0081,5,463.99,5,PayPal
T004263,2023-10-17,C00339,P0098,4,498.09,15,Debit Card
T004264,2023-06-21,C00814,P0077,3,484.81,5,Credit Card
T004265,2024-05-20,C00507,P0079,1,433.68,10,Cash
T004266,2024-01-25,C00241,P0002,4,119.37,0,Cash
T004267,2023-05-23,C00555,P0040,4,377.93,0,Cash
T004268,2023-01-11,C00460,P0038,2,269.27,15,Cash
T004269,2023-01-17,C00202,P0017,3,121.67,0,PayPal
T004270,2024-05-31,C00028,P0047,1,274.3,10,Debit Card
T004271,2024-11-28,C00070,P0001,4,64.55,5,Credit Card
T004272,2024-03-09,C00829,P0064,1,146.45,10,Cash
T004273,2023-02-25,C00540,P0045,4,156.24,20,Credit Card
T004274,2024-01-18,C00184,P0017,3,121.67,10,Credit Card
T004275,2023-08-03,C00605,P0032,3,296.45,10,Cash
T004276,2024-08-03,C00058,P0034,4,259.67,10,PayPal
T004277,2023-08-07,C00697,P0013,3,235.12,15,Credit Card
T004278,2023-11-23,C00472,P0093,1,266.16,20,Credit Card
T004279,2024-10-20,C00653,P0068,5,332.9,20,Cash
T004280,2024-03-21,C00960,P0096,3,234.04,15,Debit Card
T004281,2024-03-15,C00398,P0043,1,139.06,20,Debit Card
T004282,2023-07-19,C00731,P0042,5,11.59,15,PayPal
T004283,2024-10-04,C00573,P0086,4,38.01,15,Credit Card
T004284,2024-01-19,C00480,P0088,1,480.78,5,Debit Card
T004285,2024-12-11,C00868,P0062,4,319.24,0,PayPal
T004286,2023-09-08,C00826,P0001,1,64.55,20,Debit Card
T004287,2023-06-17,C00618,P0004,3,216.74,15,Cash
T004288,2023-09-05,C00195,P0028,2,439.42,20,Cash
T004289,2023-08-06,C00137,P0088,2,480.78,20,Cash
T004290,2023-10-24,C00041,P0034,2,259.67,20,Debit Card
T004291,2023-11-26,C00782,P0031,2,375.04,15,Cash
T004292,2024-01-21,C00881,P0080,5,195.7,5,PayPal
T004293,2023-06-19,C00485,P0057,2,108.56,20,Debit Card
T004294,2023-08-18,C00548,P0093,3,266.16,5,Credit Card
T004295,2023-05-20,C00703,P0031,2,375.04,0,Credit Card
T004296,2023-09-15,C00001,P0089,1,43.58,15,Debit Card
T004297,2023-08-22,C00818,P0098,2,498.09,20,PayPal
T004298,2023-10-28,C00218,P0018,3,429.11,15,Credit Card
T004299,2024-09-11,C00538,P0076,2,34.79,20,Credit Card
T004300,2024-11-19,C00340,P0062,3,319.24,0,PayPal
T004301,2023-10-03,C00351,P0089,2,43.58,15,Credit Card
T004302,2024-03-29,C00447,P0042,5,11.59,20,Credit Card
T004303,2023-07-26,C00983,P0071,2,207.28,0,Credit Card
T004304,2023-01-04,C00853,P0092,4,50.17,10,Debit Card
T004305,2023-08-07,C00159,P0087,2,460.5,15,Debit Card
T004306,2023-05-12,C00461,P0064,4,146.45,15,Debit Card
T004307,2023-07-28,C00425,P0010,5,115.5,0,Cash
T004308,2024-02-16,C00748,P0039,4,343.34,0,Cash
T004309,2023-01-04,C00572,P0027,3,206.57,0,Debit Card
T004310,2024-01-23,C00344,P0005,5,124.0,10,Debit Card
T004311,2024-09-30,C00816,P0065,3,74.83,5,PayPal
T004312,2023-03-28,C00844,P0094,1,338.17,15,PayPal
T004313,2023-02-24,C00920,P0017,4,121.67,10,Credit Card
T004314,2024-11-22,C00890,P0083,4,334.32,15,PayPal
T004315,2024-06-02,C00439,P0022,4,44.99,15,Debit Card
T004316,2024-01-16,C00949,P0073,1,78.69,15,Debit Card
T004317,2023-01-15,C00251,P0006,4,107.43,5,PayPal
T004318,2024-10-11,C00905,P0052,3,409.85,15,Credit Card
T004319,2023-10-17,C00459,P0074,3,132.41,10,Cash
T004320,2024-10-23,C00214,P0076,1,34.79,20,Debit Card
T004321,2024-08-24,C00789,P0090,5,207.85,15,PayPal
T004322,2024-09-04,C00264,P0010,5,115.5,20,Cash
T004323,2023-02-05,C00758,P0076,5,34.79,10,PayPal
T004324,2023-01-15,C00612,P0037,2,198.54,5,Cash
T004325,2024-03-22,C00222,P0038,2,269.27,5,Debit Card
T004326,2024-08-27,C00915,P0033,4,187.38,0,Debit Card
T004327,2023-04-14,C00736,P0021,5,140.82,20,Credit Card
T004328,2024-11-07,C00338,P0014,5,48.61,10,PayPal
T004329,2023-08-22,C00017,P0033,1,187.38,0,Debit Card
T004330,2024-12-02,C00448,P0058,2,328.44,5,Debit Card
T004331,2024-08-28,C00721,P0068,3,332.9,15,PayPal
T004332,2023-06-26,C00166,P0082,3,217.27,15,Cash
T004333,2024-05-31,C00504,P0090,1,207.85,20,Debit Card
T004334,2023-05-12,C00462,P0027,5,206.57,20,Cash
T004335,2023-03-01,C00674,P0043,5,139.06,10,Credit Card
T004336,2024-02-02,C00051,P0067,4,405.67,0,Debit Card
T004337,2024-12-15,C00262,P0093,5,266.16,10,Cash
T004338,2023-11-10,C00766,P0060,5,175.66,20,PayPal
T004339,2024-02-05,C00772,P0004,3,216.74,20,Cash
T004340,2024-12-04,C00639,P0057,3,108.56,20,Cash
T004341,2023-07-17,C00555,P0087,2,460.5,0,Cash
T004342,2023-06-07,C00405,P0026,1,122.23,0,Credit Card
T004343,2024-08-10,C00428,P0019,1,146.21,15,Cash
T004344,2023-05-16,C00102,P0001,4,64.55,10,PayPal
T004345,2023-11-23,C00461,P0094,5,338.17,15,PayPal
T004346,2023-12-05,C00682,P0064,5,146.45,15,PayPal
T004347,2023-12-02,C00777,P0097,3,14.56,15,PayPal
T004348,2023-04-13,C00261,P0023,4,367.27,15,PayPal
T004349,2023-01-06,C00054,P0001,4,64.55,20,Cash
T004350,2023-12-12,C00806,P0067,4,405.67,20,Debit Card
T004351,2023-10-26,C00059,P0088,3,480.78,0,Cash
T004352,2024-01-27,C00262,P0046,3,107.47,0,Debit Card
T004353,2023-06-29,C00883,P0033,3,187.38,10,Credit Card
T004354,2024-06-08,C00627,P0076,4,34.79,10,Credit Card
T004355,2023-05-28,C00207,P0026,5,122.23,15,Cash
T004356,2023-01-18,C00795,P0066,2,292.34,10,Cash
T004357,2023-02-12,C00066,P0094,4,338.17,0,Debit Card
T004358,2024-02-23,C00047,P0025,5,282.91,10,PayPal
T004359,2023-06-07,C00525,P0028,4,439.42,0,Debit Card
T004360,2023-02-16,C00341,P0089,1,43.58,20,Debit Card
T004361,2023-02-01,C00796,P0078,3,91.49,0,Debit Card
T004362,2023-10-03,C00593,P0086,1,38.01,20,Cash
T004363,2024-10-15,C00844,P0009,5,352.09,15,Cash
T004364,2024-08-12,C00139,P0063,3,431.22,10,Debit Card
T004365,2024-07-22,C00113,P0035,2,431.94,10,Cash
T004366,2024-09-16,C00540,P0035,1,431.94,10,PayPal
T004367,2023-02-13,C00210,P0060,3,175.66,15,Cash
T004368,2023-11-03,C00998,P0066,1,292.34,20,PayPal
T004369,2024-05-25,C00655,P0082,2,217.27,20,PayPal
T004370,2024-11-24,C00910,P0003,3,372.93,20,Credit Card
T004371,2023-05-24,C00443,P0085,1,370.51,5,PayPal
T004372,2023-10-04,C00667,P0019,1,146.21,5,Credit Card
T004373,2023-12-29,C00615,P0068,2,332.9,10,PayPal
T004374,2024-09-17,C00480,P0003,2,372.93,10,Debit Card
T004375,2023-02-11,C00099,P0030,5,234.84,15,Cash
T004376,2024-04-27,C00546,P0037,4,198.54,15,PayPal
T004377,2024-09-16,C00979,P0047,1,274.3,10,Credit Card
T004378,2024-06-09,C00756,P0055,3,437.49,20,Debit Card
T004379,2023-07-26,C00513,P0001,5,64.55,5,PayPal
T004380,2024-10-18,C00895,P0067,4,405.67,20,PayPal
T004381,2023-04-19,C00431,P0074,2,132.41,5,Debit Card
T004382,2023-06-22,C00032,P0055,3,437.49,20,Cash
T004383,2024-09-29,C00287,P0097,2,14.56,15,Cash
T004384,2024-05-07,C00951,P0038,5,269.27,5,Credit Card
T004385,2024-03-30,C00717,P0025,1,282.91,15,Cash
T004386,2023-07-06,C00219,P0076,1,34.79,10,Credit Card
T004387,2024-06-26,C00093,P0098,4,498.09,20,Debit Card
T004388,2023-10-29,C00151,P0100,4,441.62,10,PayPal
T004389,2024-07-30,C00425,P0040,5,377.93,20,Credit Card
T004390,2024-03-06,C00242,P0020,2,89.7,15,Debit Card
T004391,2023-08-14,C00486,P0084,1,155.39,15,Credit Card
T004392,2023-06-05,C00234,P0022,4,44.99,20,Credit Card
T004393,2023-02-06,C00833,P0091,4,130.65,10,PayPal
T004394,2024-07-09,C00654,P0081,4,463.99,0,PayPal
T004395,2024-04-22,C00595,P0058,3,328.44,10,Credit Card
T004396,2024-10-04,C00431,P0057,4,108.56,10,PayPal
T004397,2023-07-27,C00538,P0076,1,34.79,20,Credit Card
T004398,2024-04-08,C00216,P0096,4,234.04,20,Credit Card
T004399,2023-12-28,C00067,P0075,3,405.93,15,Credit Card
T004400,2024-07-25,C00310,P0075,3,405.93,20,Cash
T004401,2023-06-21,C00847,P0052,5,409.85,5,PayPal
T004402,2024-07-17,C00454,P0066,4,292.34,5,Credit Card
T004403,2023-06-09,C00702,P0003,4,372.93,15,Credit Card
T004404,2023-06-04,C00608,P0031,4,375.04,0,Debit Card
T004405,2023-04-28,C00806,P0081,5,463.99,0,PayPal
T004406,2023-04-01,C00900,P0071,5,207.28,0,Debit Card
T004407,2024-08-03,C00809,P0083,5,334.32,20,Cash
T004408,2024-11-02,C00101,P0098,5,498.09,5,Credit Card
T004409,2024-10-26,C00008,P0063,4,431.22,15,Credit Card
T004410,2023-05-02,C00466,P0007,5,215.56,5,Debit Card
T004411,2024-05-07,C00151,P0100,5,441.62,20,Debit Card
T004412,2024-02-01,C00622,P0071,2,207.28,5,PayPal
T004413,2024-12-24,C00679,P0066,4,292.34,10,Cash
T004414,2023-02-17,C00731,P0032,3,296.45,0,Cash
T004415,2024-05-17,C00472,P0042,5,11.59,20,Cash
T004416,2024-06-15,C00886,P0094,2,338.17,5,PayPal
T004417,2023-12-29,C00457,P0089,1,43.58,15,Cash
T004418,2023-08-30,C00104,P0095,2,203.94,5,Credit Card
T004419,2023-11-27,C00349,P0043,1,139.06,10,Cash
T004420,2024-11-23,C00367,P0005,2,124.0,0,Cash
T004421,2024-09-24,C00692,P0078,2,91.49,20,PayPal
T004422,2024-12-28,C00270,P0036,1,398.12,10,PayPal
T004423,2024-06-05,C00215,P0069,1,238.84,0,PayPal
T004424,2023-03-07,C00910,P0040,4,377.93,0,Credit Card
T004425,2023-06-06,C00664,P0030,3,234.84,0,Debit Card
T004426,2024-02-15,C00455,P0069,1,238.84,10,Cash
T004427,2024-06-30,C00077,P0078,1,91.49,20,Cash
T004428,2024-04-06,C00458,P0080,5,195.7,0,Debit Card
T004429,2023-08-26,C00997,P0082,3,217.27,10,PayPal
T004430,2024-03-12,C00299,P0066,3,292.34,15,Cash
T004431,2024-08-11,C00026,P0038,2,269.27,15,Cash
T004432,2023-11-02,C00068,P0003,4,372.93,5,Debit Card
T004433,2024-09-19,C00492,P0041,2,64.66,15,Debit Card
T004434,2023-05-02,C00597,P0046,4,107.47,10,Cash
T004435,2024-12-24,C00616,P0021,2,140.82,15,Debit Card
T004436,2023-04-17,C00403,P0066,5,292.34,5,Credit Card
T004437,2023-05-20,C00850,P0073,1,78.69,10,PayPal
T004438,2024-12-23,C00312,P0085,2,370.51,5,Debit Card
T004439,2023-06-29,C00093,P0039,4,343.34,10,Credit Card
T004440,2024-07-17,C00642,P0045,3,156.24,20,Debit Card
T004441,2024-08-20,C00817,P0056,4,465.17,0,Cash
T004442,2023-08-01,C00299,P0039,4,343.34,15,PayPal
T004443,2024-02-03,C00745,P0023,1,367.27,10,PayPal
T004444,2024-07-11,C00666,P0037,1,198.54,15,PayPal
T004445,2024-09-16,C00435,P0015,1,313.07,15,Credit Card
T004446,2023-12-11,C00972,P0002,2,119.37,5,Credit Card
T004447,2024-06-09,C00097,P0086,4,38.01,20,Credit Card
T004448,2024-10-23,C00913,P0037,1,198.54,5,PayPal
T004449,2023-10-08,C00492,P0086,4,38.01,0,PayPal
T004450,2024-07-29,C00711,P0027,4,206.57,15,PayPal
T004451,2023-01-27,C00132,P0095,5,203.94,5,Cash
T004452,2023-10-23,C00653,P0086,2,38.01,5,Credit Card
T004453,2023-06-05,C00985,P0055,3,437.49,0,Cash
T004454,2024-12-25,C00120,P0024,5,142.27,5,Cash
T004455,2024-01-22,C00471,P0058,1,328.44,20,Cash
T004456,2024-03-01,C00446,P0053,1,385.26,0,Debit Card
T004457,2023-11-17,C00404,P0096,2,234.04,10,Debit Card
T004458,2023-02-02,C00813,P0018,2,429.11,5,Debit Card
T004459,2023-10-03,C00603,P0079,5,433.68,0,Credit Card
T004460,2023-08-02,C00449,P0093,4,266.16,20,Debit Card
T004461,2024-03-07,C00367,P0063,5,431.22,0,Credit Card
T004462,2024-04-30,C00630,P0058,1,328.44,10,Debit Card
T004463,2024-10-12,C00283,P0039,4,343.34,0,PayPal
T004464,2023-10-28,C00632,P0004,2,216.74,5,Debit Card
T004465,2023-12-25,C00469,P0009,3,352.09,15,PayPal
T004466,2024-03-20,C00144,P0040,4,377.93,0,Credit Card
T004467,2024-07-16,C00253,P0050,4,127.33,5,Cash
T004468,2023-08-12,C00582,P0009,5,352.09,10,Cash
T004469,2024-09-19,C00343,P0082,3,217.27,20,Debit Card
T004470,2024-10-16,C00498,P0024,4,142.27,15,PayPal
T004471,2023-04-05,C00623,P0039,1,343.34,0,Debit Card
T004472,2024-07-14,C00003,P0042,2,11.59,10,PayPal
T004473,2023-03-07,C00740,P0094,2,338.17,10,PayPal
T004474,2024-11-30,C00897,P0033,5,187.38,15,Cash
T004475,2023-05-25,C00547,P0024,5,142.27,5,Credit Card
T004476,2023-11-04,C00774,P0061,2,298.34,5,Credit Card
T004477,2023-09-16,C00283,P0047,4,274.3,0,PayPal
T004478,2024-12-04,C00300,P0062,5,319.24,5,Debit Card
T004479,2024-01-02,C00118,P0012,3,305.83,20,Cash
T004480,2024-06-22,C00478,P0067,5,405.67,10,Debit Card
T004481,2023-03-07,C00896,P0018,1,429.11,10,Credit Card
T004482,2024-08-20,C00293,P0042,2,11.59,15,Cash
T004483,2024-10-28,C00436,P0056,1,465.17,20,Debit Card
T004484,2023-02-23,C00542,P0090,3,207.85,20,Credit Card
T004485,2023-03-03,C00741,P0013,5,235.12,15,Debit Card
T004486,2023-03-29,C00212,P0040,5,377.93,0,PayPal
T004487,2023-04-05,C00257,P0009,2,352.09,15,Cash
T004488,2024-07-01,C00175,P0053,1,385.26,0,Cash
T004489,2024-07-15,C00562,P0010,4,115.5,0,Credit Card
T004490,2024-09-21,C00416,P0086,5,38.01,10,Cash
T004491,2023-11-05,C00339,P0017,4,121.67,0,Cash
T004492,2024-10-19,C00668,P0071,1,207.28,5,Cash
T004493,2024-08-15,C00203,P0085,2,370.51,0,PayPal
T004494,2023-09-27,C00724,P0023,2,367.27,0,Cash
T004495,2023-02-04,C00190,P0007,2,215.56,0,Debit Card
T004496,2024-05-29,C00896,P0056,3,465.17,10,Credit Card
T004497,2024-11-22,C00938,P0042,2,11.59,5,PayPal
T004498,2023-04-08,C00297,P0013,2,235.12,0,Cash
T004499,2024-02-23,C00038,P0062,1,319.24,10,Credit Card
T004500,2023-09-20,C00757,P0041,5,64.66,20,Debit Card
T004501,2023-01-20,C00881,P0013,4,235.12,15,Debit Card
T004502,2023-07-30,C00532,P0095,2,203.94,5,Debit Card
T004503,2023-05-20,C00039,P0036,1,398.12,10,Debit Card
T004504,2024-08-24,C00189,P0017,2,121.67,0,PayPal
T004505,2024-01-22,C00671,P0018,1,429.11,0,Credit Card
T004506,2023-03-19,C00777,P0015,2,313.07,10,PayPal
T004507,2023-08-03,C00590,P0029,1,254.62,5,Debit Card
T004508,2024-10-19,C00373,P0023,2,367.27,20,Cash
T004509,2023-04-30,C00163,P0028,2,439.42,20,PayPal
T004510,2023-12-10,C00696,P0053,3,385.26,10,Debit Card
T004511,2023-08-10,C00191,P0039,5,343.34,15,PayPal
T004512,2023-11-02,C00454,P0079,4,433.68,0,Debit Card
T004513,2023-09-28,C00525,P0075,4,405.93,15,Debit Card
T004514,2023-10-02,C00764,P0023,1,367.27,20,PayPal
T004515,2023-09-11,C00769,P0056,4,465.17,15,Debit Card
T004516,2023-10-11,C00587,P0085,5,370.51,10,Debit Card
T004517,2024-09-28,C00851,P0061,2,298.34,10,Cash
T004518,2023-04-05,C00705,P0043,2,139.06,15,Cash
T004519,2024-01-15,C00577,P0043,1,139.06,10,Cash
T004520,2024-02-04,C00379,P0021,2,140.82,20,Credit Card
T004521,2024-09-26,C00427,P0054,3,473.96,0,PayPal
T004522,2024-04-29,C00225,P0048,2,460.06,15,PayPal
T004523,2023-06-13,C00900,P0037,4,198.54,10,Cash
T004524,2024-03-20,C00326,P0093,2,266.16,10,Debit Card
T004525,2024-07-28,C00716,P0075,4,405.93,5,PayPal
T004526,2023-09-13,C00297,P0020,2,89.7,15,Cash
T004527,2024-08-29,C00305,P0020,1,89.7,10,Cash
T004528,2023-03-25,C00657,P0021,4,140.82,15,Debit Card
T004529,2024-10-02,C00954,P0071,2,207.28,10,PayPal
T004530,2023-08-06,C00294,P0085,4,370.51,20,PayPal
T004531,2024-05-27,C00440,P0096,2,234.04,20,Credit Card
T004532,2024-02-27,C00403,P0013,5,235.12,5,PayPal
T004533,2024-08-02,C00605,P0061,2,298.34,20,Credit Card
T004534,2024-03-01,C00363,P0013,2,235.12,20,Credit Card
T004535,2023-04-14,C00919,P0051,5,474.01,5,Cash
T004536,2023-04-01,C00251,P0004,1,216.74,15,Debit Card
T004537,2024-04-30,C00389,P0017,1,121.67,15,Debit Card
T004538,2023-01-05,C00281,P0013,5,235.12,20,Cash
T004539,2024-05-08,C00926,P0071,1,207.28,20,Debit Card
T004540,2024-01-31,C00282,P0094,5,338.17,5,Credit Card
T004541,2023-05-15,C00293,P0016,4,104.22,5,PayPal
T004542,2024-03-28,C00189,P0051,3,474.01,10,Debit Card
T004543,2024-08-15,C00169,P0082,4,217.27,10,PayPal
T004544,2024-02-20,C00940,P0027,2,206.57,20,Credit Card
T004545,2024-04-16,C00767,P0018,5,429.11,20,PayPal
T004546,2023-01-12,C00405,P0028,5,439.42,10,Credit Card
T004547,2024-11-14,C00186,P0015,4,313.07,15,PayPal
T004548,2024-08-03,C00091,P0059,5,231.23,15,Cash
T004549,2024-11-19,C00422,P0004,5,216.74,5,Debit Card
T004550,2023-12-03,C00615,P0029,1,254.62,0,Credit Card
T004551,2024-02-03,C00174,P0014,3,48.61,20,Credit Card
T004552,2023-04-27,C00795,P0052,2,409.85,20,PayPal
T004553,2024-08-22,C00780,P0005,1,124.0,5,Debit Card
T004554,2023-08-26,C00996,P0035,3,431.94,5,Cash
T004555,2024-11-12,C00854,P0054,4,473.96,5,PayPal
T004556,2024-06-30,C00289,P0013,1,235.12,20,PayPal
T004557,2023-04-01,C00064,P0094,1,338.17,15,Cash
T004558,2024-09-06,C00039,P0028,1,439.42,10,Credit Card
T004559,2023-04-17,C00011,P0052,3,409.85,20,Credit Card
T004560,2023-01-26,C00869,P0007,3,215.56,5,Credit Card
T004561,2023-06-04,C00576,P0068,4,332.9,15,Credit Card
T004562,2024-02-18,C00034,P0070,1,330.19,20,Credit Card
T004563,2023-09-10,C00148,P0038,1,269.27,5,PayPal
T004564,2024-05-28,C00957,P0096,3,234.04,10,PayPal
T004565,2023-06-09,C00215,P0008,3,406.62,5,Credit Card
T004566,2024-03-11,C00713,P0008,4,406.62,20,Credit Card
T004567,2024-05-12,C00103,P0076,2,34.79,20,Cash
T004568,2023-03-02,C00332,P0011,4,55.45,0,Credit Card
T004569,2024-05-22,C00209,P0015,2,313.07,0,PayPal
T004570,2023-01-17,C00311,P0018,4,429.11,0,Debit Card
T004571,2024-06-17,C00823,P0072,1,131.84,10,Credit Card
T004572,2023-05-03,C00861,P0017,5,121.67,15,PayPal
T004573,2023-11-21,C00931,P0018,4,429.11,0,Debit Card
T004574,2024-03-22,C00870,P0061,5,298.34,10,Cash
T004575,2024-01-25,C00881,P0038,4,269.27,5,Credit Card
T004576,2023-09-02,C00808,P0071,1,207.28,0,Cash
T004577,2023-11-05,C00994,P0079,1,433.68,15,Credit Card
T004578,2024-08-14,C00174,P0037,2,198.54,5,Credit Card
T004579,2023-12-23,C00899,P0037,1,198.54,0,Debit Card
T004580,2023-03-26,C00224,P0043,3,139.06,0,Cash
T004581,2024-09-03,C00444,P0085,2,370.51,15,Credit Card
T004582,2024-02-21,C00260,P0071,3,207.28,10,Debit Card
T004583,2023-11-27,C00776,P0023,4,367.27,10,Credit Card
T004584,2023-01-03,C00649,P0018,3,429.11,10,Cash
T004585,2023-03-08,C00478,P0091,5,130.65,20,PayPal
T004586,2024-06-17,C00937,P0068,3,332.9,15,Cash
T004587,2024-09-11,C00519,P0037,5,198.54,20,Debit Card
T004588,2023-03-01,C00379,P0004,1,216.74,20,PayPal
T004589,2024-03-19,C00357,P0058,4,328.44,5,PayPal
T004590,2024-01-08,C00517,P0100,3,441.62,5,Debit Card
T004591,2024-04-04,C00742,P0082,1,217.27,15,Debit Card
T004592,2024-02-04,C00137,P0052,3,409.85,15,PayPal
T004593,2023-01-27,C00392,P0034,1,259.67,15,Credit Card
T004594,2024-11-10,C00085,P0006,3,107.43,10,Credit Card
T004595,2023-08-16,C00839,P0001,4,64.55,20,Cash
T004596,2023-07-04,C00042,P0034,5,259.67,15,Credit Card
T004597,2023-01-06,C00992,P0001,4,64.55,15,Credit Card
T004598,2024-11-19,C00996,P0035,1,431.94,15,Debit Card
T004599,2024-07-03,C00008,P0019,4,146.21,15,Debit Card
T004600,2023-07-16,C00738,P0065,1,74.83,0,PayPal
T004601,2024-11-06,C00144,P0021,2,140.82,5,Debit Card
T004602,2023-07-05,C00570,P0023,2,367.27,10,Credit Card
T004603,2024-07-02,C00483,P0036,3,398.12,5,Debit Card
T004604,2024-01-02,C00606,P0078,5,91.49,10,Credit Card
T004605,2023-01-02,C00095,P0035,1,431.94,20,PayPal
T004606,2024-04-08,C00822,P0078,1,91.49,5,PayPal
T004607,2023-04-15,C00119,P0091,2,130.65,10,Credit Card
T004608,2023-11-18,C00327,P0025,4,282.91,5,Debit Card
T004609,2024-10-20,C00607,P0068,2,332.9,0,Cash
T004610,2023-10-24,C00655,P0016,3,104.22,15,Credit Card
T004611,2024-09-05,C00476,P0098,5,498.09,5,Credit Card
T004612,2023-05-11,C00018,P0070,1,330.19,0,PayPal
T004613,2023-04-15,C00295,P0080,3,195.7,5,PayPal
T004614,2023-03-21,C00341,P0079,2,433.68,20,Credit Card
T004615,2024-11-02,C00295,P0034,4,259.67,20,Cash
T004616,2024-04-10,C00751,P0037,2,198.54,20,Credit Card
T004617,2023-06-29,C00657,P0011,5,55.45,20,Debit Card
T004618,2023-01-24,C00228,P0050,3,127.33,15,Credit Card
T004619,2024-11-20,C00476,P0030,5,234.84,20,Credit Card
T004620,2024-11-14,C00100,P0019,2,146.21,20,Cash
T004621,2023-09-14,C00842,P0031,4,375.04,20,Credit Card
T004622,2023-11-23,C00566,P0043,3,139.06,10,Cash
T004623,2024-01-17,C00586,P0076,3,34.79,0,PayPal
T004624,2023-07-11,C00917,P0074,1,132.41,15,Cash
T004625,2024-08-03,C00051,P0082,3,217.27,10,Debit Card
T004626,2024-06-16,C00821,P0078,5,91.49,15,Credit Card
T004627,2024-01-22,C00746,P0009,1,352.09,15,PayPal
T004628,2024-03-06,C00247,P0059,2,231.23,15,PayPal
T004629,2024-01-16,C00916,P0057,1,108.56,0,Cash
T004630,2023-11-22,C00455,P0019,4,146.21,0,Debit Card
T004631,2024-03-04,C00574,P0085,1,370.51,10,Credit Card
T004632,2023-05-24,C00226,P0046,1,107.47,20,PayPal
T004633,2023-07-19,C00741,P0062,4,319.24,20,Debit Card
T004634,2024-10-17,C00870,P0079,4,433.68,10,PayPal
T004635,2023-11-05,C00793,P0059,4,231.23,5,PayPal
T004636,2023-01-10,C00289,P0069,2,238.84,5,Debit Card
T004637,2023-09-14,C00218,P0023,3,367.27,20,Credit Card
T004638,2023-02-02,C00082,P0036,4,398.12,5,PayPal
T004639,2023-04-24,C00339,P0093,3,266.16,5,Cash
T004640,2024-09-06,C00336,P0014,5,48.61,10,PayPal
T004641,2024-04-14,C00867,P0037,5,198.54,0,Cash
T004642,2023-06-28,C00577,P0064,4,146.45,0,Debit Card
T004643,2023-10-12,C00378,P0022,4,44.99,0,Debit Card
T004644,2023-08-07,C00673,P0029,2,254.62,20,PayPal
T004645,2024-11-22,C00299,P0077,3,484.81,5,Debit Card
T004646,2023-03-26,C00656,P0042,5,11.59,5,Cash
T004647,2023-08-20,C00287,P0006,1,107.43,5,Cash
T004648,2024-02-06,C00927,P0024,5,142.27,20,Credit Card
T004649,2024-03-29,C00102,P0021,4,140.82,10,Debit Card
T004650,2024-09-06,C00850,P0018,2,429.11,0,PayPal
T004651,2023-03-31,C00476,P0053,5,385.26,5,Credit Card
T004652,2024-01-03,C00247,P0088,5,480.78,5,Cash
T004653,2024-01-27,C00215,P0078,4,91.49,0,Cash
T004654,2023-08-15,C00840,P0017,3,121.67,0,Debit Card
T004655,2023-05-05,C00601,P0030,2,234.84,20,Credit Card
T004656,2023-11-06,C00799,P0069,3,238.84,0,Debit Card
T004657,2023-06-04,C00429,P0006,1,107.43,20,Credit Card
T004658,2023-04-19,C00246,P0074,2,132.41,5,PayPal
T004659,2024-09-25,C00502,P0029,5,254.62,15,Credit Card
T004660,2024-09-10,C00003,P0008,1,406.62,0,Debit Card
T004661,2024-12-26,C00664,P0075,3,405.93,15,Credit Card
T004662,2024-01-21,C00189,P0019,3,146.21,15,PayPal
T004663,2024-12-17,C00066,P0064,5,146.45,10,PayPal
T004664,2024-09-06,C00003,P0040,4,377.93,20,Debit Card
T004665,2023-08-21,C00293,P0001,3,64.55,5,Debit Card
T004666,2023-08-28,C00986,P0011,4,55.45,15,Cash
T004667,2024-07-01,C00078,P0099,3,257.88,10,Cash
T004668,2023-10-24,C00752,P0057,3,108.56,5,Cash
T004669,2023-01-14,C00122,P0095,5,203.94,10,PayPal
T004670,2023-07-20,C00630,P0087,1,460.5,0,Cash
T004671,2024-05-25,C00993,P0055,4,437.49,15,PayPal
T004672,2023-03-01,C00182,P0045,4,156.24,15,Credit Card
T004673,2023-05-09,C00803,P0004,5,216.74,5,Credit Card
T004674,2024-12-18,C00329,P0083,4,334.32,20,Credit Card
T004675,2024-02-21,C00076,P0085,5,370.51,0,Debit Card
T004676,2023-05-16,C00071,P0032,1,296.45,15,Cash
T004677,2024-10-03,C00697,P0071,4,207.28,0,Cash
T004678,2024-10-06,C00648,P0062,4,319.24,5,PayPal
T004679,2023-09-09,C00155,P0018,2,429.11,15,Credit Card
T004680,2024-07-06,C00600,P0046,2,107.47,0,Debit Card
T004681,2024-01-23,C00530,P0082,3,217.27,20,PayPal
T004682,2024-02-29,C00934,P0029,4,254.62,0,Credit Card
T004683,2023-10-20,C00621,P0020,3,89.7,5,Credit Card
T004684,2023-02-11,C00962,P0004,2,216.74,15,PayPal
T004685,2023-09-09,C00771,P0073,5,78.69,20,Debit Card
T004686,2023-09-07,C00715,P0090,1,207.85,5,Debit Card
T004687,2023-09-23,C00353,P0056,5,465.17,20,Cash
T004688,2024-01-25,C00214,P0079,2,433.68,15,PayPal
T004689,2023-04-16,C00675,P0063,5,431.22,5,Cash
T004690,2024-02-27,C00584,P0044,1,258.76,10,Debit Card
T004691,2024-06-20,C00043,P0018,1,429.11,0,PayPal
T004692,2024-11-14,C00835,P0004,4,216.74,10,Debit Card
T004693,2024-12-18,C00403,P0055,3,437.49,5,Cash
T004694,2024-03-31,C00893,P0029,3,254.62,0,Debit Card
T004695,2024-05-14,C00287,P0024,3,142.27,10,Debit Card
T004696,2023-09-12,C00973,P0063,3,431.22,15,PayPal
T004697,2024-01-31,C00481,P0079,4,433.68,10,Cash
T004698,2024-06-07,C00603,P0038,4,269.27,5,Debit Card
T004699,2023-10-13,C00295,P0074,3,132.41,0,Credit Card
T004700,2023-11-11,C00641,P0053,2,385.26,10,Credit Card
T004701,2024-02-28,C00133,P0075,5,405.93,15,PayPal
T004702,2024-01-28,C00952,P0069,3,238.84,0,Debit Card
T004703,2024-11-19,C00888,P0007,4,215.56,5,Cash
T004704,2024-03-03,C00505,P0092,2,50.17,20,Debit Card
T004705,2023-11-24,C00023,P0090,5,207.85,15,Debit Card
T004706,2023-09-21,C00899,P0088,3,480.78,5,Credit Card
T004707,2023-05-15,C00113,P0074,3,132.41,15,PayPal
T004708,2023-01-05,C00151,P0024,2,142.27,10,Cash
T004709,2024-04-17,C00878,P0071,1,207.28,10,PayPal
T004710,2024-05-19,C00581,P0093,4,266.16,5,PayPal
T004711,2023-04-30,C00299,P0067,1,405.67,15,Credit Card
T004712,2023-07-28,C00666,P0030,5,234.84,20,Debit Card
T004713,2023-04-06,C00464,P0038,5,269.27,5,Debit Card
T004714,2023-07-17,C00661,P0057,2,108.56,0,PayPal
T004715,2023-11-21,C00735,P0009,4,352.09,15,Cash
T004716,2024-03-31,C00405,P0002,2,119.37,15,Debit Card
T004717,2024-11-18,C00870,P0018,5,429.11,15,Debit Card
T004718,2023-01-05,C00069,P0015,2,313.07,5,Credit Card
T004719,2023-02-20,C00693,P0093,5,266.16,10,PayPal
T004720,2023-05-10,C00837,P0050,3,127.33,20,Debit Card
T004721,2023-07-29,C00218,P0097,4,14.56,15,Cash
T004722,2023-01-24,C00171,P0066,5,292.34,20,Cash
T004723,2024-05-25,C00758,P0093,1,266.16,5,Cash
T004724,2023-01-09,C00656,P0043,3,139.06,20,PayPal
T004725,2024-03-21,C00137,P0077,1,484.81,20,PayPal
T004726,2024-03-05,C00582,P0036,1,398.12,0,Debit Card
T004727,2023-05-30,C00637,P0034,3,259.67,0,Debit Card
T004728,2024-01-19,C00845,P0007,1,215.56,0,Credit Card
T004729,2023-12-06,C00401,P0038,1,269.27,15,PayPal
T004730,2024-06-27,C00708,P0092,1,50.17,20,Credit Card
T004731,2023-08-10,C00752,P0068,5,332.9,20,Credit Card
T004732,2023-10-20,C00654,P0033,1,187.38,0,PayPal
T004733,2023-03-04,C00248,P0035,1,431.94,10,Cash
T004734,2024-01-30,C00349,P0066,1,292.34,5,PayPal
T004735,2023-07-15,C00650,P0067,1,405.67,10,Debit Card
T004736,2024-05-03,C00470,P0040,3,377.93,10,Credit Card
T004737,2023-07-21,C00640,P0006,1,107.43,0,Cash
T004738,2024-06-12,C00391,P0041,3,64.66,15,Credit Card
T004739,2024-05-13,C00563,P0058,3,328.44,0,Credit Card
T004740,2024-09-14,C00159,P0005,4,124.0,0,Cash
T004741,2024-09-12,C00711,P0068,5,332.9,5,Cash
T004742,2024-12-19,C00447,P0014,1,48.61,0,PayPal
T004743,2024-06-12,C00435,P0050,5,127.33,15,Credit Card
T004744,2023-03-29,C00585,P0073,4,78.69,15,Cash
T004745,2023-12-31,C00754,P0075,5,405.93,5,Debit Card
T004746,2023-06-13,C00068,P0053,4,385.26,0,PayPal
T004747,2023-01-29,C00993,P0043,5,139.06,5,PayPal
T004748,2023-07-14,C00366,P0033,5,187.38,0,PayPal
T004749,2024-03-08,C00451,P0042,2,11.59,20,PayPal
T004750,2023-09-10,C00975,P0047,2,274.3,5,Debit Card
T004751,2023-10-17,C00398,P0021,4,140.82,5,Credit Card
T004752,2024-04-24,C00718,P0100,4,441.62,10,Credit Card
T004753,2023-03-10,C00339,P0088,5,480.78,10,Cash
T004754,2024-03-14,C00497,P0071,5,207.28,5,Credit Card
T004755,2023-07-27,C00156,P0001,5,64.55,10,Debit Card
T004756,2023-06-11,C00184,P0060,4,175.66,15,Cash
T004757,2024-08-29,C00831,P0072,2,131.84,10,PayPal
T004758,2023-03-13,C00380,P0082,1,217.27,5,PayPal
T004759,2023-05-09,C00380,P0067,3,405.67,15,Credit Card
T004760,2023-09-02,C00824,P0001,5,64.55,15,Debit Card
T004761,2023-01-08,C00939,P0069,5,238.84,15,Debit Card
T004762,2023-01-09,C00468,P0082,2,217.27,20,Debit Card
T004763,2024-05-10,C00481,P0061,4,298.34,0,Credit Card
T004764,2024-05-28,C00144,P0038,3,269.27,5,Cash
T004765,2024-10-30,C00944,P0065,4,74.83,5,Credit Card
T004766,2024-09-09,C00009,P0008,4,406.62,0,Debit Card
T004767,2023-03-16,C00848,P0007,2,215.56,10,Debit Card
T004768,2023-07-18,C00692,P0038,3,269.27,15,Debit Card
T004769,2024-11-25,C00358,P0007,4,215.56,15,Cash
T004770,2023-04-07,C00634,P0097,4,14.56,0,Cash
T004771,2023-04-21,C00374,P0049,5,19.54,15,PayPal
T004772,2024-02-13,C00789,P0052,4,409.85,15,PayPal
T004773,2023-02-11,C00625,P0078,4,91.49,20,Debit Card
T004774,2023-07-19,C00798,P0037,3,198.54,0,Credit Card
T004775,2024-09-21,C00376,P0092,2,50.17,5,PayPal
T004776,2023-05-22,C00389,P0087,3,460.5,5,Cash
T004777,2024-10-01,C00981,P0026,2,122.23,5,Credit Card
T004778,2024-08-16,C00779,P0010,3,115.5,5,Credit Card
T004779,2024-04-14,C00371,P0003,3,372.93,15,Debit Card
T004780,2024-03-07,C00781,P0007,1,215.56,10,Cash
T004781,2024-10-17,C00118,P0076,1,34.79,10,Credit Card
T004782,2024-12-19,C00045,P0013,1,235.12,15,Debit Card
T004783,2024-03-05,C00032,P0002,5,119.37,0,Debit Card
T004784,2024-02-15,C00574,P0045,5,156.24,5,PayPal
T004785,2024-04-24,C00613,P0044,4,258.76,20,Debit Card
T004786,2023-08-14,C00296,P0041,5,64.66,20,Debit Card
T004787,2024-01-02,C00916,P0063,1,431.22,20,Debit Card
T004788,2023-04-21,C00585,P0037,4,198.54,15,Credit Card
T004789,2023-09-16,C00249,P0050,5,127.33,15,Cash
T004790,2023-10-18,C00852,P0087,2,460.5,5,Credit Card
T004791,2023-08-01,C00966,P0012,4,305.83,5,Cash
T004792,2024-03-09,C00150,P0047,5,274.3,5,PayPal
T004793,2024-02-07,C00342,P0069,3,238.84,20,Debit Card
T004794,2024-05-25,C00132,P0086,3,38.01,0,Credit Card
T004795,2023-02-05,C00902,P0089,2,43.58,0,Cash
T004796,2024-11-11,C00089,P0007,3,215.56,15,Credit Card
T004797,2023-11-24,C00604,P0012,1,305.83,20,PayPal
T004798,2023-10-14,C00844,P0027,2,206.57,15,Credit Card
T004799,2024-02-15,C00208,P0084,1,155.39,5,Debit Card
T004800,2023-11-24,C00866,P0054,2,473.96,15,Debit Card
T004801,2023-01-14,C00929,P0012,1,305.83,0,Credit Card
T004802,2024-08-26,C00539,P0007,5,215.56,20,Debit Card
T004803,2023-03-09,C00455,P0071,5,207.28,0,Credit Card
T004804,2023-11-14,C00991,P0069,1,238.84,5,Debit Card
T004805,2023-12-10,C00975,P0090,3,207.85,0,PayPal
T004806,2024-07-10,C00775,P0077,2,484.81,20,Credit Card
T004807,2024-09-28,C00236,P0095,1,203.94,10,Debit Card
T004808,2024-10-10,C00428,P0057,4,108.56,0,Debit Card
T004809,2024-03-03,C00175,P0051,5,474.01,0,Credit Card
T004810,2023-05-24,C00691,P0018,4,429.11,20,Credit Card
T004811,2023-12-24,C00586,P0098,3,498.09,15,PayPal
T004812,2024-04-13,C00893,P0001,3,64.55,5,Credit Card
T004813,2023-04-01,C00358,P0005,5,124.0,5,Debit Card
T004814,2023-01-09,C00444,P0079,4,433.68,5,Cash
T004815,2024-09-25,C00298,P0065,2,74.83,0,Credit Card
T004816,2023-11-12,C00684,P0018,4,429.11,20,Debit Card
T004817,2024-04-30,C00752,P0053,3,385.26,0,Credit Card
T004818,2024-02-20,C00438,P0063,4,431.22,0,Cash
T004819,2024-05-05,C00891,P0051,2,474.01,20,Debit Card
T004820,2024-02-23,C00443,P0031,5,375.04,20,PayPal
T004821,2023-01-26,C00747,P0012,4,305.83,5,Cash
T004822,2024-02-16,C00607,P0023,2,367.27,5,Cash
T004823,2024-03-18,C00455,P0056,5,465.17,20,Credit Card
T004824,2024-08-06,C00705,P0090,2,207.85,15,Cash
T004825,2023-03-29,C00837,P0051,3,474.01,5,Debit Card
T004826,2024-07-17,C00617,P0083,5,334.32,20,Credit Card
T004827,2024-04-19,C00595,P0038,5,269.27,5,PayPal
T004828,2024-08-02,C00109,P0069,2,238.84,10,PayPal
T004829,2024-09-29,C00492,P0062,4,319.24,5,Cash
T004830,2023-11-27,C00857,P0078,4,91.49,15,PayPal
T004831,2023-01-26,C00859,P0071,2,207.28,20,PayPal
T004832,2024-06-28,C00325,P0004,1,216.74,0,PayPal
T004833,2023-05-08,C00452,P0099,1,257.88,15,PayPal
T004834,2024-05-09,C00597,P0071,2,207.28,20,Credit Card
T004835,2023-05-23,C00981,P0076,3,34.79,15,PayPal
T004836,2023-04-06,C00546,P0069,4,238.84,0,Credit Card
T004837,2023-11-12,C00439,P0068,1,332.9,0,PayPal
T004838,2023-02-14,C00736,P0001,5,64.55,5,PayPal
T004839,2023-10-04,C00721,P0077,2,484.81,20,Cash
T004840,2024-07-28,C00358,P0063,4,431.22,0,Debit Card
T004841,2024-10-19,C00793,P0003,2,372.93,20,Debit Card
T004842,2023-01-19,C00105,P0016,2,104.22,10,Credit Card
T004843,2023-03-07,C00520,P0083,4,334.32,0,Cash
T004844,2023-10-09,C00586,P0022,1,44.99,15,PayPal
T004845,2023-06-02,C00166,P0024,2,142.27,5,Cash
T004846,2024-09-11,C00841,P0027,1,206.57,20,Credit Card
T004847,2024-01-29,C00908,P0022,1,44.99,0,Cash
T004848,2024-10-16,C00021,P0026,2,122.23,10,Debit Card
T004849,2024-01-30,C00728,P0084,4,155.39,5,PayPal
T004850,2024-12-19,C00463,P0074,3,132.41,5,Cash
T004851,2024-10-12,C00026,P0037,3,198.54,15,Credit Card
T004852,2024-10-19,C00284,P0098,3,498.09,15,PayPal
T004853,2024-02-22,C00796,P0087,4,460.5,10,Credit Card
T004854,2024-01-25,C00925,P0070,4,330.19,5,PayPal
T004855,2024-10-23,C00260,P0039,3,343.34,5,PayPal
T004856,2023-12-05,C00068,P0093,3,266.16,15,Cash
T004857,2024-07-16,C00679,P0069,4,238.84,10,Debit Card
T004858,2024-11-13,C00894,P0096,3,234.04,20,Debit Card
T004859,2023-10-31,C00760,P0072,2,131.84,10,Cash
T004860,2024-10-07,C00876,P0021,4,140.82,15,Debit Card
T004861,2024-03-20,C00850,P0051,3,474.01,20,PayPal
T004862,2023-09-04,C00031,P0020,4,89.7,15,PayPal
T004863,2024-06-21,C00005,P0061,5,298.34,20,PayPal
T004864,2023-09-07,C00792,P0021,4,140.82,20,Debit Card
T004865,2024-11-03,C00258,P0084,3,155.39,5,Cash
T004866,2024-09-03,C00346,P0089,5,43.58,0,PayPal
T004867,2023-01-25,C00742,P0098,3,498.09,10,Credit Card
T004868,2024-01-05,C00033,P0093,5,266.16,5,PayPal
T004869,2024-02-15,C00170,P0060,1,175.66,0,Cash
T004870,2023-07-21,C00177,P0036,5,398.12,5,Credit Card
T004871,2024-12-14,C00458,P0060,2,175.66,15,Debit Card
T004872,2024-08-27,C00277,P0041,3,64.66,0,Debit Card
T004873,2024-07-29,C00065,P0004,4,216.74,5,PayPal
T004874,2024-07-26,C00113,P0045,3,156.24,0,Debit Card
T004875,2024-12-06,C00652,P0090,1,207.85,10,PayPal
T004876,2023-01-24,C00190,P0085,5,370.51,0,PayPal
T004877,2023-08-03,C00233,P0044,1,258.76,5,Cash
T004878,2024-09-02,C00791,P0034,2,259.67,5,Cash
T004879,2024-09-27,C00339,P0098,2,498.09,0,Credit Card
T004880,2023-04-25,C00245,P0019,3,146.21,20,Credit Card
T004881,2023-10-09,C00411,P0022,3,44.99,5,Cash
T004882,2023-09-28,C00565,P0020,4,89.7,15,Debit Card
T004883,2024-11-14,C00114,P0045,1,156.24,20,PayPal
T004884,2024-05-22,C00542,P0029,2,254.62,20,PayPal
T004885,2023-12-23,C00351,P0038,1,269.27,10,Cash
T004886,2023-02-11,C00844,P0078,1,91.49,20,Debit Card
T004887,2023-11-28,C00081,P0013,4,235.12,10,PayPal
T004888,2024-01-02,C00774,P0041,2,64.66,15,Credit Card
T004889,2024-03-03,C00486,P0018,2,429.11,20,Credit Card
T004890,2024-03-01,C00205,P0059,2,231.23,15,PayPal
T004891,2024-01-30,C00864,P0013,2,235.12,0,PayPal
T004892,2024-05-02,C00987,P0048,4,460.06,5,Cash
T004893,2023-09-21,C00178,P0013,4,235.12,0,PayPal
T004894,2024-06-22,C00524,P0016,4,104.22,15,Debit Card
T004895,2023-01-15,C00637,P0076,1,34.79,15,Debit Card
T004896,2023-03-27,C00853,P0078,4,91.49,5,Credit Card
T004897,2023-08-29,C00613,P0080,3,195.7,0,Cash
T004898,2024-05-20,C00319,P0008,3,406.62,0,PayPal
T004899,2024-09-22,C00553,P0076,2,34.79,5,Cash
T004900,2024-03-27,C00693,P0030,1,234.84,5,Debit Card
T004901,2023-10-15,C00848,P0030,5,234.84,20,Credit Card
T004902,2023-11-12,C00353,P0065,1,74.83,10,Debit Card
T004903,2023-02-28,C00379,P0019,5,146.21,5,Cash
T004904,2023-11-01,C00048,P0047,2,274.3,20,Debit Card
T004905,2023-09-01,C00253,P0014,3,48.61,5,Cash
T004906,2024-01-06,C00380,P0099,4,257.88,15,Cash
T004907,2023-07-09,C00625,P0078,1,91.49,0,PayPal
T004908,2023-10-27,C00025,P0076,3,34.79,10,Debit Card
T004909,2023-03-29,C00872,P0067,2,405.67,10,Debit Card
T004910,2024-03-22,C00382,P0079,2,433.68,0,Credit Card
T004911,2024-12-03,C00877,P0084,2,155.39,20,Cash
T004912,2024-05-10,C00695,P0016,1,104.22,10,Credit Card
T004913,2024-02-22,C00700,P0019,5,146.21,0,Cash
T004914,2024-09-11,C00400,P0017,3,121.67,0,Cash
T004915,2023-08-07,C00522,P0021,1,140.82,15,Debit Card
T004916,2024-12-02,C00086,P0079,1,433.68,20,Cash
T004917,2023-08-23,C00160,P0080,2,195.7,0,Debit Card
T004918,2024-02-11,C00922,P0073,1,78.69,10,Cash
T004919,2023-08-12,C00472,P0087,4,460.5,15,Credit Card
T004920,2023-01-28,C00141,P0046,5,107.47,20,Cash
T004921,2024-05-14,C00453,P0001,3,64.55,10,Credit Card
T004922,2024-01-18,C00058,P0026,3,122.23,10,PayPal
T004923,2023-02-22,C00829,P0002,2,119.37,0,Debit Card
T004924,2024-10-23,C00761,P0049,5,19.54,5,Cash
T004925,2024-07-22,C00036,P0079,2,433.68,10,PayPal
T004926,2023-02-26,C00609,P0022,3,44.99,20,Cash
T004927,2024-04-08,C00407,P0098,1,498.09,5,Credit Card
T004928,2023-10-06,C00620,P0002,2,119.37,10,Cash
T004929,2024-12-02,C00471,P0089,3,43.58,10,Credit Card
T004930,2024-07-03,C00741,P0092,2,50.17,5,Cash
T004931,2024-07-08,C00099,P0065,1,74.83,0,Debit Card
T004932,2024-07-16,C00136,P0086,4,38.01,5,Credit Card
T004933,2023-02-19,C00322,P0097,1,14.56,5,Debit Card
T004934,2023-10-15,C00062,P0049,1,19.54,20,PayPal
T004935,2023-06-13,C00003,P0020,1,89.7,5,Debit Card
T004936,2024-01-06,C00178,P0031,1,375.04,20,Debit Card
T004937,2024-12-02,C00079,P0094,4,338.17,20,Credit Card
T004938,2024-10-14,C00228,P0053,4,385.26,0,Debit Card
T004939,2024-07-04,C00693,P0073,1,78.69,15,Debit Card
T004940,2024-01-25,C00013,P0077,4,484.81,20,PayPal
T004941,2024-10-25,C00439,P0063,4,431.22,5,Credit Card
T004942,2023-02-13,C00363,P0003,2,372.93,0,PayPal
T004943,2024-12-16,C00103,P0092,1,50.17,15,Credit Card
T004944,2024-04-12,C00445,P0015,2,313.07,10,PayPal
T004945,2023-01-29,C00688,P0084,5,155.39,20,PayPal
T004946,2023-04-17,C00222,P0024,4,142.27,0,PayPal
T004947,2023-03-24,C00113,P0098,5,498.09,0,PayPal
T004948,2024-10-20,C00371,P0039,3,343.34,10,Cash
T004949,2024-09-12,C00146,P0061,5,298.34,15,PayPal
T004950,2023-12-13,C00843,P0050,1,127.33,20,Debit Card
T004951,2024-04-09,C00511,P0055,1,437.49,5,Cash
T004952,2024-04-01,C00701,P0094,1,338.17,20,Cash
T004953,2023-05-25,C00247,P0055,5,437.49,10,Cash
T004954,2023-04-20,C00760,P0018,4,429.11,15,Cash
T004955,2024-07-10,C00963,P0029,1,254.62,10,PayPal
T004956,2024-05-21,C00470,P0027,1,206.57,5,Cash
T004957,2023-10-21,C00170,P0006,2,107.43,5,PayPal
T004958,2024-11-14,C00985,P0049,1,19.54,10,PayPal
T004959,2024-02-05,C00181,P0049,4,19.54,15,Debit Card
T004960,2023-08-12,C00304,P0001,1,64.55,0,Cash
T004961,2024-03-02,C00100,P0100,3,441.62,5,Credit Card
T004962,2024-01-19,C00303,P0024,5,142.27,5,Credit Card
T004963,2024-09-07,C00545,P0051,4,474.01,5,Cash
T004964,2023-09-26,C00028,P0062,3,319.24,15,PayPal
T004965,2024-01-22,C00579,P0069,4,238.84,20,Cash
T004966,2023-01-23,C00387,P0028,5,439.42,20,Debit Card
T004967,2023-01-04,C00285,P0004,5,216.74,5,Cash
T004968,2024-11-30,C00943,P0078,2,91.49,15,Debit Card
T004969,2024-12-07,C00784,P0011,3,55.45,20,Debit Card
T004970,2023-05-29,C00978,P0100,5,441.62,0,Debit Card
T004971,2024-05-09,C00393,P0008,3,406.62,20,Debit Card
T004972,2023-10-14,C00045,P0009,3,352.09,0,Cash
T004973,2024-12-03,C00593,P0019,1,146.21,0,Cash
T004974,2023-06-24,C00526,P0017,2,121.67,10,Cash
T004975,2023-05-08,C00198,P0067,1,405.67,0,Credit Card
T004976,2024-04-02,C00598,P0090,4,207.85,0,Cash
T004977,2023-12-09,C00459,P0087,5,460.5,20,PayPal
T004978,2024-08-13,C00916,P0062,3,319.24,20,Cash
T004979,2024-10-01,C00059,P0077,3,484.81,5,Debit Card
T004980,2023-04-20,C00128,P0063,1,431.22,10,Cash
T004981,2023-12-10,C00365,P0054,5,473.96,0,Credit Card
T004982,2023-01-10,C00079,P0056,4,465.17,5,PayPal
T004983,2024-02-21,C00097,P0032,4,296.45,5,Credit Card
T004984,2023-06-22,C00473,P0077,3,484.81,10,Cash
T004985,2023-07-02,C00888,P0096,4,234.04,0,Cash
T004986,2024-09-03,C00624,P0040,4,377.93,5,Cash
T004987,2024-07-28,C00073,P0065,1,74.83,20,Debit Card
T004988,2024-06-22,C00728,P0089,5,43.58,20,Credit Card
T004989,2024-02-06,C00971,P0068,2,332.9,0,Credit Card
T004990,2023-08-01,C00844,P0083,1,334.32,15,Credit Card
T004991,2024-03-12,C00357,P0064,2,146.45,5,Credit Card
T004992,2024-02-03,C00822,P0029,2,254.62,15,Credit Card
T004993,2023-09-05,C00482,P0010,5,115.5,20,PayPal
T004994,2023-10-02,C00038,P0075,1,405.93,10,Credit Card
T004995,2023-09-06,C00689,P0061,2,298.34,20,PayPal
T004996,2023-10-30,C00529,P0048,3,460.06,20,Debit Card
T004997,2023-12-16,C00432,P0089,2,43.58,20,Credit Card
T004998,2023-06-06,C00872,P0062,3,319.24,5,Debit Card
T004999,2023-05-29,C00796,P0042,3,11.59,0,Cash
T005000,2023-10-06,C00854,P0009,5,352.09,5,PayPal
T005001,2024-07-25,C00645,P0009,3,352.09,15,Cash
T005002,2023-07-03,C00839,P0014,2,48.61,5,Cash
T005003,2023-02-08,C00713,P0016,5,104.22,15,Debit Card
T005004,2024-08-08,C00268,P0077,3,484.81,10,Credit Card
T005005,2023-08-01,C00792,P0093,5,266.16,10,PayPal
T005006,2023-08-28,C00322,P0013,4,235.12,5,Credit Card
T005007,2024-09-09,C00009,P0032,4,296.45,20,Cash
T005008,2024-06-17,C00755,P0085,3,370.51,20,Credit Card
T005009,2024-10-28,C00439,P0076,3,34.79,10,Cash
T005010,2023-05-19,C00285,P0081,1,463.99,20,Debit Card
T005011,2024-12-20,C00472,P0014,4,48.61,5,PayPal
T005012,2024-10-28,C00948,P0098,1,498.09,15,Cash
T005013,2024-06-04,C00069,P0009,2,352.09,5,Cash
T005014,2023-07-16,C00464,P0055,1,437.49,15,Debit Card
T005015,2023-05-04,C00673,P0062,2,319.24,10,Credit Card
T005016,2024-12-24,C00313,P0024,2,142.27,5,Debit Card
T005017,2023-10-04,C00705,P0013,5,235.12,20,Debit Card
T005018,2023-03-04,C00690,P0053,2,385.26,5,Debit Card
T005019,2024-03-20,C00316,P0041,1,64.66,0,Credit Card
T005020,2024-10-26,C00298,P0040,3,377.93,5,PayPal
T005021,2024-07-20,C00160,P0035,1,431.94,5,PayPal
T005022,2023-09-08,C00377,P0097,1,14.56,20,PayPal
T005023,2024-03-25,C00360,P0053,1,385.26,0,Cash
T005024,2024-11-04,C00345,P0009,4,352.09,10,Credit Card
T005025,2024-09-19,C00292,P0074,1,132.41,10,Cash
T005026,2023-12-26,C00636,P0025,5,282.91,20,Credit Card
T005027,2023-07-17,C00040,P0060,3,175.66,10,Debit Card
T005028,2023-11-04,C00096,P0042,5,11.59,0,Debit Card
T005029,2024-01-30,C00684,P0010,1,115.5,0,Debit Card
T005030,2023-11-22,C00328,P0050,5,127.33,10,Debit Card
T005031,2024-08-14,C00180,P0076,1,34.79,5,Debit Card
T005032,2024-05-06,C00729,P0049,4,19.54,15,Cash
T005033,2024-09-06,C00794,P0023,2,367.27,20,PayPal
T005034,2023-08-28,C00551,P0030,4,234.84,0,PayPal
T005035,2023-04-06,C00641,P0009,5,352.09,5,Credit Card
T005036,2024-09-28,C00803,P0030,3,234.84,5,PayPal
T005037,2024-10-31,C00880,P0081,2,463.99,10,Credit Card
T005038,2024-01-23,C00690,P0055,2,437.49,20,Debit Card
T005039,2023-10-04,C00196,P0053,2,385.26,10,Debit Card
T005040,2023-09-01,C00214,P0033,4,187.38,10,Credit Card
T005041,2024-06-23,C00447,P0049,5,19.54,10,Credit Card
T005042,2024-06-03,C00795,P0056,3,465.17,10,Debit Card
T005043,2023-10-19,C00745,P0032,5,296.45,5,Cash
T005044,2024-09-27,C00568,P0018,3,429.11,10,Credit Card
T005045,2024-04-05,C00210,P0035,3,431.94,0,PayPal
T005046,2023-06-17,C00874,P0098,5,498.09,20,PayPal
T005047,2024-09-15,C00901,P0035,4,431.94,0,Debit Card
T005048,2024-08-05,C00827,P0055,5,437.49,15,PayPal
T005049,2023-12-01,C00331,P0027,5,206.57,0,Cash
T005050,2024-02-19,C00046,P0043,3,139.06,15,Credit Card
T005051,2024-07-16,C00207,P0067,1,405.67,0,PayPal
T005052,2023-10-08,C00564,P0018,5,429.11,15,Debit Card
T005053,2023-10-09,C00758,P0037,5,198.54,15,Cash
T005054,2024-06-12,C00441,P0056,4,465.17,20,PayPal
T005055,2024-04-12,C00419,P0003,1,372.93,15,Credit Card
T005056,2024-03-19,C00053,P0075,1,405.93,10,Cash
T005057,2023-03-26,C00027,P0011,2,55.45,20,PayPal
T005058,2024-04-03,C00345,P0014,4,48.61,15,PayPal
T005059,2024-03-04,C00746,P0056,3,465.17,0,PayPal
T005060,2023-03-20,C00746,P0070,5,330.19,15,Credit Card
T005061,2024-12-03,C00394,P0013,4,235.12,10,PayPal
T005062,2024-07-30,C00700,P0093,2,266.16,5,PayPal
T005063,2024-12-11,C00993,P0027,3,206.57,20,Cash
T005064,2024-08-12,C00336,P0067,1,405.67,10,PayPal
T005065,2023-01-18,C00344,P0083,4,334.32,15,Debit Card
T005066,2024-05-11,C00319,P0044,1,258.76,5,PayPal
T005067,2023-07-02,C00446,P0072,1,131.84,15,Debit Card
T005068,2023-12-06,C00128,P0058,3,328.44,0,Debit Card
T005069,2023-12-05,C00883,P0008,2,406.62,20,PayPal
T005070,2024-12-23,C00439,P0063,2,431.22,15,PayPal
T005071,2024-06-10,C00645,P0010,4,115.5,5,PayPal
T005072,2024-08-09,C00777,P0032,4,296.45,20,Credit Card
T005073,2024-11-18,C00201,P0050,3,127.33,20,PayPal
T005074,2023-08-15,C00738,P0003,1,372.93,0,Credit Card
T005075,2023-05-25,C00563,P0057,5,108.56,15,PayPal
T005076,2023-03-28,C00665,P0079,2,433.68,0,PayPal
T005077,2024-10-20,C00881,P0065,3,74.83,5,Cash
T005078,2024-04-15,C00537,P0045,4,156.24,15,Credit Card
T005079,2023-08-10,C00336,P0050,4,127.33,5,Credit Card
T005080,2023-07-18,C00433,P0096,2,234.04,10,PayPal
T005081,2024-11-27,C00217,P0037,5,198.54,10,Cash
T005082,2024-06-04,C00613,P0100,4,441.62,5,Debit Card
T005083,2023-04-18,C00074,P0069,2,238.84,5,Debit Card
T005084,2024-01-15,C00696,P0057,4,108.56,0,Cash
T005085,2023-02-18,C00904,P0058,2,328.44,0,Cash
T005086,2023-11-05,C00888,P0036,3,398.12,15,Cash
T005087,2024-03-14,C00692,P0023,4,367.27,5,Cash
T005088,2023-09-08,C00456,P0051,5,474.01,10,Credit Card
T005089,2024-06-05,C00924,P0079,5,433.68,20,Cash
T005090,2024-05-22,C00803,P0034,4,259.67,10,PayPal
T005091,2024-12-01,C00666,P0037,2,198.54,10,PayPal
T005092,2023-05-22,C00363,P0076,2,34.79,15,Cash
T005093,2023-09-17,C00986,P0004,2,216.74,15,Cash
T005094,2024-04-21,C00571,P0054,4,473.96,10,Credit Card
T005095,2023-09-29,C00024,P0020,4,89.7,15,Cash
T005096,2023-12-30,C00316,P0011,5,55.45,15,PayPal
T005097,2023-07-24,C00091,P0039,1,343.34,10,Cash
T005098,2023-08-01,C00796,P0084,2,155.39,0,Credit Card
T005099,2023-02-03,C00735,P0083,1,334.32,20,PayPal
T005100,2023-02-04,C00382,P0053,4,385.26,10,Debit Card
T005101,2023-09-05,C00298,P0096,3,234.04,10,Debit Card
T005102,2024-06-21,C00671,P0043,4,139.06,10,Debit Card
T005103,2023-12-17,C00936,P0024,2,142.27,5,Cash
T005104,2024-03-16,C00647,P0005,1,124.0,0,PayPal
T005105,2024-04-22,C00876,P0004,5,216.74,0,Credit Card
T005106,2023-03-03,C00252,P0095,3,203.94,20,PayPal
T005107,2024-03-07,C00081,P0010,5,115.5,20,Cash
T005108,2023-11-18,C00089,P0011,5,55.45,0,PayPal
T005109,2024-05-29,C00767,P0028,4,439.42,10,Cash
T005110,2024-03-12,C00320,P0010,3,115.5,15,Cash
T005111,2024-03-11,C00523,P0012,4,305.83,20,Cash
T005112,2024-11-15,C00288,P0001,4,64.55,20,Cash
T005113,2024-02-14,C00667,P0086,4,38.01,20,Debit Card
T005114,2024-12-26,C00017,P0079,3,433.68,5,PayPal
T005115,2024-02-18,C00615,P0044,5,258.76,10,Credit Card
T005116,2024-06-23,C00634,P0083,1,334.32,10,Debit Card
T005117,2024-12-19,C00709,P0030,2,234.84,0,Debit Card
T005118,2024-08-11,C00191,P0091,4,130.65,15,PayPal
T005119,2023-01-18,C00285,P0041,4,64.66,5,Cash
T005120,2023-06-28,C00069,P0020,3,89.7,0,PayPal
T005121,2023-03-10,C00897,P0028,1,439.42,20,Cash
T005122,2024-01-21,C00316,P0005,4,124.0,10,Cash
T005123,2023-09-07,C00566,P0028,5,439.42,0,PayPal
T005124,2024-04-09,C00759,P0094,5,338.17,10,Debit Card
T005125,2023-09-25,C00307,P0059,3,231.23,5,Credit Card
T005126,2023-07-12,C00621,P0042,3,11.59,10,Credit Card
T005127,2023-01-18,C00895,P0096,2,234.04,5,Cash
T005128,2024-10-22,C00859,P0029,3,254.62,0,Cash
T005129,2024-02-28,C00948,P0040,4,377.93,15,PayPal
T005130,2023-04-08,C00093,P0027,2,206.57,10,Credit Card
T005131,2024-06-01,C00193,P0087,1,460.5,5,PayPal
T005132,2024-06-10,C00201,P0048,3,460.06,15,PayPal
T005133,2024-07-01,C00358,P0011,2,55.45,20,PayPal
T005134,2024-10-15,C00711,P0022,1,44.99,15,PayPal
T005135,2023-12-18,C00827,P0080,5,195.7,0,PayPal
T005136,2024-12-23,C00813,P0087,1,460.5,5,Cash
T005137,2023-12-05,C00828,P0047,5,274.3,0,Cash
T005138,2024-04-16,C00777,P0045,5,156.24,5,Debit Card
T005139,2024-07-04,C00966,P0027,1,206.57,20,Debit Card
T005140,2023-11-15,C00781,P0069,5,238.84,0,Credit Card
T005141,2023-02-26,C00984,P0026,5,122.23,0,PayPal
T005142,2024-01-30,C00266,P0025,2,282.91,20,Debit Card
T005143,2023-11-16,C00106,P0021,5,140.82,10,Cash
T005144,2023-09-05,C00868,P0098,1,498.09,20,Credit Card
T005145,2023-06-27,C00528,P0009,3,352.09,5,Cash
T005146,2023-07-17,C00093,P0038,1,269.27,10,Cash
T005147,2023-04-01,C00256,P0026,1,122.23,10,PayPal
T005148,2024-01-07,C00870,P0026,1,122.23,0,PayPal
T005149,2023-08-17,C00195,P0005,1,124.0,10,PayPal
T005150,2023-01-11,C00452,P0058,5,328.44,0,Credit Card
T005151,2023-02-18,C00910,P0079,4,433.68,10,PayPal
T005152,2024-11-10,C00321,P0099,3,257.88,15,Cash
T005153,2024-12-25,C00244,P0056,3,465.17,10,PayPal
T005154,2023-05-03,C00760,P0072,2,131.84,20,Credit Card
T005155,2023-05-25,C00962,P0053,5,385.26,20,PayPal
T005156,2023-12-16,C00057,P0020,4,89.7,10,Credit Card
T005157,2024-09-24,C00823,P0094,1,338.17,0,Cash
T005158,2023-04-18,C00767,P0089,4,43.58,15,Credit Card
T005159,2023-01-18,C00917,P0008,5,406.62,5,Debit Card
T005160,2024-11-11,C00138,P0033,1,187.38,15,Debit Card
T005161,2024-03-03,C00948,P0065,2,74.83,5,Credit Card
T005162,2024-10-10,C00365,P0064,4,146.45,5,Cash
T005163,2024-09-25,C00798,P0073,4,78.69,5,Credit Card
T005164,2024-06-25,C00647,P0025,3,282.91,15,Credit Card
T005165,2023-01-04,C00354,P0002,5,119.37,5,Debit Card
T005166,2024-11-08,C00649,P0082,3,217.27,15,Debit Card
T005167,2023-05-16,C00643,P0071,4,207.28,0,Debit Card
T005168,2023-06-11,C00032,P0019,1,146.21,15,PayPal
T005169,2024-07-26,C00631,P0044,4,258.76,5,PayPal
T005170,2023-07-15,C00475,P0072,1,131.84,5,PayPal
T005171,2023-04-01,C00343,P0038,2,269.27,0,PayPal
T005172,2024-11-24,C00906,P0066,1,292.34,5,Cash
T005173,2023-01-17,C00045,P0049,3,19.54,20,Credit Card
T005174,2023-06-27,C00269,P0024,1,142.27,15,PayPal
T005175,2023-11-04,C00270,P0062,4,319.24,15,PayPal
T005176,2023-02-12,C00594,P0092,1,50.17,10,Credit Card
T005177,2024-10-11,C00996,P0065,5,74.83,20,PayPal
T005178,2024-03-22,C00987,P0051,3,474.01,5,Credit Card
T005179,2023-04-07,C00338,P0050,3,127.33,15,Debit Card
T005180,2023-08-14,C00573,P0066,4,292.34,20,Cash
T005181,2024-01-26,C00436,P0045,5,156.24,20,Debit Card
T005182,2023-03-17,C00399,P0027,1,206.57,15,Debit Card
T005183,2023-05-22,C00024,P0076,1,34.79,0,Debit Card
T005184,2024-07-23,C00010,P0049,3,19.54,15,PayPal
T005185,2024-11-12,C00458,P0097,1,14.56,20,Credit Card
T005186,2023-08-08,C00018,P0066,2,292.34,10,Credit Card
T005187,2023-09-20,C00601,P0067,3,405.67,5,Debit Card
T005188,2024-08-06,C00316,P0038,1,269.27,20,Credit Card
T005189,2023-09-23,C00829,P0059,5,231.23,0,PayPal
T005190,2023-08-27,C00452,P0040,2,377.93,20,Debit Card
T005191,2024-08-25,C00904,P0046,1,107.47,15,Cash
T005192,2023-08-09,C00058,P0082,5,217.27,10,Debit Card
T005193,2023-05-10,C00748,P0085,4,370.51,15,Credit Card
T005194,2024-07-23,C00886,P0033,5,187.38,20,Cash
T005195,2024-10-03,C00767,P0068,4,332.9,10,Cash
T005196,2024-12-06,C00153,P0085,5,370.51,5,PayPal
T005197,2024-11-10,C00548,P0085,2,370.51,5,Debit Card
T005198,2024-07-03,C00779,P0001,1,64.55,20,Debit Card
T005199,2023-06-07,C00383,P0032,2,296.45,0,Cash
T005200,2024-06-06,C00352,P0066,4,292.34,20,PayPal
T005201,2024-11-28,C00497,P0055,4,437.49,15,Credit Card
T005202,2024-09-17,C00286,P0052,3,409.85,20,Debit Card
T005203,2024-05-06,C00752,P0035,3,431.94,20,PayPal
T005204,2024-08-11,C00343,P0061,2,298.34,0,Debit Card
T005205,2024-01-01,C00206,P0082,1,217.27,15,PayPal
T005206,2023-12-19,C00807,P0088,3,480.78,20,Debit Card
T005207,2024-05-30,C00638,P0090,4,207.85,10,Cash
T005208,2023-10-11,C00991,P0012,1,305.83,10,Cash
T005209,2024-12-01,C00439,P0021,4,140.82,10,Credit Card
T005210,2024-10-29,C00809,P0016,5,104.22,20,Cash
T005211,2024-03-10,C00343,P0033,2,187.38,10,Cash
T005212,2023-12-31,C00074,P0041,3,64.66,15,PayPal
T005213,2023-04-25,C00413,P0079,4,433.68,20,Cash
T005214,2023-09-01,C00009,P0093,1,266.16,20,Debit Card
T005215,2023-12-26,C00517,P0095,2,203.94,0,Credit Card
T005216,2024-02-10,C00858,P0025,1,282.91,0,PayPal
T005217,2024-08-12,C00668,P0061,2,298.34,5,PayPal
T005218,2023-05-29,C00537,P0017,3,121.67,20,Debit Card
T005219,2023-11-09,C00679,P0099,5,257.88,5,Cash
T005220,2024-01-26,C00567,P0053,1,385.26,20,PayPal
T005221,2024-03-22,C00711,P0084,1,155.39,0,Credit Card
T005222,2023-10-09,C00813,P0002,2,119.37,5,PayPal
T005223,2024-07-20,C00074,P0001,3,64.55,5,Cash
T005224,2023-09-05,C00814,P0048,5,460.06,15,Cash
T005225,2024-05-12,C00951,P0014,3,48.61,10,PayPal
T005226,2023-10-07,C00902,P0054,1,473.96,10,Debit Card
T005227,2024-08-22,C00914,P0020,4,89.7,0,Cash
T005228,2024-05-11,C00954,P0035,4,431.94,5,Cash
T005229,2023-05-20,C00645,P0007,3,215.56,5,Cash
T005230,2024-12-14,C00640,P0039,5,343.34,0,Credit Card
T005231,2024-09-05,C00157,P0089,5,43.58,10,Cash
T005232,2024-03-31,C00642,P0095,2,203.94,20,PayPal
T005233,2023-02-13,C00088,P0022,3,44.99,10,Debit Card
T005234,2024-07-24,C00882,P0032,1,296.45,15,Cash
T005235,2023-12-15,C00563,P0041,2,64.66,0,Debit Card
T005236,2024-01-31,C00427,P0024,3,142.27,5,PayPal
T005237,2024-02-12,C00657,P0062,5,319.24,10,PayPal
T005238,2024-02-09,C00457,P0001,5,64.55,20,Credit Card
T005239,2024-05-07,C00085,P0044,5,258.76,20,Credit Card
T005240,2024-09-13,C00067,P0065,4,74.83,15,PayPal
T005241,2024-01-15,C00157,P0009,5,352.09,10,PayPal
T005242,2023-04-09,C00619,P0040,2,377.93,10,Debit Card
T005243,2024-11-19,C00440,P0013,3,235.12,20,Debit Card
T005244,2024-06-16,C00690,P0098,2,498.09,20,PayPal
T005245,2024-11-09,C00488,P0074,3,132.41,15,Cash
T005246,2024-03-20,C00389,P0045,3,156.24,20,Credit Card
T005247,2024-05-07,C00371,P0003,3,372.93,10,PayPal
T005248,2024-10-26,C00216,P0091,3,130.65,5,Cash
T005249,2024-07-03,C00674,P0061,4,298.34,0,PayPal
T005250,2024-02-25,C00179,P0073,2,78.69,0,PayPal
T005251,2024-09-19,C00499,P0007,4,215.56,5,PayPal
T005252,2023-04-26,C00216,P0045,3,156.24,20,Cash
T005253,2024-04-22,C00053,P0016,1,104.22,0,Credit Card
T005254,2023-12-08,C00259,P0083,4,334.32,15,Debit Card
T005255,2023-10-22,C00985,P0079,3,433.68,5,Credit Card
T005256,2024-11-06,C00711,P0034,5,259.67,15,Debit Card
T005257,2023-06-27,C00966,P0046,3,107.47,15,PayPal
T005258,2024-02-15,C00107,P0033,2,187.38,10,PayPal
T005259,2024-10-25,C00650,P0094,4,338.17,10,Credit Card
T005260,2024-02-07,C00337,P0069,3,238.84,15,Debit Card
T005261,2024-09-26,C00322,P0086,2,38.01,5,Debit Card
T005262,2024-07-03,C00990,P0047,3,274.3,10,Credit Card
T005263,2024-11-21,C00597,P0096,3,234.04,15,PayPal
T005264,2024-05-14,C00951,P0047,5,274.3,0,Cash
T005265,2024-02-17,C00160,P0006,5,107.43,10,Credit Card
T005266,2023-07-18,C00172,P0053,2,385.26,5,PayPal
T005267,2024-03-30,C00308,P0001,1,64.55,15,Credit Card
T005268,2023-09-15,C00827,P0052,5,409.85,15,Credit Card
T005269,2023-09-18,C00505,P0094,5,338.17,15,Debit Card
T005270,2023-10-25,C00570,P0016,3,104.22,10,PayPal
T005271,2023-02-12,C00730,P0067,2,405.67,15,PayPal
T005272,2024-01-17,C00785,P0092,4,50.17,0,Credit Card
T005273,2024-04-17,C00196,P0004,5,216.74,15,Credit Card
T005274,2023-01-20,C00472,P0010,3,115.5,20,Credit Card
T005275,2024-11-05,C00777,P0006,1,107.43,15,Credit Card
T005276,2024-01-28,C00587,P0059,3,231.23,20,Credit Card
T005277,2024-05-15,C00443,P0070,5,330.19,5,PayPal
T005278,2023-11-18,C00101,P0088,4,480.78,5,Credit Card
T005279,2024-01-09,C00830,P0075,2,405.93,20,Cash
T005280,2024-03-31,C00694,P0052,2,409.85,10,Debit Card
T005281,2024-03-14,C00246,P0063,3,431.22,10,Cash
T005282,2023-02-16,C00060,P0063,4,431.22,5,Debit Card
T005283,2024-06-30,C00220,P0069,3,238.84,0,Debit Card
T005284,2023-08-25,C00840,P0045,1,156.24,5,Credit Card
T005285,2023-03-18,C00195,P0035,1,431.94,20,Cash
T005286,2023-11-14,C00505,P0022,3,44.99,20,Debit Card
T005287,2024-03-18,C00872,P0052,2,409.85,10,Cash
T005288,2024-12-30,C00745,P0099,5,257.88,15,Cash
T005289,2023-03-06,C00275,P0089,5,43.58,0,Debit Card
T005290,2024-12-21,C00875,P0099,1,257.88,0,Cash
T005291,2024-11-20,C00234,P0093,3,266.16,15,PayPal
T005292,2024-07-28,C00400,P0020,1,89.7,20,Debit Card
T005293,2023-12-17,C00972,P0024,4,142.27,5,Cash
T005294,2024-08-28,C00725,P0034,1,259.67,5,Cash
T005295,2024-03-15,C00107,P0075,1,405.93,5,Debit Card
T005296,2023-07-20,C00078,P0022,3,44.99,5,PayPal
T005297,2023-06-12,C00085,P0049,1,19.54,20,Cash
T005298,2024-10-19,C00582,P0070,2,330.19,10,PayPal
T005299,2024-02-08,C00777,P0098,3,498.09,15,PayPal
T005300,2024-10-06,C00280,P0081,4,463.99,10,Debit Card
T005301,2023-07-05,C00703,P0048,3,460.06,10,PayPal
T005302,2023-03-20,C00534,P0015,1,313.07,20,PayPal
T005303,2023-03-29,C00392,P0028,4,439.42,5,Credit Card
T005304,2024-12-04,C00148,P0044,1,258.76,5,Credit Card
T005305,2024-12-07,C00222,P0076,4,34.79,15,PayPal
T005306,2023-04-13,C00798,P0069,3,238.84,15,Credit Card
T005307,2023-09-24,C00687,P0049,2,19.54,5,Credit Card
T005308,2023-03-18,C00678,P0034,5,259.67,5,Debit Card
T005309,2023-09-06,C00274,P0042,1,11.59,0,Credit Card
T005310,2023-07-09,C00174,P0057,5,108.56,5,Cash
T005311,2023-01-12,C00002,P0026,5,122.23,15,Cash
T005312,2023-10-26,C00930,P0060,4,175.66,0,Credit Card
T005313,2024-03-07,C00681,P0085,4,370.51,15,Credit Card
T005314,2024-07-10,C00795,P0031,4,375.04,15,Debit Card
T005315,2024-09-10,C00003,P0048,4,460.06,15,Cash
T005316,2024-12-06,C00652,P0009,4,352.09,5,Credit Card
T005317,2024-05-25,C00043,P0019,3,146.21,20,Cash
T005318,2024-07-28,C00673,P0007,3,215.56,0,Cash
T005319,2024-08-11,C00046,P0029,2,254.62,5,Cash
T005320,2023-11-01,C00337,P0084,4,155.39,10,Cash
T005321,2024-04-23,C00112,P0039,5,343.34,20,Credit Card
T005322,2024-02-15,C00331,P0005,2,124.0,20,Credit Card
T005323,2024-02-01,C00816,P0033,5,187.38,0,Cash
T005324,2024-10-22,C00235,P0002,3,119.37,5,PayPal
T005325,2024-11-08,C00723,P0015,5,313.07,15,Credit Card
T005326,2023-05-07,C00071,P0071,3,207.28,20,Credit Card
T005327,2023-07-12,C00558,P0051,2,474.01,20,Cash
T005328,2024-04-20,C00474,P0002,3,119.37,5,Credit Card
T005329,2023-12-07,C00069,P0032,5,296.45,5,Cash
T005330,2023-05-22,C00896,P0100,3,441.62,5,Cash
T005331,2023-01-04,C00179,P0018,1,429.11,15,Credit Card
T005332,2024-07-17,C00523,P0091,4,130.65,10,PayPal
T005333,2024-06-10,C00145,P0002,5,119.37,5,Debit Card
T005334,2024-01-12,C00237,P0070,5,330.19,10,Debit Card
T005335,2024-11-29,C00655,P0080,1,195.7,0,Cash
T005336,2024-01-06,C00246,P0058,3,328.44,0,Cash
T005337,2023-11-15,C00941,P0044,3,258.76,15,Debit Card
T005338,2024-12-07,C00354,P0091,1,130.65,0,Debit Card
T005339,2023-03-25,C00049,P0039,1,343.34,5,Debit Card
T005340,2023-07-13,C00586,P0012,3,305.83,10,Cash
T005341,2024-08-02,C00013,P0075,2,405.93,10,Cash
T005342,2023-04-13,C00952,P0064,4,146.45,0,Cash
T005343,2024-12-17,C00197,P0004,1,216.74,10,Cash
T005344,2024-05-27,C00930,P0058,1,328.44,20,PayPal
T005345,2023-03-17,C00260,P0017,4,121.67,0,PayPal
T005346,2023-04-06,C00260,P0051,5,474.01,5,PayPal
T005347,2023-08-02,C00459,P0031,4,375.04,20,PayPal
T005348,2023-04-29,C00571,P0097,4,14.56,15,Cash
T005349,2024-04-20,C00447,P0086,1,38.01,0,Cash
T005350,2023-10-14,C00318,P0029,3,254.62,20,Cash
T005351,2024-11-23,C00685,P0082,2,217.27,0,Cash
T005352,2023-08-31,C00234,P0006,2,107.43,5,PayPal
T005353,2024-08-17,C00767,P0054,4,473.96,10,Cash
T005354,2023-09-28,C00120,P0044,1,258.76,10,PayPal
T005355,2024-06-30,C00601,P0006,3,107.43,15,Debit Card
T005356,2023-04-30,C00095,P0070,3,330.19,15,Credit Card
T005357,2023-12-16,C00167,P0038,4,269.27,0,Cash
T005358,2024-08-31,C00870,P0100,5,441.62,10,PayPal
T005359,2024-05-03,C00852,P0053,1,385.26,0,Credit Card
T005360,2023-02-22,C00977,P0062,5,319.24,15,Cash
T005361,2023-11-11,C00371,P0058,3,328.44,10,Cash
T005362,2023-12-16,C00154,P0060,5,175.66,20,Cash
T005363,2023-06-05,C00397,P0022,5,44.99,5,PayPal
T005364,2024-06-03,C00275,P0044,1,258.76,5,Credit Card
T005365,2024-09-15,C00265,P0065,4,74.83,20,PayPal
T005366,2024-03-02,C00864,P0002,4,119.37,15,Debit Card
T005367,2024-10-27,C00884,P0092,4,50.17,0,Debit Card
T005368,2024-06-15,C00954,P0017,4,121.67,20,Cash
T005369,2023-02-04,C00786,P0080,4,195.7,15,Cash
T005370,2024-03-25,C00384,P0077,4,484.81,0,Debit Card
T005371,2024-08-06,C00915,P0073,4,78.69,5,Cash
T005372,2023-08-17,C00480,P0064,5,146.45,5,Cash
T005373,2023-03-13,C00805,P0086,1,38.01,0,Cash
T005374,2023-09-02,C00127,P0046,2,107.47,20,Cash
T005375,2023-06-26,C00677,P0024,1,142.27,15,Debit Card
T005376,2023-10-22,C00168,P0026,2,122.23,5,Debit Card
T005377,2023-02-23,C00221,P0019,5,146.21,20,Debit Card
T005378,2023-09-16,C00389,P0036,1,398.12,15,Credit Card
T005379,2024-01-22,C00998,P0073,3,78.69,5,Credit Card
T005380,2024-02-13,C00353,P0079,2,433.68,5,PayPal
T005381,2024-03-24,C00902,P0069,4,238.84,10,Debit Card
T005382,2024-09-05,C00093,P0040,2,377.93,20,PayPal
T005383,2023-09-06,C00733,P0062,1,319.24,0,Cash
T005384,2023-09-29,C00544,P0033,5,187.38,10,PayPal
T005385,2024-06-28,C00799,P0062,3,319.24,5,Credit Card
T005386,2023-04-30,C00647,P0075,5,405.93,0,PayPal
T005387,2023-06-20,C00359,P0047,3,274.3,5,Credit Card
T005388,2023-11-28,C00998,P0032,4,296.45,15,PayPal
T005389,2023-05-16,C00342,P0047,1,274.3,15,Cash
T005390,2024-07-17,C00653,P0068,4,332.9,20,Cash
T005391,2023-01-29,C00185,P0087,1,460.5,5,Debit Card
T005392,2023-06-22,C00256,P0016,1,104.22,15,Credit Card
T005393,2023-04-06,C00993,P0080,3,195.7,20,Cash
T005394,2024-02-29,C00975,P0027,5,206.57,20,Debit Card
T005395,2024-07-06,C00580,P0061,5,298.34,15,Debit Card
T005396,2024-06-15,C00208,P0064,1,146.45,10,Debit Card
T005397,2023-11-14,C00371,P0073,4,78.69,5,Credit Card
T005398,2024-04-30,C00592,P0086,4,38.01,10,PayPal
T005399,2023-04-28,C00009,P0055,2,437.49,5,Debit Card
T005400,2024-07-08,C00519,P0072,1,131.84,15,Credit Card
T005401,2023-01-20,C00081,P0042,1,11.59,5,Cash
T005402,2023-11-16,C00702,P0044,1,258.76,5,Credit Card
T005403,2023-05-31,C00164,P0088,1,480.78,0,Cash
T005404,2024-01-05,C00376,P0039,3,343.34,0,Cash
T005405,2023-10-10,C00511,P0068,5,332.9,5,Credit Card
T005406,2023-02-26,C00416,P0035,4,431.94,5,Cash
T005407,2023-11-24,C00758,P0084,1,155.39,0,PayPal
T005408,2023-06-25,C00698,P0052,5,409.85,15,PayPal
T005409,2023-10-10,C00846,P0022,1,44.99,5,Cash
T005410,2023-02-26,C00548,P0062,3,319.24,10,Debit Card
T005411,2023-07-26,C00587,P0002,3,119.37,20,Cash
T005412,2023-05-26,C00706,P0031,5,375.04,5,Cash
T005413,2024-07-01,C00660,P0091,1,130.65,15,Credit Card
T005414,2023-04-01,C00344,P0034,4,259.67,20,Debit Card
T005415,2023-08-23,C00411,P0018,4,429.11,0,PayPal
T005416,2024-11-10,C00351,P0069,5,238.84,0,Cash
T005417,2023-01-08,C00374,P0013,1,235.12,0,Cash
T005418,2024-05-23,C00868,P0078,4,91.49,5,Credit Card
T005419,2024-09-24,C00359,P0017,1,121.67,20,Debit Card
T005420,2023-02-17,C00869,P0016,5,104.22,5,PayPal
T005421,2023-05-10,C00233,P0031,2,375.04,20,Cash
T005422,2023-01-04,C00590,P0035,2,431.94,15,PayPal
T005423,2024-06-01,C00608,P0021,1,140.82,10,PayPal
T005424,2023-11-27,C00080,P0016,4,104.22,5,Cash
T005425,2023-03-27,C00616,P0037,2,198.54,0,Cash
T005426,2023-12-09,C00310,P0059,1,231.23,10,Debit Card
T005427,2023-11-03,C00831,P0072,4,131.84,5,Cash
T005428,2023-06-12,C00134,P0050,3,127.33,20,Credit Card
T005429,2024-06-13,C00244,P0070,1,330.19,5,PayPal
T005430,2024-10-30,C00976,P0074,4,132.41,15,Debit Card
T005431,2024-10-23,C00726,P0056,4,465.17,15,Debit Card
T005432,2023-09-22,C00196,P0039,3,343.34,5,PayPal
T005433,2023-11-08,C00919,P0080,4,195.7,20,Cash
T005434,2023-06-18,C00998,P0078,4,91.49,10,Cash
T005435,2023-04-23,C00926,P0044,4,258.76,10,Debit Card
T005436,2024-06-14,C00664,P0087,1,460.5,5,Credit Card
T005437,2023-08-20,C00951,P0035,5,431.94,0,PayPal
T005438,2023-05-09,C00483,P0038,5,269.27,15,Credit Card
T005439,2024-10-03,C00739,P0004,1,216.74,20,PayPal
T005440,2023-01-10,C00068,P0077,4,484.81,10,Cash
T005441,2023-08-22,C00426,P0062,2,319.24,10,Debit Card
T005442,2024-02-20,C00712,P0049,2,19.54,5,PayPal
T005443,2023-09-25,C00158,P0077,1,484.81,5,Cash
T005444,2024-09-05,C00055,P0030,5,234.84,0,PayPal
T005445,2024-10-06,C00935,P0008,1,406.62,10,Debit Card
T005446,2024-04-22,C00112,P0031,1,375.04,15,Debit Card
T005447,2023-07-06,C00319,P0051,1,474.01,10,Cash
T005448,2023-12-03,C00586,P0054,1,473.96,0,Credit Card
T005449,2024-06-18,C00129,P0035,5,431.94,5,Debit Card
T005450,2023-12-04,C00541,P0079,3,433.68,15,PayPal
T005451,2023-06-17,C00590,P0021,5,140.82,5,PayPal
T005452,2024-09-23,C00701,P0054,4,473.96,15,Cash
T005453,2023-03-26,C00256,P0046,5,107.47,0,Debit Card
T005454,2023-06-20,C00788,P0056,2,465.17,10,Cash
T005455,2023-08-30,C00333,P0052,1,409.85,0,Debit Card
T005456,2023-05-27,C00577,P0078,1,91.49,20,Credit Card
T005457,2024-12-21,C00057,P0082,4,217.27,10,Cash
T005458,2024-02-21,C00886,P0009,3,352.09,10,Debit Card
T005459,2024-04-07,C00501,P0065,2,74.83,10,PayPal
T005460,2023-09-24,C00961,P0085,1,370.51,10,Debit Card
T005461,2024-10-18,C00128,P0032,4,296.45,20,Cash
T005462,2024-09-05,C00742,P0019,1,146.21,15,Cash
T005463,2024-01-08,C00969,P0035,5,431.94,5,Debit Card
T005464,2023-11-10,C00701,P0030,5,234.84,15,Credit Card
T005465,2023-10-11,C00875,P0041,2,64.66,20,Debit Card
T005466,2024-12-06,C00179,P0045,5,156.24,15,Debit Card
T005467,2023-12-09,C00203,P0059,2,231.23,20,Credit Card
T005468,2023-08-15,C00021,P0032,4,296.45,5,PayPal
T005469,2023-12-15,C00645,P0032,2,296.45,0,Debit Card
T005470,2023-08-24,C00318,P0055,1,437.49,5,Debit Card
T005471,2023-10-28,C00488,P0098,3,498.09,0,PayPal
T005472,2023-07-15,C00839,P0092,4,50.17,5,Credit Card
T005473,2023-09-05,C00356,P0030,1,234.84,10,Credit Card
T005474,2024-02-14,C00129,P0007,2,215.56,5,PayPal
T005475,2023-04-09,C00500,P0004,1,216.74,10,PayPal
T005476,2023-11-29,C00880,P0069,4,238.84,0,PayPal
T005477,2024-10-11,C00054,P0090,3,207.85,5,Debit Card
T005478,2024-10-25,C00692,P0088,3,480.78,10,Cash
T005479,2023-11-09,C00081,P0010,5,115.5,20,Debit Card
T005480,2024-01-16,C00877,P0048,1,460.06,5,PayPal
T005481,2023-08-27,C00821,P0066,1,292.34,15,Credit Card
T005482,2024-08-23,C00865,P0012,2,305.83,10,Credit Card
T005483,2023-12-24,C00761,P0092,2,50.17,10,PayPal
T005484,2023-03-12,C00731,P0079,4,433.68,0,PayPal
T005485,2024-12-09,C00879,P0064,3,146.45,10,Cash
T005486,2023-05-05,C00443,P0051,2,474.01,5,Debit Card
T005487,2023-10-12,C00252,P0053,1,385.26,15,Credit Card
T005488,2024-02-25,C00866,P0018,1,429.11,20,PayPal
T005489,2024-03-18,C00324,P0031,2,375.04,0,Credit Card
T005490,2024-04-14,C00963,P0056,1,465.17,10,Credit Card
T005491,2023-10-24,C00057,P0020,3,89.7,20,Cash
T005492,2024-05-27,C00684,P0046,4,107.47,20,Cash
T005493,2024-04-16,C00314,P0010,2,115.5,5,Cash
T005494,2023-01-25,C00044,P0065,5,74.83,0,Credit Card
T005495,2023-02-15,C00939,P0011,3,55.45,15,Credit Card
T005496,2023-02-21,C00222,P0094,5,338.17,5,Cash
T005497,2024-06-09,C00513,P0068,5,332.9,0,Debit Card
T005498,2023-02-09,C00819,P0036,4,398.12,0,Cash
T005499,2023-09-06,C00536,P0072,1,131.84,15,Cash
T005500,2024-12-25,C00752,P0069,3,238.84,0,PayPal
T005501,2024-03-06,C00047,P0077,3,484.81,0,Cash
T005502,2023-12-09,C00777,P0052,5,409.85,20,Debit Card
T005503,2024-01-25,C00181,P0062,5,319.24,0,Credit Card
T005504,2024-05-05,C00732,P0020,4,89.7,5,Credit Card
T005505,2024-10-15,C00115,P0071,3,207.28,15,Debit Card
T005506,2024-10-09,C00470,P0025,2,282.91,10,Cash
T005507,2023-10-17,C00478,P0003,5,372.93,5,Credit Card
T005508,2024-06-30,C00051,P0029,4,254.62,20,Cash
T005509,2024-06-16,C00613,P0098,5,498.09,20,PayPal
T005510,2023-04-16,C00262,P0083,3,334.32,10,Debit Card
T005511,2024-02-26,C00914,P0060,1,175.66,10,Cash
T005512,2024-05-07,C00578,P0034,1,259.67,15,Cash
T005513,2024-06-23,C00741,P0066,4,292.34,15,PayPal
T005514,2023-03-12,C00346,P0072,4,131.84,0,Credit Card
T005515,2024-03-11,C00363,P0039,4,343.34,0,PayPal
T005516,2024-11-15,C00815,P0078,3,91.49,15,Debit Card
T005517,2023-11-07,C00949,P0032,1,296.45,20,Credit Card
T005518,2024-10-02,C00450,P0084,2,155.39,20,Debit Card
T005519,2023-01-17,C00034,P0093,2,266.16,10,PayPal
T005520,2024-03-14,C00777,P0043,2,139.06,5,Cash
T005521,2024-12-21,C00494,P0062,2,319.24,0,Debit Card
T005522,2023-04-12,C00508,P0049,5,19.54,15,Credit Card
T005523,2024-08-29,C00860,P0021,4,140.82,0,PayPal
T005524,2023-10-17,C00493,P0071,2,207.28,0,Credit Card
T005525,2023-05-28,C00681,P0034,1,259.67,5,PayPal
T005526,2023-10-25,C00329,P0044,1,258.76,0,PayPal
T005527,2023-10-30,C00033,P0076,5,34.79,0,Debit Card
T005528,2024-08-04,C00412,P0064,4,146.45,5,Cash
T005529,2023-05-19,C00387,P0040,1,377.93,15,Debit Card
T005530,2023-01-14,C00818,P0026,3,122.23,5,Debit Card
T005531,2024-11-18,C00029,P0008,1,406.62,20,Credit Card
T005532,2023-10-26,C00321,P0029,2,254.62,20,PayPal
T005533,2024-09-25,C00019,P0029,4,254.62,10,Credit Card
T005534,2024-03-24,C00580,P0073,4,78.69,10,PayPal
T005535,2024-02-28,C00397,P0097,2,14.56,20,Cash
T005536,2024-12-10,C00368,P0025,1,282.91,20,Cash
T005537,2023-06-10,C00345,P0019,2,146.21,15,PayPal
T005538,2024-10-09,C00058,P0052,1,409.85,5,Debit Card
T005539,2023-09-13,C00133,P0005,2,124.0,10,Credit Card
T005540,2024-01-17,C00762,P0049,4,19.54,15,Credit Card
T005541,2023-07-08,C00081,P0047,3,274.3,20,Credit Card
T005542,2023-09-26,C00946,P0014,5,48.61,5,Credit Card
T005543,2023-12-11,C00423,P0009,4,352.09,15,Credit Card
T005544,2024-12-27,C00821,P0070,1,330.19,5,Debit Card
T005545,2024-08-16,C00500,P0017,5,121.67,20,PayPal
T005546,2023-10-10,C00651,P0063,5,431.22,0,Cash
T005547,2023-07-18,C00085,P0054,3,473.96,5,Cash
T005548,2024-02-05,C00331,P0079,5,433.68,10,PayPal
T005549,2023-11-07,C00016,P0020,2,89.7,5,PayPal
T005550,2024-12-11,C00153,P0072,3,131.84,20,Cash
T005551,2023-07-15,C00073,P0093,2,266.16,15,Debit Card
T005552,2024-04-18,C00308,P0010,3,115.5,0,Debit Card
T005553,2023-03-17,C00936,P0015,5,313.07,0,Debit Card
T005554,2024-01-25,C00390,P0087,5,460.5,0,PayPal
T005555,2023-05-05,C00781,P0078,2,91.49,20,Cash
T005556,2023-01-07,C00088,P0050,1,127.33,10,Cash
T005557,2023-04-05,C00582,P0065,1,74.83,0,Debit Card
T005558,2023-11-19,C00980,P0049,5,19.54,5,PayPal
T005559,2024-05-12,C00574,P0053,5,385.26,5,PayPal
T005560,2023-03-06,C00226,P0006,3,107.43,0,PayPal
T005561,2023-04-06,C00774,P0026,1,122.23,20,Credit Card
T005562,2023-04-24,C00649,P0072,1,131.84,10,Credit Card
T005563,2023-12-17,C00715,P0011,2,55.45,5,PayPal
T005564,2024-10-13,C00456,P0015,5,313.07,0,PayPal
T005565,2023-11-16,C00040,P0058,5,328.44,10,Cash
T005566,2023-01-02,C00763,P0074,3,132.41,0,Cash
T005567,2024-04-09,C00304,P0013,5,235.12,15,Debit Card
T005568,2023-03-12,C00203,P0003,1,372.93,10,PayPal
T005569,2024-02-04,C00323,P0035,4,431.94,5,Debit Card
T005570,2024-04-13,C00678,P0042,4,11.59,20,PayPal
T005571,2023-02-25,C00744,P0059,3,231.23,0,Debit Card
T005572,2023-08-08,C00272,P0058,3,328.44,20,Cash
T005573,2023-01-04,C00966,P0078,2,91.49,5,Credit Card
T005574,2024-12-26,C00403,P0030,5,234.84,10,Credit Card
T005575,2023-07-10,C00415,P0081,3,463.99,0,Credit Card
T005576,2024-01-30,C00230,P0003,2,372.93,15,Cash
T005577,2023-12-26,C00963,P0030,1,234.84,20,Credit Card
T005578,2023-12-23,C00948,P0063,4,431.22,5,Credit Card
T005579,2024-12-02,C00084,P0005,1,124.0,20,Cash
T005580,2024-10-21,C00303,P0043,4,139.06,0,Debit Card
T005581,2023-11-26,C00406,P0029,1,254.62,15,PayPal
T005582,2023-01-22,C00288,P0008,4,406.62,10,Cash
T005583,2024-04-20,C00308,P0077,5,484.81,15,PayPal
T005584,2024-06-04,C00530,P0033,1,187.38,15,Credit Card
T005585,2024-10-27,C00416,P0032,1,296.45,0,Credit Card
T005586,2024-04-11,C00005,P0060,1,175.66,15,Cash
T005587,2023-08-16,C00493,P0084,3,155.39,20,PayPal
T005588,2024-09-01,C00829,P0026,2,122.23,0,Cash
T005589,2024-06-24,C00114,P0014,1,48.61,15,Credit Card
T005590,2024-08-10,C00778,P0091,4,130.65,0,Credit Card
T005591,2023-10-12,C00025,P0079,2,433.68,0,PayPal
T005592,2023-10-21,C00089,P0038,3,269.27,10,Cash
T005593,2024-04-03,C00233,P0036,2,398.12,5,PayPal
T005594,2024-11-10,C00748,P0073,4,78.69,10,PayPal
T005595,2023-06-15,C00582,P0030,1,234.84,15,Credit Card
T005596,2023-08-05,C00240,P0094,3,338.17,5,Credit Card
T005597,2023-02-26,C00633,P0040,5,377.93,20,Debit Card
T005598,2024-01-29,C00414,P0081,3,463.99,5,Cash
T005599,2023-04-25,C00629,P0095,4,203.94,15,Debit Card
T005600,2023-04-17,C00222,P0059,5,231.23,10,Cash
T005601,2024-12-12,C00280,P0020,5,89.7,15,Debit Card
T005602,2023-07-20,C00832,P0096,5,234.04,10,Cash
T005603,2023-12-04,C00250,P0085,5,370.51,5,Cash
T005604,2024-11-05,C00567,P0050,4,127.33,0,PayPal
T005605,2024-12-19,C00948,P0011,2,55.45,10,Debit Card
T005606,2023-05-08,C00494,P0098,5,498.09,15,Cash
T005607,2023-02-04,C00007,P0056,3,465.17,10,Credit Card
T005608,2024-05-04,C00845,P0030,3,234.84,15,Debit Card
T005609,2023-05-02,C00125,P0092,4,50.17,5,PayPal
T005610,2023-01-26,C00715,P0051,5,474.01,20,Debit Card
T005611,2024-01-15,C00270,P0097,4,14.56,10,Cash
T005612,2023-08-02,C00548,P0076,5,34.79,15,Credit Card
T005613,2023-04-15,C00679,P0038,3,269.27,10,Cash
T005614,2023-01-06,C00614,P0030,2,234.84,10,Debit Card
T005615,2024-05-01,C00861,P0090,1,207.85,20,Cash
T005616,2024-02-12,C00598,P0096,2,234.04,10,PayPal
T005617,2023-05-10,C00854,P0078,1,91.49,10,Credit Card
T005618,2024-09-28,C00399,P0023,1,367.27,0,Credit Card
T005619,2024-11-13,C00803,P0011,1,55.45,0,Credit Card
T005620,2023-12-01,C00076,P0055,4,437.49,0,Cash
T005621,2023-07-17,C00265,P0072,3,131.84,20,Credit Card
T005622,2023-05-23,C00876,P0012,2,305.83,0,Credit Card
T005623,2024-11-19,C00570,P0095,5,203.94,5,Debit Card
T005624,2024-06-27,C00682,P0039,4,343.34,20,Credit Card
T005625,2024-11-27,C00973,P0088,5,480.78,15,Cash
T005626,2023-05-11,C00691,P0026,2,122.23,0,Credit Card
T005627,2023-09-28,C00269,P0086,5,38.01,0,Cash
T005628,2024-11-23,C00972,P0060,2,175.66,15,PayPal
T005629,2023-11-21,C00430,P0093,1,266.16,20,Debit Card
T005630,2023-05-10,C00791,P0010,5,115.5,20,Debit Card
T005631,2023-05-24,C00421,P0003,2,372.93,0,Cash
T005632,2023-10-22,C00493,P0016,4,104.22,0,Debit Card
T005633,2023-01-30,C00195,P0020,4,89.7,10,Credit Card
T005634,2024-12-07,C00447,P0081,5,463.99,5,Cash
T005635,2024-06-02,C00325,P0025,5,282.91,20,Credit Card
T005636,2024-02-28,C00445,P0060,3,175.66,0,Debit Card
T005637,2023-05-31,C00801,P0029,5,254.62,0,Debit Card
T005638,2024-11-05,C00352,P0023,2,367.27,20,Debit Card
T005639,2024-10-12,C00825,P0052,4,409.85,0,Debit Card
T005640,2024-01-25,C00247,P0078,4,91.49,20,PayPal
T005641,2024-09-11,C00582,P0080,3,195.7,5,Debit Card
T005642,2023-11-17,C00929,P0024,5,142.27,15,PayPal
T005643,2023-09-22,C00701,P0039,5,343.34,10,Debit Card
T005644,2024-10-06,C00786,P0055,5,437.49,15,Credit Card
T005645,2023-04-29,C00317,P0010,2,115.5,5,Credit Card
T005646,2024-03-12,C00025,P0033,5,187.38,20,Credit Card
T005647,2023-11-25,C00512,P0072,4,131.84,0,PayPal
T005648,2023-11-21,C00357,P0090,5,207.85,0,Cash
T005649,2024-12-16,C00799,P0022,4,44.99,20,Cash
T005650,2024-09-16,C00176,P0007,3,215.56,20,Credit Card
T005651,2024-12-05,C00017,P0020,3,89.7,15,Debit Card
T005652,2024-04-24,C00120,P0022,4,44.99,5,Cash
T005653,2024-02-09,C00024,P0093,2,266.16,5,Debit Card
T005654,2023-11-28,C00305,P0066,1,292.34,20,Credit Card
T005655,2023-06-29,C00328,P0080,3,195.7,20,Cash
T005656,2024-04-24,C00233,P0099,4,257.88,20,Debit Card
T005657,2024-09-08,C00501,P0046,5,107.47,10,PayPal
T005658,2023-03-11,C00985,P0073,2,78.69,10,Cash
T005659,2023-10-03,C00088,P0088,1,480.78,0,Cash
T005660,2024-11-22,C00401,P0028,4,439.42,0,Debit Card
T005661,2024-12-28,C00436,P0068,2,332.9,10,Cash
T005662,2024-10-30,C00884,P0060,4,175.66,0,Credit Card
T005663,2023-06-14,C00971,P0047,5,274.3,10,Debit Card
T005664,2023-07-30,C00032,P0027,1,206.57,20,Credit Card
T005665,2024-01-06,C00980,P0051,2,474.01,0,Debit Card
T005666,2024-08-14,C00644,P0022,3,44.99,20,Debit Card
T005667,2024-06-07,C00229,P0060,2,175.66,0,Credit Card
T005668,2024-04-28,C00734,P0088,5,480.78,20,Debit Card
T005669,2023-03-27,C00652,P0022,4,44.99,5,Cash
T005670,2023-12-28,C00942,P0098,3,498.09,20,PayPal
T005671,2023-06-02,C00003,P0024,4,142.27,5,Credit Card
T005672,2023-03-07,C00460,P0079,1,433.68,20,PayPal
T005673,2023-05-22,C00482,P0070,3,330.19,0,Cash
T005674,2024-11-29,C00165,P0092,4,50.17,20,Cash
T005675,2023-08-03,C00406,P0081,3,463.99,0,Debit Card
T005676,2024-10-01,C00749,P0094,3,338.17,10,PayPal
T005677,2023-04-04,C00727,P0088,1,480.78,0,PayPal
T005678,2023-03-24,C00526,P0005,1,124.0,20,PayPal
T005679,2024-12-06,C00788,P0069,3,238.84,5,Debit Card
T005680,2024-03-15,C00213,P0023,1,367.27,0,Debit Card
T005681,2024-03-04,C00463,P0002,2,119.37,5,Debit Card
T005682,2023-11-26,C00158,P0005,5,124.0,5,Credit Card
T005683,2024-12-23,C00686,P0025,3,282.91,5,PayPal
T005684,2023-07-22,C00339,P0059,2,231.23,20,Credit Card
T005685,2024-03-21,C00587,P0099,2,257.88,20,Credit Card
T005686,2024-09-12,C00893,P0015,4,313.07,15,Debit Card
T005687,2023-05-07,C00861,P0055,4,437.49,20,Cash
T005688,2024-07-25,C00745,P0061,3,298.34,0,Debit Card
T005689,2023-07-31,C00261,P0001,3,64.55,10,PayPal
T005690,2023-03-07,C00399,P0003,1,372.93,15,Cash
T005691,2023-09-28,C00476,P0075,1,405.93,0,PayPal
T005692,2023-10-25,C00340,P0095,5,203.94,0,Credit Card
T005693,2023-12-04,C00672,P0094,1,338.17,15,Cash
T005694,2023-11-03,C00595,P0019,4,146.21,5,Credit Card
T005695,2024-08-23,C00303,P0017,1,121.67,0,PayPal
T005696,2023-01-07,C00838,P0041,1,64.66,20,Cash
T005697,2024-09-22,C00723,P0074,4,132.41,0,Debit Card
T005698,2023-05-06,C00857,P0043,2,139.06,10,PayPal
T005699,2023-06-13,C00251,P0090,2,207.85,5,Credit Card
T005700,2023-11-29,C00858,P0065,5,74.83,5,Cash
T005701,2024-10-25,C00652,P0057,3,108.56,5,PayPal
T005702,2023-10-05,C00059,P0095,3,203.94,15,Cash
T005703,2023-06-28,C00765,P0044,2,258.76,20,PayPal
T005704,2023-02-17,C00110,P0099,1,257.88,0,PayPal
T005705,2023-06-12,C00328,P0042,5,11.59,15,Debit Card
T005706,2024-04-19,C00722,P0058,5,328.44,20,Debit Card
T005707,2024-02-16,C00227,P0006,1,107.43,15,PayPal
T005708,2024-06-28,C00020,P0076,2,34.79,0,PayPal
T005709,2024-01-03,C00913,P0069,5,238.84,0,Cash
T005710,2023-05-01,C00443,P0070,1,330.19,10,Debit Card
T005711,2023-07-02,C00915,P0078,2,91.49,10,PayPal
T005712,2024-12-09,C00303,P0099,3,257.88,20,Debit Card
T005713,2023-02-16,C00755,P0042,3,11.59,20,Cash
T005714,2024-03-29,C00456,P0042,4,11.59,20,Credit Card
T005715,2023-04-20,C00193,P0088,4,480.78,20,Debit Card
T005716,2023-01-19,C00313,P0091,3,130.65,15,Cash
T005717,2023-05-27,C00896,P0057,3,108.56,10,Credit Card
T005718,2023-03-31,C00001,P0050,5,127.33,20,PayPal
T005719,2024-06-27,C00476,P0074,1,132.41,0,PayPal
T005720,2024-11-06,C00186,P0022,1,44.99,5,Debit Card
T005721,2024-01-24,C00535,P0091,5,130.65,15,Credit Card
T005722,2023-01-08,C00201,P0066,3,292.34,15,Cash
T005723,2024-11-28,C00073,P0096,2,234.04,20,Debit Card
T005724,2023-01-08,C00943,P0088,4,480.78,10,Cash
T005725,2023-04-19,C00120,P0095,2,203.94,20,Cash
T005726,2024-08-14,C00130,P0077,4,484.81,0,PayPal
T005727,2024-12-13,C00958,P0051,1,474.01,5,Debit Card
T005728,2024-06-17,C00498,P0087,5,460.5,20,PayPal
T005729,2023-05-30,C00375,P0066,5,292.34,20,Cash
T005730,2024-06-08,C00108,P0084,5,155.39,10,Debit Card
T005731,2024-08-12,C00406,P0060,2,175.66,0,Credit Card
T005732,2024-10-22,C00482,P0001,2,64.55,15,PayPal
T005733,2024-09-22,C00627,P0075,3,405.93,10,PayPal
T005734,2024-04-18,C00923,P0088,3,480.78,10,PayPal
T005735,2023-04-23,C00463,P0006,4,107.43,20,Debit Card
T005736,2024-03-12,C00395,P0018,3,429.11,10,Debit Card
T005737,2023-11-01,C00463,P0099,3,257.88,20,Credit Card
T005738,2024-12-06,C00032,P0051,3,474.01,5,PayPal
T005739,2024-08-16,C00942,P0084,5,155.39,5,PayPal
T005740,2024-10-03,C00728,P0082,5,217.27,0,Cash
T005741,2024-09-12,C00802,P0091,5,130.65,15,PayPal
T005742,2024-06-02,C00462,P0041,5,64.66,5,Cash
T005743,2023-12-04,C00682,P0054,5,473.96,0,Cash
T005744,2024-05-03,C00317,P0068,2,332.9,10,Credit Card
T005745,2024-05-15,C00216,P0089,1,43.58,15,Credit Card
T005746,2024-12-04,C00477,P0060,4,175.66,0,Debit Card
T005747,2023-11-20,C00027,P0085,1,370.51,15,Debit Card
T005748,2024-02-02,C00161,P0075,2,405.93,5,Debit Card
T005749,2024-12-29,C00330,P0065,3,74.83,0,Debit Card
T005750,2023-07-13,C00596,P0053,5,385.26,20,PayPal
T005751,2023-05-14,C00342,P0071,1,207.28,5,Debit Card
T005752,2023-03-31,C00986,P0098,2,498.09,15,PayPal
T005753,2023-07-20,C00470,P0021,2,140.82,10,PayPal
T005754,2023-05-02,C00639,P0037,4,198.54,5,PayPal
T005755,2024-08-31,C00055,P0089,2,43.58,5,Debit Card
T005756,2023-09-09,C00494,P0035,4,431.94,0,PayPal
T005757,2024-03-10,C00338,P0079,1,433.68,20,Debit Card
T005758,2024-12-28,C00322,P0046,3,107.47,10,Cash
T005759,2023-02-12,C00038,P0020,1,89.7,15,Credit Card
T005760,2024-04-26,C00076,P0033,2,187.38,15,PayPal
T005761,2023-09-29,C00578,P0047,3,274.3,15,Cash
T005762,2023-04-24,C00164,P0099,1,257.88,20,Debit Card
T005763,2024-11-09,C00096,P0077,2,484.81,15,Credit Card
T005764,2024-03-04,C00031,P0042,4,11.59,15,Credit Card
T005765,2023-06-07,C00891,P0022,2,44.99,20,Debit Card
T005766,2024-11-02,C00648,P0091,1,130.65,10,Cash
T005767,2023-10-31,C00430,P0037,5,198.54,10,Debit Card
T005768,2024-11-18,C00960,P0001,3,64.55,10,PayPal
T005769,2023-11-28,C00595,P0044,3,258.76,0,Debit Card
T005770,2024-02-22,C00723,P0028,3,439.42,15,Credit Card
T005771,2024-05-26,C00499,P0064,5,146.45,20,PayPal
T005772,2023-08-10,C00662,P0030,2,234.84,15,Cash
T005773,2023-07-16,C00741,P0074,5,132.41,0,PayPal
T005774,2024-11-25,C00037,P0053,1,385.26,20,Debit Card
T005775,2024-12-11,C00845,P0095,2,203.94,15,Cash
T005776,2024-11-07,C00971,P0019,4,146.21,20,Credit Card
T005777,2023-07-08,C00189,P0088,2,480.78,0,Cash
T005778,2024-01-19,C00693,P0044,1,258.76,15,Credit Card
T005779,2024-04-13,C00621,P0099,1,257.88,15,Cash
T005780,2023-01-25,C00069,P0093,3,266.16,0,Debit Card
T005781,2023-02-09,C00213,P0008,5,406.62,5,PayPal
T005782,2023-11-13,C00034,P0079,4,433.68,15,Cash
T005783,2023-06-17,C00392,P0015,2,313.07,0,Debit Card
T005784,2024-12-03,C00774,P0031,2,375.04,20,Credit Card
T005785,2024-09-02,C00592,P0021,4,140.82,20,Debit Card
T005786,2023-04-26,C00871,P0001,3,64.55,5,Credit Card
T005787,2024-05-06,C00164,P0011,2,55.45,15,Credit Card
T005788,2023-02-26,C00129,P0072,2,131.84,20,Debit Card
T005789,2024-10-30,C00456,P0060,3,175.66,5,Cash
T005790,2023-02-25,C00293,P0041,5,64.66,20,PayPal
T005791,2024-05-17,C00555,P0095,5,203.94,15,Debit Card
T005792,2024-07-14,C00064,P0019,4,146.21,5,Debit Card
T005793,2023-06-12,C00677,P0089,5,43.58,0,Credit Card
T005794,2023-06-21,C01000,P0054,5,473.96,20,Credit Card
T005795,2023-10-26,C00426,P0034,4,259.67,10,PayPal
T005796,2023-05-21,C00903,P0095,3,203.94,15,Cash
T005797,2023-01-14,C00427,P0073,1,78.69,15,PayPal
T005798,2024-03-26,C00712,P0020,3,89.7,10,Debit Card
T005799,2024-01-06,C00223,P0060,4,175.66,20,Cash
T005800,2024-12-12,C00481,P0033,4,187.38,20,PayPal
T005801,2023-01-15,C00004,P0057,5,108.56,10,Cash
T005802,2023-11-22,C00480,P0062,4,319.24,0,Cash
T005803,2023-03-30,C00927,P0019,5,146.21,20,Cash
T005804,2023-06-06,C00314,P0070,2,330.19,15,Credit Card
T005805,2024-09-05,C00525,P0018,2,429.11,15,Credit Card
T005806,2024-12-25,C00775,P0083,4,334.32,10,Credit Card
T005807,2024-03-24,C00002,P0004,3,216.74,5,Cash
T005808,2023-03-18,C00529,P0083,4,334.32,0,PayPal
T005809,2024-02-01,C00735,P0094,4,338.17,20,Credit Card
T005810,2023-07-26,C00707,P0010,4,115.5,15,PayPal
T005811,2024-04-28,C00859,P0074,3,132.41,0,Debit Card
T005812,2024-04-22,C00537,P0075,2,405.93,0,Debit Card
T005813,2023-09-26,C00571,P0018,3,429.11,5,PayPal
T005814,2024-11-19,C00277,P0088,1,480.78,15,Credit Card
T005815,2023-03-28,C00619,P0074,1,132.41,20,PayPal
T005816,2024-07-23,C00535,P0003,4,372.93,0,Credit Card
T005817,2024-04-27,C00709,P0001,5,64.55,15,Cash
T005818,2023-04-16,C00175,P0047,1,274.3,15,Cash
T005819,2024-10-26,C00742,P0014,1,48.61,15,PayPal
T005820,2023-03-01,C00232,P0037,2,198.54,15,PayPal
T005821,2024-03-29,C00389,P0077,4,484.81,5,PayPal
T005822,2024-02-27,C00686,P0011,1,55.45,10,Credit Card
T005823,2023-04-04,C00949,P0005,5,124.0,0,Credit Card
T005824,2024-11-23,C00053,P0061,1,298.34,15,PayPal
T005825,2023-01-29,C00181,P0093,1,266.16,10,Credit Card
T005826,2023-06-02,C00682,P0045,3,156.24,20,Cash
T005827,2023-06-17,C00781,P0088,2,480.78,20,Debit Card
T005828,2023-02-03,C00013,P0011,2,55.45,20,Cash
T005829,2024-01-09,C00810,P0080,5,195.7,15,PayPal
T005830,2024-10-25,C00691,P0059,3,231.23,5,Cash
T005831,2023-11-26,C00888,P0077,4,484.81,10,PayPal
T005832,2023-06-21,C00155,P0045,4,156.24,20,PayPal
T005833,2024-11-16,C00170,P0084,1,155.39,10,Credit Card
T005834,2024-02-19,C00116,P0037,3,198.54,5,Cash
T005835,2023-10-26,C00964,P0006,3,107.43,0,Debit Card
T005836,2023-09-02,C00960,P0059,5,231.23,5,Cash
T005837,2024-03-09,C00405,P0097,5,14.56,20,Cash
T005838,2024-01-24,C00118,P0069,4,238.84,0,PayPal
T005839,2023-12-18,C00786,P0064,1,146.45,15,PayPal
T005840,2024-09-05,C00048,P0085,3,370.51,20,PayPal
T005841,2024-09-22,C00401,P0093,5,266.16,20,Credit Card
T005842,2023-10-09,C00603,P0035,5,431.94,0,Credit Card
T005843,2023-08-05,C00516,P0044,4,258.76,5,PayPal
T005844,2023-02-16,C00365,P0087,4,460.5,10,PayPal
T005845,2023-12-05,C00579,P0004,5,216.74,20,Cash
T005846,2023-08-03,C00265,P0024,3,142.27,5,PayPal
T005847,2023-05-29,C00755,P0057,5,108.56,0,Credit Card
T005848,2023-04-30,C00709,P0012,1,305.83,20,PayPal
T005849,2024-12-10,C00986,P0010,5,115.5,10,Cash
T005850,2024-11-24,C00919,P0055,5,437.49,20,PayPal
T005851,2024-09-02,C00839,P0029,2,254.62,0,Debit Card
T005852,2024-01-01,C00422,P0074,1,132.41,20,Debit Card
T005853,2023-02-23,C00465,P0085,2,370.51,10,Credit Card
T005854,2023-02-10,C00152,P0020,4,89.7,10,Debit Card
T005855,2023-12-21,C00992,P0079,4,433.68,5,Credit Card
T005856,2023-12-09,C00304,P0043,5,139.06,5,Cash
T005857,2024-07-15,C00736,P0014,5,48.61,5,Credit Card
T005858,2023-10-16,C00996,P0061,3,298.34,20,PayPal
T005859,2024-04-02,C00396,P0040,1,377.93,10,Debit Card
T005860,2024-08-20,C00958,P0032,4,296.45,0,Cash
T005861,2024-07-14,C00699,P0033,4,187.38,5,Credit Card
T005862,2023-09-26,C00081,P0056,4,465.17,5,Cash
T005863,2023-12-11,C00049,P0069,3,238.84,10,Debit Card
T005864,2024-09-28,C00434,P0024,4,142.27,15,Cash
T005865,2024-08-26,C00538,P0070,4,330.19,15,PayPal
T005866,2023-10-28,C00338,P0036,5,398.12,10,Cash
T005867,2023-10-29,C00242,P0009,3,352.09,0,Credit Card
T005868,2024-09-17,C00740,P0018,5,429.11,5,Cash
T005869,2023-01-04,C00337,P0089,5,43.58,15,Debit Card
T005870,2024-12-13,C00341,P0059,1,231.23,20,Debit Card
T005871,2023-09-15,C00918,P0049,2,19.54,20,Credit Card
T005872,2023-04-24,C00861,P0020,3,89.7,20,PayPal
T005873,2023-10-29,C00619,P0062,2,319.24,15,PayPal
T005874,2024-02-21,C00944,P0016,1,104.22,10,Cash
T005875,2024-07-21,C00140,P0052,2,409.85,5,Credit Card
T005876,2024-04-21,C00674,P0004,4,216.74,10,PayPal
T005877,2024-06-14,C00888,P0004,3,216.74,5,Credit Card
T005878,2024-01-23,C00135,P0005,2,124.0,15,PayPal
T005879,2023-09-05,C00055,P0032,2,296.45,15,Debit Card
T005880,2024-10-28,C00769,P0092,4,50.17,0,Cash
T005881,2024-10-12,C00166,P0084,3,155.39,10,Cash
T005882,2023-12-27,C00193,P0054,1,473.96,0,Debit Card
T005883,2024-10-02,C00215,P0010,5,115.5,0,Cash
T005884,2024-07-11,C00571,P0024,4,142.27,20,Credit Card
T005885,2024-02-09,C00080,P0054,3,473.96,10,PayPal
T005886,2024-09-29,C00340,P0066,5,292.34,15,Cash
T005887,2023-08-26,C00444,P0046,3,107.47,10,Credit Card
T005888,2024-06-19,C00170,P0004,5,216.74,20,Debit Card
T005889,2023-12-13,C00078,P0018,2,429.11,20,Cash
T005890,2024-03-19,C00043,P0075,3,405.93,20,PayPal
T005891,2024-02-04,C00945,P0076,5,34.79,20,PayPal
T005892,2023-06-29,C00514,P0069,2,238.84,20,PayPal
T005893,2024-04-04,C00337,P0005,2,124.0,0,Debit Card
T005894,2023-03-23,C00226,P0086,2,38.01,20,Cash
T005895,2023-04-04,C00773,P0094,2,338.17,5,Debit Card
T005896,2023-01-18,C00889,P0027,4,206.57,15,Cash
T005897,2023-10-28,C00807,P0017,4,121.67,15,Cash
T005898,2023-05-20,C00968,P0055,5,437.49,10,Debit Card
T005899,2024-04-27,C00542,P0019,4,146.21,15,Credit Card
T005900,2023-09-07,C00007,P0020,5,89.7,15,Cash
T005901,2024-07-28,C00852,P0029,3,254.62,15,Credit Card
T005902,2023-01-08,C00187,P0053,5,385.26,5,Debit Card
T005903,2023-09-30,C00649,P0082,3,217.27,10,Cash
T005904,2023-09-06,C00913,P0044,4,258.76,5,Debit Card
T005905,2024-10-27,C00880,P0017,4,121.67,15,Credit Card
T005906,2023-02-27,C00339,P0033,2,187.38,10,PayPal
T005907,2024-12-23,C00482,P0075,2,405.93,0,Debit Card
T005908,2024-04-18,C00764,P0029,2,254.62,5,PayPal
T005909,2024-04-03,C00320,P0003,2,372.93,10,Credit Card
T005910,2023-06-06,C00351,P0043,3,139.06,10,Cash
T005911,2024-06-17,C00744,P0078,2,91.49,20,Cash
T005912,2024-04-14,C00040,P0084,3,155.39,0,Credit Card
T005913,2024-03-01,C00995,P0062,5,319.24,20,Credit Card
T005914,2024-01-04,C00432,P0075,3,405.93,15,Cash
T005915,2023-08-27,C00401,P0068,3,332.9,15,Credit Card
T005916,2023-11-01,C00528,P0036,3,398.12,15,Cash
T005917,2023-08-22,C00192,P0027,2,206.57,20,Credit Card
T005918,2024-12-07,C00291,P0021,5,140.82,20,PayPal
T005919,2023-12-27,C00477,P0069,4,238.84,0,Credit Card
T005920,2024-11-06,C00913,P0055,2,437.49,5,PayPal
T005921,2023-11-17,C00861,P0075,5,405.93,10,Debit Card
T005922,2024-03-07,C00033,P0036,4,398.12,15,Credit Card
T005923,2024-10-13,C00609,P0072,3,131.84,5,Credit Card
T005924,2023-03-29,C00967,P0017,1,121.67,5,Debit Card
T005925,2024-08-12,C00030,P0066,1,292.34,5,Cash
T005926,2023-04-04,C00385,P0098,2,498.09,20,Debit Card
T005927,2023-09-11,C00435,P0046,5,107.47,20,Credit Card
T005928,2023-11-25,C00794,P0071,1,207.28,0,Credit Card
T005929,2023-04-30,C00839,P0047,2,274.3,5,Cash
T005930,2023-10-14,C00334,P0026,4,122.23,15,Credit Card
T005931,2023-05-13,C00672,P0082,4,217.27,15,Debit Card
T005932,2024-06-07,C00472,P0099,1,257.88,10,Cash
T005933,2024-01-10,C00442,P0078,5,91.49,10,Cash
T005934,2024-12-14,C00684,P0075,3,405.93,10,Cash
T005935,2023-12-15,C00352,P0073,5,78.69,20,PayPal
T005936,2024-01-12,C00913,P0004,3,216.74,10,Debit Card
T005937,2024-12-05,C00397,P0081,2,463.99,20,Credit Card
T005938,2024-03-29,C00308,P0015,5,313.07,10,PayPal
T005939,2023-03-18,C00230,P0072,5,131.84,10,Debit Card
T005940,2024-12-07,C00135,P0041,3,64.66,5,Credit Card
T005941,2024-04-09,C00793,P0086,5,38.01,20,Debit Card
T005942,2023-03-18,C00666,P0051,3,474.01,0,Credit Card
T005943,2024-09-16,C00727,P0081,2,463.99,0,PayPal
T005944,2024-01-19,C00303,P0063,3,431.22,10,Debit Card
T005945,2023-03-03,C00042,P0027,2,206.57,15,Cash
T005946,2024-09-29,C00475,P0034,2,259.67,0,Debit Card
T005947,2023-11-04,C00194,P0008,3,406.62,5,Debit Card
T005948,2023-04-04,C00756,P0022,3,44.99,10,Credit Card
T005949,2024-12-20,C00597,P0023,2,367.27,15,Debit Card
T005950,2023-10-24,C00856,P0083,1,334.32,20,PayPal
T005951,2023-04-03,C00817,P0023,1,367.27,20,Credit Card
T005952,2024-01-06,C00851,P0092,2,50.17,10,Cash
T005953,2024-08-08,C00597,P0041,5,64.66,0,Credit Card
T005954,2023-10-17,C00623,P0062,3,319.24,0,Debit Card
T005955,2024-11-02,C00926,P0031,2,375.04,10,PayPal
T005956,2024-02-21,C00089,P0002,5,119.37,20,Credit Card
T005957,2023-04-27,C00820,P0027,3,206.57,5,PayPal
T005958,2024-05-29,C00376,P0091,4,130.65,0,Debit Card
T005959,2023-08-08,C00786,P0077,5,484.81,15,Debit Card
T005960,2024-04-17,C00560,P0055,4,437.49,0,Debit Card
T005961,2024-05-20,C00298,P0031,2,375.04,0,Credit Card
T005962,2023-06-04,C00792,P0004,2,216.74,20,Credit Card
T005963,2024-12-13,C00209,P0091,5,130.65,0,Debit Card
T005964,2023-02-10,C00297,P0012,5,305.83,10,Credit Card
T005965,2023-06-16,C00539,P0080,5,195.7,0,Credit Card
T005966,2024-08-15,C00694,P0049,4,19.54,10,PayPal
T005967,2023-06-11,C00120,P0025,5,282.91,0,Credit Card
T005968,2024-06-09,C00072,P0020,2,89.7,5,PayPal
T005969,2024-02-06,C00745,P0072,2,131.84,0,Cash
T005970,2023-06-05,C00779,P0030,4,234.84,15,Cash
T005971,2023-02-25,C00998,P0039,1,343.34,15,Credit Card
T005972,2023-01-12,C00223,P0084,5,155.39,20,Credit Card
T005973,2024-09-25,C00910,P0015,5,313.07,15,PayPal
T005974,2023-02-06,C00833,P0042,1,11.59,0,Debit Card
T005975,2023-07-30,C00024,P0021,2,140.82,10,PayPal
T005976,2024-08-29,C00441,P0048,1,460.06,15,Credit Card
T005977,2023-09-20,C00487,P0067,4,405.67,10,Credit Card
T005978,2024-05-22,C00356,P0059,2,231.23,10,Cash
T005979,2023-06-05,C00078,P0029,4,254.62,5,Credit Card
T005980,2024-02-08,C00856,P0004,2,216.74,15,Credit Card
T005981,2023-04-06,C00996,P0084,1,155.39,10,Cash
T005982,2023-02-01,C00778,P0025,5,282.91,20,Cash
T005983,2023-07-30,C00435,P0008,4,406.62,15,Credit Card
T005984,2023-01-14,C00609,P0045,5,156.24,10,Cash
T005985,2024-09-03,C00407,P0051,5,474.01,5,Debit Card
T005986,2023-09-11,C00707,P0028,4,439.42,0,Credit Card
T005987,2024-05-19,C00761,P0014,3,48.61,20,Credit Card
T005988,2023-01-28,C00508,P0075,1,405.93,10,Credit Card
T005989,2024-07-26,C00203,P0054,2,473.96,5,Debit Card
T005990,2023-11-02,C00865,P0028,1,439.42,15,PayPal
T005991,2024-07-01,C00503,P0100,3,441.62,10,Debit Card
T005992,2024-09-30,C00176,P0084,2,155.39,15,PayPal
T005993,2024-09-06,C00006,P0094,5,338.17,15,Debit Card
T005994,2023-05-26,C00872,P0068,3,332.9,20,Debit Card
T005995,2024-12-03,C00564,P0048,3,460.06,10,PayPal
T005996,2023-11-20,C00217,P0015,5,313.07,0,Cash
T005997,2023-01-25,C00942,P0028,3,439.42,20,Debit Card
T005998,2023-08-29,C00508,P0055,5,437.49,20,Debit Card
T005999,2024-07-14,C00501,P0091,2,130.65,15,Debit Card
T006000,2023-05-29,C00545,P0031,1,375.04,0,PayPal
T006001,2024-12-12,C00422,P0031,3,375.04,15,PayPal
T006002,2024-06-15,C00424,P0040,4,377.93,10,Cash
T006003,2024-05-06,C00273,P0092,1,50.17,15,Debit Card
T006004,2024-05-17,C00091,P0099,2,257.88,0,Cash
T006005,2023-08-22,C00469,P0014,3,48.61,10,Debit Card
T006006,2024-08-11,C00493,P0057,4,108.56,0,Credit Card
T006007,2023-09-24,C00526,P0046,3,107.47,0,Credit Card
T006008,2023-04-24,C00795,P0096,3,234.04,10,Credit Card
T006009,2024-01-14,C00183,P0057,5,108.56,0,PayPal
T006010,2024-12-29,C00720,P0028,4,439.42,0,Credit Card
T006011,2024-02-29,C00391,P0069,1,238.84,0,PayPal
T006012,2024-01-31,C00881,P0004,2,216.74,15,Credit Card
T006013,2023-04-02,C00623,P0067,2,405.67,15,Credit Card
T006014,2023-12-07,C00348,P0044,3,258.76,15,PayPal
T006015,2023-09-22,C00760,P0023,4,367.27,20,Debit Card
T006016,2024-01-24,C00772,P0065,3,74.83,5,Cash
T006017,2024-04-07,C00274,P0012,1,305.83,5,PayPal
T006018,2024-11-23,C00648,P0035,3,431.94,10,PayPal
T006019,2024-08-03,C00691,P0046,4,107.47,15,Credit Card
T006020,2023-01-10,C00008,P0030,1,234.84,0,Cash
T006021,2024-10-20,C00156,P0018,4,429.11,5,Debit Card
T006022,2024-06-19,C00820,P0049,5,19.54,15,PayPal
T006023,2024-12-04,C00708,P0017,1,121.67,15,Debit Card
T006024,2024-02-04,C00238,P0068,5,332.9,10,Credit Card
T006025,2024-08-17,C00858,P0042,4,11.59,0,Debit Card
T006026,2023-09-22,C00800,P0004,5,216.74,20,Credit Card
T006027,2024-02-21,C00941,P0088,3,480.78,0,Credit Card
T006028,2023-03-13,C00422,P0025,3,282.91,0,Debit Card
T006029,2023-10-09,C00644,P0068,3,332.9,20,PayPal
T006030,2023-07-13,C00985,P0096,4,234.04,15,Credit Card
T006031,2023-01-16,C00431,P0089,2,43.58,15,PayPal
T006032,2024-12-30,C00591,P0085,3,370.51,0,PayPal
T006033,2023-07-05,C00978,P0077,3,484.81,10,PayPal
T006034,2024-09-19,C00397,P0096,4,234.04,20,PayPal
T006035,2023-10-28,C00856,P0018,1,429.11,15,PayPal
T006036,2024-03-21,C00487,P0017,3,121.67,5,Credit Card
T006037,2023-01-13,C00425,P0015,1,313.07,15,Debit Card
T006038,2023-10-05,C00473,P0040,5,377.93,10,PayPal
T006039,2024-08-22,C00240,P0024,3,142.27,0,Cash
T006040,2024-12-29,C00565,P0028,2,439.42,5,Cash
T006041,2023-10-13,C00527,P0094,5,338.17,15,Credit Card
T006042,2024-12-04,C00873,P0088,1,480.78,0,Credit Card
T006043,2024-03-31,C00477,P0002,5,119.37,0,Debit Card
T006044,2024-11-30,C00638,P0092,3,50.17,10,Cash
T006045,2024-02-19,C00756,P0010,2,115.5,0,PayPal
T006046,2024-08-02,C00573,P0039,3,343.34,0,PayPal
T006047,2023-06-27,C00723,P0081,2,463.99,10,PayPal
T006048,2023-06-03,C00207,P0070,2,330.19,15,Debit Card
T006049,2024-11-21,C00830,P0069,4,238.84,10,Cash
T006050,2024-11-05,C00588,P0063,5,431.22,0,Debit Card
T006051,2023-02-19,C00425,P0018,3,429.11,15,PayPal
T006052,2024-10-14,C00974,P0059,4,231.23,0,Credit Card
T006053,2023-12-16,C00574,P0067,2,405.67,0,Cash
T006054,2023-02-08,C00912,P0087,5,460.5,20,PayPal
T006055,2023-03-16,C00959,P0093,1,266.16,15,Credit Card
T006056,2023-04-29,C00123,P0054,1,473.96,10,Cash
T006057,2023-09-21,C00391,P0033,1,187.38,0,Debit Card
T006058,2023-03-03,C00591,P0098,4,498.09,10,PayPal
T006059,2023-06-26,C00786,P0094,3,338.17,15,Debit Card
T006060,2024-11-17,C00940,P0067,5,405.67,10,Debit Card
T006061,2023-09-04,C00739,P0064,4,146.45,10,Cash
T006062,2024-04-14,C00058,P0001,4,64.55,20,Credit Card
T006063,2024-10-09,C00349,P0019,2,146.21,5,PayPal
T006064,2023-04-08,C00089,P0021,5,140.82,0,Debit Card
T006065,2023-06-19,C00495,P0052,5,409.85,20,Credit Card
T006066,2024-09-21,C00682,P0053,4,385.26,15,Credit Card
T006067,2023-06-01,C00441,P0070,3,330.19,5,Debit Card
T006068,2024-08-07,C00370,P0083,4,334.32,0,Cash
T006069,2023-11-11,C00777,P0052,5,409.85,5,Credit Card
T006070,2023-01-02,C00194,P0002,4,119.37,0,Credit Card
T006071,2024-04-02,C00831,P0006,2,107.43,15,Credit Card
T006072,2024-06-24,C00525,P0081,4,463.99,15,Debit Card
T006073,2023-06-18,C00511,P0005,1,124.0,20,Debit Card
T006074,2023-10-07,C00278,P0065,5,74.83,5,Cash
T006075,2024-05-18,C00312,P0093,5,266.16,15,Cash
T006076,2024-12-01,C00631,P0023,4,367.27,10,Credit Card
T006077,2024-05-01,C00690,P0037,3,198.54,10,Cash
T006078,2023-11-21,C00137,P0057,4,108.56,15,Cash
T006079,2024-01-05,C00283,P0087,1,460.5,20,Debit Card
T006080,2024-05-29,C00458,P0014,5,48.61,10,Cash
T006081,2024-05-03,C00359,P0074,1,132.41,0,Debit Card
T006082,2023-11-11,C00784,P0043,2,139.06,5,Credit Card
T006083,2023-07-10,C00999,P0056,2,465.17,15,Debit Card
T006084,2023-03-01,C00129,P0028,4,439.42,10,PayPal
T006085,2023-06-25,C00976,P0048,4,460.06,5,Debit Card
T006086,2023-01-11,C00933,P0079,1,433.68,15,PayPal
T006087,2023-02-10,C00391,P0094,2,338.17,10,Credit Card
T006088,2024-03-19,C00352,P0066,2,292.34,5,PayPal
T006089,2024-04-21,C00763,P0052,4,409.85,10,Credit Card
T006090,2023-05-09,C00726,P0044,5,258.76,5,Cash
T006091,2024-10-10,C00608,P0074,1,132.41,0,PayPal
T006092,2023-08-03,C00741,P0052,4,409.85,20,Debit Card
T006093,2023-07-18,C00505,P0018,4,429.11,5,Debit Card
T006094,2023-09-22,C00154,P0017,5,121.67,10,Cash
T006095,2023-06-13,C00970,P0099,5,257.88,5,Cash
T006096,2023-05-24,C00510,P0029,2,254.62,5,PayPal
T006097,2024-08-16,C00105,P0027,1,206.57,5,Debit Card
T006098,2024-04-27,C00751,P0099,1,257.88,0,PayPal
T006099,2023-05-26,C00213,P0084,3,155.39,0,Debit Card
T006100,2024-04-01,C00274,P0002,2,119.37,5,Debit Card
T006101,2023-07-21,C00127,P0088,5,480.78,20,Debit Card
T006102,2024-06-30,C00376,P0036,4,398.12,0,Debit Card
T006103,2024-01-04,C00499,P0083,5,334.32,0,PayPal
T006104,2024-04-20,C00451,P0029,1,254.62,20,PayPal
T006105,2024-12-04,C00117,P0087,4,460.5,15,Cash
T006106,2024-07-07,C00916,P0003,4,372.93,10,PayPal
T006107,2024-12-23,C00315,P0046,3,107.47,5,Credit Card
T006108,2024-01-12,C00682,P0063,5,431.22,5,Cash
T006109,2024-09-27,C00162,P0086,4,38.01,10,Credit Card
T006110,2023-11-27,C00731,P0027,2,206.57,15,Debit Card
T006111,2024-10-25,C00439,P0078,5,91.49,20,PayPal
T006112,2024-09-23,C00270,P0027,2,206.57,20,Debit Card
T006113,2024-10-12,C00039,P0074,2,132.41,20,Cash
T006114,2024-09-20,C00480,P0078,5,91.49,5,Debit Card
T006115,2023-03-24,C00382,P0089,1,43.58,5,Debit Card
T006116,2023-04-07,C00523,P0077,3,484.81,20,Cash
T006117,2023-12-20,C00799,P0047,1,274.3,0,Debit Card
T006118,2023-12-06,C00406,P0002,4,119.37,15,Cash
T006119,2024-10-15,C00786,P0086,1,38.01,15,Cash
T006120,2023-08-17,C00507,P0039,4,343.34,15,Credit Card
T006121,2023-11-01,C00591,P0073,5,78.69,15,Debit Card
T006122,2023-05-26,C00598,P0072,3,131.84,20,Credit Card
T006123,2023-01-01,C00541,P0030,3,234.84,5,PayPal
T006124,2023-05-31,C00391,P0061,2,298.34,5,Credit Card
T006125,2023-11-30,C00580,P0046,4,107.47,5,Cash
T006126,2023-10-30,C00587,P0027,4,206.57,5,PayPal
T006127,2024-09-21,C00939,P0044,5,258.76,10,Credit Card
T006128,2023-07-25,C00577,P0072,3,131.84,10,PayPal
T006129,2024-02-29,C00446,P0047,3,274.3,5,Credit Card
T006130,2024-04-26,C00526,P0008,4,406.62,5,Credit Card
T006131,2023-02-24,C00757,P0020,1,89.7,0,Debit Card
T006132,2024-04-23,C00390,P0027,4,206.57,5,Debit Card
T006133,2023-12-26,C00400,P0095,4,203.94,5,Debit Card
T006134,2023-06-24,C00210,P0094,3,338.17,20,Cash
T006135,2023-10-02,C00219,P0073,5,78.69,0,Cash
T006136,2024-11-14,C00006,P0051,1,474.01,20,Credit Card
T006137,2023-02-04,C00011,P0078,3,91.49,20,Cash
T006138,2024-02-10,C00994,P0093,1,266.16,15,Debit Card
T006139,2023-06-07,C00317,P0053,3,385.26,15,Debit Card
T006140,2024-11-11,C00527,P0061,3,298.34,20,PayPal
T006141,2024-10-07,C00094,P0036,4,398.12,15,Credit Card
T006142,2024-09-23,C00024,P0086,5,38.01,5,Cash
T006143,2023-04-10,C00300,P0054,3,473.96,20,Credit Card
T006144,2023-01-15,C00359,P0037,4,198.54,5,PayPal
T006145,2024-03-04,C00985,P0056,5,465.17,10,PayPal
T006146,2024-05-20,C00706,P0028,2,439.42,20,Cash
T006147,2024-07-16,C00763,P0008,3,406.62,5,Credit Card
T006148,2024-11-06,C00399,P0043,4,139.06,10,Credit Card
T006149,2024-07-20,C00454,P0025,5,282.91,10,Cash
T006150,2024-03-29,C00608,P0012,5,305.83,20,Debit Card
T006151,2024-03-31,C00252,P0036,3,398.12,10,Credit Card
T006152,2024-09-12,C00521,P0052,3,409.85,20,Debit Card
T006153,2024-05-30,C00405,P0006,2,107.43,10,Credit Card
T006154,2023-06-03,C00047,P0031,5,375.04,20,Cash
T006155,2023-10-15,C00822,P0051,5,474.01,5,PayPal
T006156,2023-08-16,C00794,P0039,2,343.34,10,PayPal
T006157,2024-06-25,C00610,P0052,3,409.85,5,Credit Card
T006158,2023-07-11,C00703,P0014,3,48.61,15,Credit Card
T006159,2023-08-29,C00463,P0065,1,74.83,0,Credit Card
T006160,2023-08-03,C00889,P0043,3,139.06,15,PayPal
T006161,2024-01-26,C00001,P0055,3,437.49,20,Credit Card
T006162,2023-08-06,C00413,P0062,3,319.24,15,PayPal
T006163,2024-04-15,C00753,P0056,5,465.17,0,Credit Card
T006164,2024-03-12,C00191,P0011,2,55.45,0,PayPal
T006165,2023-02-15,C00244,P0097,5,14.56,15,PayPal
T006166,2023-12-26,C00808,P0071,4,207.28,20,Credit Card
T006167,2024-10-15,C00925,P0073,1,78.69,0,PayPal
T006168,2023-05-06,C00534,P0041,5,64.66,5,Debit Card
T006169,2023-08-10,C00135,P0048,5,460.06,15,Cash
T006170,2023-01-02,C00835,P0013,2,235.12,20,PayPal
T006171,2023-11-20,C00001,P0096,1,234.04,5,PayPal
T006172,2024-05-08,C00809,P0025,5,282.91,0,Credit Card
T006173,2023-02-01,C00189,P0009,3,352.09,10,Cash
T006174,2023-04-07,C00095,P0070,3,330.19,20,Credit Card
T006175,2024-01-30,C00937,P0096,1,234.04,20,PayPal
T006176,2024-09-14,C00790,P0073,5,78.69,0,Debit Card
T006177,2024-02-15,C00804,P0081,3,463.99,0,PayPal
T006178,2023-12-11,C00590,P0016,1,104.22,20,Debit Card
T006179,2024-08-13,C00546,P0053,4,385.26,0,Cash
T006180,2024-11-07,C00079,P0064,4,146.45,0,Credit Card
T006181,2024-10-19,C00625,P0040,2,377.93,20,Debit Card
T006182,2024-12-25,C00770,P0021,5,140.82,10,Credit Card
T006183,2024-05-17,C00104,P0090,5,207.85,15,Credit Card
T006184,2023-06-07,C00226,P0076,2,34.79,5,Credit Card
T006185,2023-07-19,C00591,P0036,3,398.12,5,Debit Card
T006186,2023-02-13,C00893,P0073,3,78.69,0,Credit Card
T006187,2023-08-07,C00894,P0062,1,319.24,15,Cash
T006188,2024-01-07,C00570,P0067,3,405.67,15,Debit Card
T006189,2024-04-04,C00554,P0033,1,187.38,15,Cash
T006190,2023-04-19,C00708,P0009,2,352.09,15,Debit Card
T006191,2023-02-03,C00236,P0084,1,155.39,15,PayPal
T006192,2023-03-17,C00326,P0055,4,437.49,0,Debit Card
T006193,2023-04-23,C00568,P0016,4,104.22,0,Credit Card
T006194,2024-07-09,C00921,P0011,1,55.45,5,Debit Card
T006195,2024-11-26,C00865,P0079,5,433.68,5,Debit Card
T006196,2023-03-02,C00333,P0024,3,142.27,20,Cash
T006197,2024-08-17,C00938,P0093,2,266.16,0,Cash
T006198,2023-06-04,C00118,P0029,3,254.62,10,Cash
T006199,2024-07-22,C00705,P0085,5,370.51,20,Credit Card
T006200,2023-01-21,C00721,P0075,4,405.93,0,Cash
T006201,2024-07-14,C00991,P0007,3,215.56,10,Credit Card
T006202,2023-12-19,C00092,P0021,1,140.82,5,Credit Card
T006203,2023-08-11,C00007,P0055,5,437.49,0,Cash
T006204,2023-10-08,C00106,P0100,5,441.62,0,PayPal
T006205,2023-09-19,C00816,P0096,4,234.04,0,Credit Card
T006206,2024-12-09,C00512,P0079,1,433.68,10,Credit Card
T006207,2024-07-19,C00280,P0031,4,375.04,20,PayPal
T006208,2023-09-27,C00580,P0036,3,398.12,0,Cash
T006209,2023-01-12,C00697,P0076,3,34.79,20,Credit Card
T006210,2024-02-28,C00709,P0017,4,121.67,10,PayPal
T006211,2024-02-12,C00609,P0056,5,465.17,5,PayPal
T006212,2024-08-08,C00042,P0084,4,155.39,10,Debit Card
T006213,2024-09-14,C00081,P0036,3,398.12,5,Credit Card
T006214,2023-10-25,C00368,P0080,4,195.7,15,Cash
T006215,2023-07-03,C00869,P0041,2,64.66,20,PayPal
T006216,2024-04-10,C00771,P0052,4,409.85,20,Credit Card
T006217,2024-09-06,C00200,P0045,1,156.24,0,Cash
T006218,2023-10-20,C00143,P0064,5,146.45,15,Credit Card
T006219,2024-04-25,C00689,P0038,4,269.27,20,PayPal
T006220,2024-08-19,C00138,P0002,4,119.37,5,Cash
T006221,2024-02-02,C00124,P0011,4,55.45,15,Debit Card
T006222,2024-07-07,C00446,P0052,1,409.85,5,PayPal
T006223,2024-09-03,C00131,P0067,3,405.67,15,Cash
T006224,2024-05-09,C00048,P0084,1,155.39,15,PayPal
T006225,2024-01-23,C00860,P0021,4,140.82,15,PayPal
T006226,2023-02-15,C00065,P0021,3,140.82,15,Debit Card
T006227,2023-07-31,C00735,P0012,2,305.83,10,Debit Card
T006228,2023-10-08,C00985,P0023,2,367.27,10,Debit Card
T006229,2023-12-16,C00400,P0096,1,234.04,0,PayPal
T006230,2024-06-19,C00317,P0080,5,195.7,15,Credit Card
T006231,2024-04-08,C00111,P0024,3,142.27,0,PayPal
T006232,2023-06-03,C00641,P0002,3,119.37,5,PayPal
T006233,2023-07-23,C00090,P0099,2,257.88,0,PayPal
T006234,2024-01-16,C00018,P0053,3,385.26,20,Debit Card
T006235,2023-10-23,C00153,P0085,2,370.51,5,Debit Card
T006236,2024-12-29,C00007,P0016,5,104.22,0,Debit Card
T006237,2024-08-15,C00939,P0035,3,431.94,5,Credit Card
T006238,2023-10-11,C00657,P0090,1,207.85,10,Credit Card
T006239,2024-07-05,C00525,P0063,2,431.22,10,Debit Card
T006240,2024-11-28,C00477,P0082,4,217.27,20,Debit Card
T006241,2024-12-06,C00047,P0039,2,343.34,0,Credit Card
T006242,2024-03-13,C00151,P0068,2,332.9,0,Debit Card
T006243,2024-05-18,C00963,P0080,5,195.7,20,Credit Card
T006244,2024-05-29,C00669,P0014,1,48.61,0,Cash
T006245,2023-06-04,C00167,P0040,4,377.93,10,Cash
T006246,2024-06-15,C00632,P0099,4,257.88,5,PayPal
T006247,2024-01-06,C00485,P0065,4,74.83,10,PayPal
T006248,2023-05-11,C00219,P0054,3,473.96,20,Debit Card
T006249,2023-07-20,C00776,P0096,4,234.04,5,PayPal
T006250,2023-11-15,C00766,P0038,2,269.27,5,PayPal
T006251,2023-07-27,C00120,P0042,1,11.59,15,Debit Card
T006252,2024-07-20,C00340,P0004,1,216.74,5,PayPal
T006253,2023-12-11,C00236,P0047,5,274.3,20,Debit Card
T006254,2024-06-07,C00163,P0061,1,298.34,10,Cash
T006255,2024-02-11,C00446,P0061,4,298.34,15,Credit Card
T006256,2024-06-29,C00554,P0017,5,121.67,15,PayPal
T006257,2023-11-25,C00714,P0091,5,130.65,15,Credit Card
T006258,2024-11-12,C00057,P0017,4,121.67,10,Debit Card
T006259,2023-03-15,C00863,P0088,2,480.78,15,PayPal
T006260,2024-09-10,C00106,P0025,3,282.91,5,Cash
T006261,2023-05-12,C00673,P0013,1,235.12,15,PayPal
T006262,2024-12-29,C00264,P0011,3,55.45,5,Credit Card
T006263,2024-10-12,C00016,P0016,4,104.22,0,PayPal
T006264,2023-10-21,C00146,P0046,5,107.47,20,Cash
T006265,2023-11-10,C00725,P0046,4,107.47,10,PayPal
T006266,2023-07-29,C00071,P0028,5,439.42,20,Cash
T006267,2023-04-10,C00700,P0016,3,104.22,5,Debit Card
T006268,2023-09-06,C00805,P0036,5,398.12,15,Debit Card
T006269,2024-09-29,C00863,P0056,5,465.17,15,Credit Card
T006270,2023-04-05,C00769,P0004,1,216.74,5,PayPal
T006271,2023-08-20,C00309,P0038,5,269.27,20,Cash
T006272,2024-01-09,C00729,P0095,5,203.94,10,Cash
T006273,2024-10-03,C00752,P0009,5,352.09,20,Credit Card
T006274,2024-05-02,C00414,P0066,1,292.34,5,Credit Card
T006275,2024-01-11,C00605,P0074,2,132.41,15,PayPal
T006276,2023-08-11,C00448,P0059,2,231.23,20,Debit Card
T006277,2024-05-17,C00598,P0037,1,198.54,5,Debit Card
T006278,2023-05-01,C00172,P0021,2,140.82,5,PayPal
T006279,2023-09-28,C00042,P0072,4,131.84,0,PayPal
T006280,2024-04-06,C00703,P0027,1,206.57,10,Debit Card
T006281,2024-02-10,C00475,P0072,3,131.84,15,Cash
T006282,2024-05-23,C00007,P0033,4,187.38,0,Debit Card
T006283,2024-02-17,C00421,P0050,3,127.33,15,Credit Card
T006284,2023-01-04,C00991,P0087,4,460.5,15,Debit Card
T006285,2023-06-15,C00873,P0071,2,207.28,0,Debit Card
T006286,2024-12-04,C00552,P0083,2,334.32,0,Debit Card
T006287,2024-05-30,C00886,P0054,5,473.96,5,Cash
T006288,2024-07-22,C00781,P0034,4,259.67,5,Cash
T006289,2023-09-25,C00810,P0091,2,130.65,20,Debit Card
T006290,2023-07-22,C00929,P0002,3,119.37,10,Cash
T006291,2024-08-06,C00679,P0022,1,44.99,15,Cash
T006292,2024-11-06,C00034,P0051,3,474.01,20,PayPal
T006293,2023-08-26,C00187,P0013,2,235.12,10,PayPal
T006294,2023-07-30,C00534,P0044,3,258.76,20,Credit Card
T006295,2023-04-26,C00674,P0067,3,405.67,15,PayPal
T006296,2023-04-11,C00991,P0020,3,89.7,5,Credit Card
T006297,2023-01-30,C00768,P0050,2,127.33,15,Credit Card
T006298,2024-04-30,C00725,P0097,1,14.56,10,Debit Card
T006299,2024-01-21,C00641,P0033,5,187.38,0,Credit Card
T006300,2024-12-06,C00745,P0053,3,385.26,20,PayPal
T006301,2024-01-06,C00840,P0095,5,203.94,10,PayPal
T006302,2023-06-20,C00638,P0010,2,115.5,15,Debit Card
T006303,2023-04-17,C00782,P0027,4,206.57,5,Cash
T006304,2023-12-11,C00509,P0074,2,132.41,15,Cash
T006305,2024-04-17,C00533,P0055,4,437.49,15,Cash
T006306,2024-01-10,C00215,P0073,3,78.69,20,Cash
T006307,2023-03-15,C00854,P0027,3,206.57,0,Cash
T006308,2023-09-21,C00075,P0077,5,484.81,10,Debit Card
T006309,2024-07-22,C00983,P0004,5,216.74,20,PayPal
T006310,2023-07-03,C00806,P0056,4,465.17,5,Debit Card
T006311,2023-07-25,C00622,P0078,1,91.49,15,Cash
T006312,2023-04-28,C00887,P0047,1,274.3,0,Credit Card
T006313,2023-03-18,C00230,P0011,5,55.45,0,PayPal
T006314,2023-11-12,C00991,P0068,1,332.9,10,PayPal
T006315,2023-07-07,C00204,P0096,4,234.04,10,Cash
T006316,2024-09-25,C00777,P0021,1,140.82,10,Credit Card
T006317,2023-03-31,C00885,P0001,5,64.55,15,Credit Card
T006318,2024-01-29,C00839,P0100,3,441.62,15,Credit Card
T006319,2023-11-16,C00820,P0081,5,463.99,20,Credit Card
T006320,2023-12-17,C00230,P0062,5,319.24,0,Cash
T006321,2024-04-10,C00962,P0079,5,433.68,15,Cash
T006322,2024-11-13,C00397,P0030,4,234.84,5,Credit Card
T006323,2024-08-21,C00404,P0087,1,460.5,0,Debit Card
T006324,2023-07-18,C00186,P0059,4,231.23,10,Debit Card
T006325,2024-11-21,C00059,P0023,3,367.27,20,Cash
T006326,2024-08-04,C00450,P0073,2,78.69,10,PayPal
T006327,2024-09-27,C00107,P0061,3,298.34,10,Cash
T006328,2024-09-24,C00161,P0026,4,122.23,15,Credit Card
T006329,2023-05-02,C00698,P0015,3,313.07,10,Credit Card
T006330,2024-04-22,C00512,P0087,2,460.5,5,Cash
T006331,2023-01-05,C00435,P0076,5,34.79,10,Cash
T006332,2024-06-04,C00705,P0071,5,207.28,20,Cash
T006333,2023-03-06,C00951,P0005,5,124.0,10,Cash
T006334,2023-07-25,C00513,P0045,4,156.24,15,PayPal
T006335,2023-08-06,C00938,P0090,2,207.85,15,PayPal
T006336,2023-10-06,C00053,P0064,2,146.45,15,Debit Card
T006337,2023-06-03,C00406,P0063,4,431.22,15,PayPal
T006338,2024-08-31,C00828,P0051,3,474.01,10,Cash
T006339,2024-11-02,C00397,P0095,4,203.94,20,PayPal
T006340,2024-08-20,C00272,P0082,4,217.27,0,PayPal
T006341,2023-12-29,C00829,P0081,2,463.99,10,Cash
T006342,2023-09-16,C00664,P0041,1,64.66,5,PayPal
T006343,2023-01-25,C00374,P0100,2,441.62,15,Cash
T006344,2023-06-23,C00663,P0077,1,484.81,20,PayPal
T006345,2024-11-26,C00537,P0096,5,234.04,15,PayPal
T006346,2023-08-21,C00639,P0083,3,334.32,10,Credit Card
T006347,2023-08-31,C00825,P0057,3,108.56,10,Credit Card
T006348,2024-05-08,C00008,P0068,3,332.9,5,Debit Card
T006349,2023-07-23,C00547,P0094,3,338.17,15,Debit Card
T006350,2023-07-11,C00622,P0093,1,266.16,5,Cash
T006351,2024-09-07,C00311,P0049,5,19.54,0,PayPal
T006352,2023-01-30,C00227,P0061,4,298.34,5,Credit Card
T006353,2023-10-09,C00361,P0012,1,305.83,15,Debit Card
T006354,2023-06-30,C00264,P0091,1,130.65,10,Credit Card
T006355,2023-02-16,C00901,P0095,2,203.94,15,PayPal
T006356,2024-06-12,C00891,P0030,5,234.84,15,Cash
T006357,2023-07-30,C00913,P0026,3,122.23,15,Cash
T006358,2023-10-15,C00438,P0083,3,334.32,15,Cash
T006359,2023-02-08,C00224,P0032,2,296.45,15,Debit Card
T006360,2024-08-07,C00486,P0080,3,195.7,0,PayPal
T006361,2024-08-31,C00802,P0019,1,146.21,20,PayPal
T006362,2023-03-13,C00899,P0007,1,215.56,0,Debit Card
T006363,2024-10-05,C00447,P0063,1,431.22,15,Credit Card
T006364,2024-11-29,C00336,P0077,1,484.81,15,PayPal
T006365,2024-06-14,C00607,P0034,4,259.67,15,Cash
T006366,2023-07-27,C00202,P0067,2,405.67,0,Cash
T006367,2023-03-31,C00258,P0034,2,259.67,10,Cash
T006368,2024-11-02,C00277,P0048,4,460.06,20,Debit Card
T006369,2023-12-16,C00969,P0003,3,372.93,5,Cash
T006370,2023-02-02,C00779,P0024,4,142.27,0,Cash
T006371,2024-06-24,C00343,P0061,4,298.34,15,Credit Card
T006372,2024-05-07,C00652,P0011,5,55.45,0,Debit Card
T006373,2024-09-06,C00245,P0024,4,142.27,0,Debit Card
T006374,2024-08-06,C00131,P0015,2,313.07,15,Cash
T006375,2023-09-17,C00613,P0047,5,274.3,20,PayPal
T006376,2024-11-19,C00717,P0014,2,48.61,5,Cash
T006377,2024-02-26,C00457,P0065,1,74.83,10,Credit Card
T006378,2024-05-16,C00068,P0075,1,405.93,15,PayPal
T006379,2023-05-02,C00839,P0004,4,216.74,10,Credit Card
T006380,2024-05-22,C00989,P0005,4,124.0,20,Debit Card
T006381,2024-07-04,C00661,P0088,3,480.78,15,PayPal
T006382,2024-06-08,C00825,P0026,1,122.23,5,PayPal
T006383,2024-06-13,C00360,P0099,4,257.88,5,Cash
T006384,2023-12-03,C00292,P0085,1,370.51,10,PayPal
T006385,2024-09-27,C00491,P0017,2,121.67,20,Credit Card
T006386,2024-09-21,C00194,P0002,1,119.37,15,Debit Card
T006387,2024-11-10,C00823,P0050,3,127.33,5,Credit Card
T006388,2024-03-14,C00763,P0064,5,146.45,10,PayPal
T006389,2023-09-25,C00911,P0035,1,431.94,20,PayPal
T006390,2024-08-24,C00025,P0028,2,439.42,5,Credit Card
T006391,2024-04-17,C00909,P0081,3,463.99,15,Credit Card
T006392,2024-12-31,C00159,P0044,4,258.76,20,Credit Card
T006393,2023-05-08,C00371,P0096,2,234.04,5,Credit Card
T006394,2023-05-14,C00971,P0078,5,91.49,20,Cash
T006395,2024-01-26,C00225,P0026,1,122.23,20,Debit Card
T006396,2023-09-09,C00871,P0046,4,107.47,10,PayPal
T006397,2023-01-04,C00031,P0032,4,296.45,20,Credit Card
T006398,2023-12-28,C00825,P0036,1,398.12,5,Cash
T006399,2023-08-02,C00027,P0021,1,140.82,5,PayPal
T006400,2023-08-09,C00572,P0012,3,305.83,0,Credit Card
T006401,2023-10-27,C00206,P0017,1,121.67,20,Debit Card
T006402,2024-12-17,C00777,P0005,4,124.0,20,Debit Card
T006403,2023-02-26,C00542,P0039,1,343.34,0,Debit Card
T006404,2023-02-27,C00305,P0045,5,156.24,10,Cash
T006405,2023-08-11,C00368,P0067,4,405.67,15,Cash
T006406,2023-07-29,C00831,P0076,5,34.79,5,PayPal
T006407,2023-12-04,C00697,P0082,3,217.27,5,Credit Card
T006408,2024-01-19,C00549,P0011,2,55.45,15,Debit Card
T006409,2024-11-25,C00784,P0025,5,282.91,5,Cash
T006410,2023-10-09,C00601,P0017,3,121.67,0,PayPal
T006411,2023-07-09,C00374,P0047,4,274.3,15,Credit Card
T006412,2023-12-11,C00606,P0044,1,258.76,5,Credit Card
T006413,2024-06-09,C00589,P0016,4,104.22,20,PayPal
T006414,2023-11-07,C00760,P0034,5,259.67,15,Cash
T006415,2023-04-16,C00819,P0087,3,460.5,0,PayPal
T006416,2024-06-08,C00289,P0071,5,207.28,0,PayPal
T006417,2023-02-01,C00586,P0066,2,292.34,10,PayPal
T006418,2024-02-21,C00298,P0092,1,50.17,5,PayPal
T006419,2023-01-28,C00956,P0057,4,108.56,20,PayPal
T006420,2023-12-21,C00616,P0046,2,107.47,10,PayPal
T006421,2024-06-04,C00080,P0066,1,292.34,20,Debit Card
T006422,2024-11-10,C00458,P0020,4,89.7,10,PayPal
T006423,2024-04-02,C00857,P0099,4,257.88,15,Cash
T006424,2023-10-06,C00589,P0048,2,460.06,10,PayPal
T006425,2024-12-26,C00130,P0016,2,104.22,20,Cash
T006426,2023-06-01,C00755,P0037,5,198.54,5,Cash
T006427,2024-09-02,C00631,P0061,1,298.34,0,Cash
T006428,2023-03-05,C00292,P0091,3,130.65,10,PayPal
T006429,2024-07-14,C00583,P0040,4,377.93,15,PayPal
T006430,2023-04-19,C00437,P0056,2,465.17,5,PayPal
T006431,2024-03-07,C00866,P0085,4,370.51,0,Debit Card
T006432,2023-12-04,C00601,P0047,2,274.3,10,Credit Card
T006433,2023-06-22,C00462,P0100,4,441.62,15,PayPal
T006434,2024-10-01,C00811,P0094,1,338.17,15,PayPal
T006435,2023-05-07,C00934,P0020,2,89.7,15,Debit Card
T006436,2024-11-26,C00407,P0062,3,319.24,5,Credit Card
T006437,2023-10-17,C00972,P0048,1,460.06,5,PayPal
T006438,2023-04-16,C00929,P0064,1,146.45,0,PayPal
T006439,2023-10-17,C00345,P0047,5,274.3,5,PayPal
T006440,2023-12-28,C00638,P0046,3,107.47,10,Cash
T006441,2023-07-11,C00435,P0016,5,104.22,5,Debit Card
T006442,2024-01-17,C00496,P0085,4,370.51,15,Credit Card
T006443,2024-07-27,C00365,P0079,1,433.68,10,Credit Card
T006444,2023-01-31,C00428,P0065,1,74.83,10,Debit Card
T006445,2023-03-23,C00091,P0061,3,298.34,10,Cash
T006446,2024-07-26,C00785,P0042,2,11.59,0,Cash
T006447,2024-08-20,C00229,P0030,4,234.84,20,Cash
T006448,2023-02-17,C00961,P0100,5,441.62,5,Credit Card
T006449,2024-11-15,C00431,P0088,1,480.78,20,PayPal
T006450,2024-10-23,C00026,P0087,1,460.5,0,PayPal
T006451,2024-01-16,C00566,P0098,2,498.09,20,Credit Card
T006452,2023-04-06,C00379,P0014,2,48.61,5,Credit Card
T006453,2023-06-15,C00292,P0052,1,409.85,0,Debit Card
T006454,2024-12-03,C00752,P0087,2,460.5,5,Cash
T006455,2023-09-06,C00602,P0064,1,146.45,5,Credit Card
T006456,2024-11-12,C00911,P0086,2,38.01,20,Cash
T006457,2024-06-15,C00967,P0022,1,44.99,20,Debit Card
T006458,2024-06-24,C00291,P0039,4,343.34,20,Credit Card
T006459,2024-02-27,C00464,P0099,4,257.88,15,Debit Card
T006460,2023-10-07,C00757,P0018,1,429.11,20,Debit Card
T006461,2023-11-03,C00717,P0066,1,292.34,5,PayPal
T006462,2023-07-10,C00785,P0096,4,234.04,15,PayPal
T006463,2024-05-07,C00153,P0036,4,398.12,10,PayPal
T006464,2023-01-31,C00475,P0033,5,187.38,5,Debit Card
T006465,2024-05-21,C00841,P0077,4,484.81,15,Debit Card
T006466,2024-03-28,C00804,P0077,3,484.81,20,Credit Card
T006467,2024-11-30,C00563,P0089,4,43.58,15,PayPal
T006468,2023-10-07,C00581,P0079,2,433.68,10,Cash
T006469,2024-06-23,C00680,P0058,1,328.44,10,PayPal
T006470,2024-01-29,C00223,P0079,5,433.68,20,PayPal
T006471,2023-09-13,C00830,P0012,3,305.83,10,Cash
T006472,2024-02-18,C00670,P0040,2,377.93,5,PayPal
T006473,2023-01-11,C00642,P0020,4,89.7,20,Credit Card
T006474,2024-07-22,C00825,P0073,4,78.69,10,Cash
T006475,2024-02-04,C00684,P0054,5,473.96,0,Credit Card
T006476,2024-11-08,C00187,P0069,2,238.84,20,Debit Card
T006477,2023-09-06,C00791,P0086,2,38.01,10,Cash
T006478,2024-07-27,C00141,P0063,2,431.22,0,Debit Card
T006479,2024-04-23,C00236,P0027,4,206.57,20,PayPal
T006480,2023-02-24,C00692,P0050,1,127.33,5,Cash
T006481,2024-05-18,C00724,P0039,5,343.34,10,Cash
T006482,2024-05-28,C00053,P0032,3,296.45,10,PayPal
T006483,2024-08-21,C00703,P0050,3,127.33,15,Cash
T006484,2024-10-29,C00939,P0086,3,38.01,15,Cash
T006485,2024-07-29,C00003,P0087,1,460.5,10,PayPal
T006486,2023-03-10,C00135,P0095,4,203.94,15,Cash
T006487,2023-09-25,C00262,P0082,5,217.27,10,Debit Card
T006488,2024-02-29,C00170,P0029,4,254.62,0,PayPal
T006489,2024-02-25,C00262,P0014,4,48.61,10,Debit Card
T006490,2023-09-15,C00182,P0033,1,187.38,0,PayPal
T006491,2023-06-04,C00702,P0012,5,305.83,15,Cash
T006492,2023-09-14,C00733,P0059,1,231.23,10,Debit Card
T006493,2023-02-21,C00334,P0032,1,296.45,20,Credit Card
T006494,2024-08-08,C00356,P0068,1,332.9,10,Cash
T006495,2024-01-19,C00104,P0081,2,463.99,5,PayPal
T006496,2024-07-14,C00051,P0041,5,64.66,0,PayPal
T006497,2023-07-12,C00853,P0024,2,142.27,20,Cash
T006498,2024-03-09,C00728,P0053,2,385.26,5,Cash
T006499,2024-11-18,C00709,P0076,1,34.79,10,Debit Card
T006500,2023-08-01,C00562,P0027,1,206.57,0,Cash
T006501,2023-02-11,C00820,P0096,5,234.04,20,Credit Card
T006502,2024-05-17,C00040,P0006,3,107.43,5,Debit Card
T006503,2024-09-09,C00542,P0011,3,55.45,10,Cash
T006504,2024-11-01,C00854,P0100,3,441.62,20,Cash
T006505,2024-01-06,C00613,P0080,1,195.7,10,Debit Card
T006506,2024-04-29,C00721,P0003,2,372.93,10,Cash
T006507,2023-04-08,C00822,P0015,3,313.07,5,PayPal
T006508,2024-05-30,C00046,P0025,3,282.91,0,Cash
T006509,2024-05-05,C00919,P0094,3,338.17,0,Debit Card
T006510,2023-02-11,C00079,P0055,1,437.49,20,Debit Card
T006511,2023-05-24,C00412,P0014,5,48.61,20,Cash
T006512,2023-10-22,C00823,P0044,2,258.76,15,Credit Card
T006513,2023-10-17,C00245,P0058,2,328.44,0,PayPal
T006514,2023-09-09,C00625,P0011,2,55.45,15,PayPal
T006515,2023-09-12,C00184,P0012,4,305.83,15,Cash
T006516,2023-12-26,C00877,P0051,1,474.01,5,Debit Card
T006517,2023-07-26,C00089,P0052,4,409.85,10,PayPal
T006518,2024-06-06,C00429,P0003,2,372.93,10,Cash
T006519,2023-11-30,C00347,P0043,2,139.06,15,Cash
T006520,2023-05-23,C00691,P0007,2,215.56,15,Cash
T006521,2023-02-28,C00466,P0019,3,146.21,0,Credit Card
T006522,2023-01-08,C00926,P0046,4,107.47,20,Cash
T006523,2023-02-12,C00593,P0055,1,437.49,10,Cash
T006524,2023-03-19,C00073,P0099,2,257.88,0,Credit Card
T006525,2024-01-28,C00891,P0059,5,231.23,5,Debit Card
T006526,2023-09-04,C00819,P0047,2,274.3,20,Debit Card
T006527,2024-12-13,C00018,P0030,3,234.84,10,PayPal
T006528,2024-08-19,C00328,P0090,1,207.85,15,PayPal
T006529,2024-04-29,C00918,P0008,4,406.62,20,PayPal
T006530,2023-07-12,C00882,P0019,1,146.21,20,Debit Card
T006531,2023-02-02,C00278,P0019,2,146.21,15,PayPal
T006532,2024-02-27,C00542,P0096,3,234.04,10,Credit Card
T006533,2024-08-10,C00147,P0004,1,216.74,10,Credit Card
T006534,2024-10-30,C00331,P0009,3,352.09,20,Credit Card
T006535,2023-11-20,C00052,P0013,5,235.12,5,Debit Card
T006536,2023-10-19,C00794,P0051,3,474.01,5,Debit Card
T006537,2024-03-02,C00783,P0026,2,122.23,0,PayPal
T006538,2024-05-08,C00791,P0091,3,130.65,10,Debit Card
T006539,2024-04-21,C00892,P0090,1,207.85,0,PayPal
T006540,2023-05-03,C00790,P0052,3,409.85,5,Cash
T006541,2024-04-04,C00656,P0005,2,124.0,0,Cash
T006542,2023-01-11,C00277,P0096,4,234.04,0,Credit Card
T006543,2023-07-08,C00721,P0044,5,258.76,5,Debit Card
T006544,2023-08-06,C00840,P0081,5,463.99,15,Credit Card
T006545,2024-04-04,C00861,P0083,5,334.32,10,Cash
T006546,2024-06-25,C00465,P0014,4,48.61,20,Cash
T006547,2024-01-19,C00364,P0005,5,124.0,0,Cash
T006548,2023-08-31,C00793,P0089,5,43.58,5,Credit Card
T006549,2024-12-19,C00059,P0009,3,352.09,10,Credit Card
T006550,2024-01-23,C00788,P0078,5,91.49,5,Debit Card
T006551,2024-10-28,C00500,P0010,5,115.5,5,Cash
T006552,2023-10-22,C00512,P0083,1,334.32,20,PayPal
T006553,2023-11-04,C00395,P0006,3,107.43,10,PayPal
T006554,2023-06-02,C00343,P0095,5,203.94,5,PayPal
T006555,2024-04-23,C00680,P0003,4,372.93,15,PayPal
T006556,2023-01-07,C00268,P0074,4,132.41,5,Credit Card
T006557,2024-04-25,C00902,P0069,3,238.84,15,Debit Card
T006558,2024-10-30,C00187,P0093,4,266.16,0,Debit Card
T006559,2024-02-25,C00779,P0004,2,216.74,15,Credit Card
T006560,2023-05-05,C00447,P0072,5,131.84,0,Credit Card
T006561,2023-01-28,C00908,P0078,2,91.49,15,Credit Card
T006562,2024-08-24,C00070,P0084,5,155.39,10,Credit Card
T006563,2024-07-23,C00670,P0009,4,352.09,0,Credit Card
T006564,2023-07-21,C00512,P0018,4,429.11,5,Credit Card
T006565,2023-12-19,C00683,P0086,5,38.01,15,Cash
T006566,2024-05-17,C00804,P0064,1,146.45,0,PayPal
T006567,2024-11-18,C00476,P0076,2,34.79,15,Debit Card
T006568,2023-04-13,C00577,P0014,3,48.61,15,Cash
T006569,2023-11-10,C00029,P0056,4,465.17,15,Debit Card
T006570,2024-10-12,C00985,P0041,5,64.66,10,Cash
T006571,2024-12-13,C00703,P0073,1,78.69,20,Debit Card
T006572,2023-06-02,C00363,P0005,1,124.0,5,PayPal
T006573,2024-02-15,C00877,P0031,5,375.04,15,PayPal
T006574,2024-06-27,C00625,P0086,2,38.01,10,Credit Card
T006575,2023-02-19,C00366,P0064,1,146.45,15,Cash
T006576,2023-09-30,C00538,P0093,4,266.16,15,Debit Card
T006577,2024-01-07,C00124,P0070,5,330.19,5,Credit Card
T006578,2024-05-16,C00509,P0094,3,338.17,20,Cash
T006579,2023-10-16,C00462,P0064,5,146.45,5,PayPal
T006580,2024-09-20,C00683,P0080,3,195.7,20,PayPal
T006581,2023-08-10,C00241,P0069,3,238.84,15,Cash
T006582,2023-05-08,C00360,P0023,2,367.27,0,Credit Card
T006583,2024-09-18,C00064,P0026,4,122.23,10,Cash
T006584,2024-10-17,C00127,P0074,2,132.41,15,Cash
T006585,2023-04-25,C00092,P0074,5,132.41,15,Debit Card
T006586,2023-08-04,C00245,P0048,1,460.06,5,Credit Card
T006587,2023-09-09,C00569,P0098,4,498.09,20,Debit Card
T006588,2023-02-10,C00657,P0042,4,11.59,20,Debit Card
T006589,2024-06-11,C00742,P0095,4,203.94,10,Debit Card
T006590,2023-08-30,C00864,P0043,3,139.06,5,Cash
T006591,2024-12-07,C00055,P0022,2,44.99,20,PayPal
T006592,2024-07-16,C00260,P0063,4,431.22,20,Credit Card
T006593,2023-04-27,C00572,P0024,2,142.27,15,Debit Card
T006594,2023-10-25,C00378,P0096,1,234.04,15,Debit Card
T006595,2024-08-07,C00820,P0022,2,44.99,5,Debit Card
T006596,2023-03-26,C00661,P0057,4,108.56,20,Cash
T006597,2023-12-10,C00813,P0002,2,119.37,20,PayPal
T006598,2024-12-03,C00831,P0093,4,266.16,10,Credit Card
T006599,2023-11-20,C00989,P0042,4,11.59,15,Cash
T006600,2024-07-30,C00470,P0011,3,55.45,5,Credit Card
T006601,2023-05-09,C00309,P0086,2,38.01,10,PayPal
T006602,2023-07-31,C00254,P0045,5,156.24,0,Credit Card
T006603,2024-12-07,C00507,P0043,3,139.06,0,Debit Card
T006604,2024-04-15,C00052,P0021,5,140.82,10,Credit Card
T006605,2023-07-12,C00606,P0049,3,19.54,15,PayPal
T006606,2024-03-03,C00904,P0024,5,142.27,10,Debit Card
T006607,2023-07-24,C00103,P0074,4,132.41,20,Cash
T006608,2024-04-16,C00826,P0001,5,64.55,20,PayPal
T006609,2023-11-29,C00410,P0003,5,372.93,10,Debit Card
T006610,2024-08-16,C00938,P0083,3,334.32,10,Credit Card
T006611,2023-03-03,C00070,P0092,1,50.17,10,Debit Card
T006612,2024-05-13,C00767,P0100,5,441.62,15,PayPal
T006613,2024-09-29,C00358,P0025,3,282.91,20,Debit Card
T006614,2023-04-28,C00110,P0001,5,64.55,0,Cash
T006615,2024-09-17,C00657,P0080,1,195.7,5,Debit Card
T006616,2024-10-04,C00252,P0076,3,34.79,15,PayPal
T006617,2023-08-04,C00315,P0068,5,332.9,0,Credit Card
T006618,2023-04-02,C00734,P0042,4,11.59,0,Debit Card
T006619,2023-11-03,C00379,P0059,4,231.23,0,Credit Card
T006620,2024-02-26,C00862,P0037,2,198.54,15,Debit Card
T006621,2023-11-06,C00931,P0043,3,139.06,10,Cash
T006622,2023-06-16,C00934,P0001,2,64.55,0,Debit Card
T006623,2023-12-16,C00257,P0091,4,130.65,20,Debit Card
T006624,2023-05-28,C00256,P0085,5,370.51,10,Credit Card
T006625,2024-05-16,C00769,P0011,4,55.45,5,PayPal
T006626,2023-08-23,C00395,P0036,4,398.12,0,PayPal
T006627,2023-09-23,C00702,P0061,1,298.34,0,Cash
T006628,2023-02-21,C00949,P0032,5,296.45,20,Credit Card
T006629,2023-02-22,C00592,P0057,3,108.56,0,Cash
T006630,2023-07-14,C00137,P0044,1,258.76,10,Credit Card
T006631,2023-07-01,C00935,P0001,2,64.55,5,PayPal
T006632,2024-10-10,C00500,P0014,3,48.61,15,Credit Card
T006633,2024-01-28,C00043,P0066,5,292.34,10,Cash
T006634,2023-09-17,C00850,P0086,1,38.01,20,PayPal
T006635,2023-10-04,C00197,P0016,2,104.22,5,Cash
T006636,2024-02-06,C00749,P0047,1,274.3,5,PayPal
T006637,2024-09-03,C00337,P0009,4,352.09,10,Credit Card
T006638,2024-03-25,C00628,P0083,1,334.32,10,Cash
T006639,2024-07-15,C00580,P0022,1,44.99,10,Debit Card
T006640,2023-11-08,C00183,P0076,2,34.79,0,Credit Card
T006641,2024-10-20,C00106,P0088,3,480.78,5,PayPal
T006642,2024-05-30,C00298,P0015,1,313.07,10,Credit Card
T006643,2023-03-28,C00836,P0028,5,439.42,10,Cash
T006644,2024-08-14,C00195,P0075,5,405.93,0,PayPal
T006645,2023-06-22,C00330,P0053,2,385.26,0,Credit Card
T006646,2023-06-16,C00032,P0091,1,130.65,15,PayPal
T006647,2023-02-13,C00053,P0020,5,89.7,20,PayPal
T006648,2024-12-19,C00447,P0040,5,377.93,20,Cash
T006649,2024-02-17,C00640,P0047,3,274.3,20,Credit Card
T006650,2024-12-08,C00151,P0070,4,330.19,5,Credit Card
T006651,2023-09-11,C00395,P0085,4,370.51,10,Credit Card
T006652,2024-03-02,C00980,P0040,3,377.93,20,Credit Card
T006653,2023-11-17,C00815,P0025,2,282.91,0,Credit Card
T006654,2023-04-08,C00196,P0013,1,235.12,20,PayPal
T006655,2023-05-21,C00105,P0028,3,439.42,15,Debit Card
T006656,2023-08-30,C00188,P0038,5,269.27,10,Credit Card
T006657,2023-05-09,C00903,P0019,3,146.21,15,Debit Card
T006658,2024-02-07,C00854,P0062,1,319.24,5,Debit Card
T006659,2023-01-11,C00321,P0018,2,429.11,10,Debit Card
T006660,2023-09-05,C00435,P0069,4,238.84,0,Cash
T006661,2024-04-30,C00031,P0050,3,127.33,5,Debit Card
T006662,2024-10-29,C00957,P0082,5,217.27,20,Cash
T006663,2024-10-17,C00932,P0091,4,130.65,15,Cash
T006664,2023-11-06,C00995,P0007,5,215.56,15,Cash
T006665,2023-05-18,C00041,P0010,4,115.5,10,Debit Card
T006666,2023-10-27,C00054,P0089,1,43.58,5,Debit Card
T006667,2024-12-16,C00904,P0005,3,124.0,0,Credit Card
T006668,2024-12-05,C00834,P0087,5,460.5,15,Debit Card
T006669,2023-10-18,C00824,P0060,2,175.66,10,PayPal
T006670,2023-07-07,C00355,P0056,3,465.17,0,Cash
T006671,2024-11-13,C00607,P0069,2,238.84,20,Debit Card
T006672,2024-05-12,C00771,P0056,2,465.17,20,PayPal
T006673,2024-12-17,C00225,P0024,5,142.27,0,Debit Card
T006674,2024-06-07,C00196,P0074,4,132.41,5,Debit Card
T006675,2024-04-15,C00667,P0071,4,207.28,20,Credit Card
T006676,2024-05-04,C00941,P0095,1,203.94,10,Debit Card
T006677,2024-10-28,C00361,P0030,4,234.84,5,Credit Card
T006678,2024-06-17,C00617,P0079,3,433.68,20,Debit Card
T006679,2023-03-14,C00743,P0011,4,55.45,20,Debit Card
T006680,2024-11-21,C00667,P0011,2,55.45,10,Debit Card
T006681,2023-11-16,C00479,P0091,1,130.65,10,Credit Card
T006682,2024-04-25,C00004,P0084,4,155.39,15,PayPal
T006683,2023-01-07,C00572,P0093,5,266.16,10,PayPal
T006684,2024-11-05,C00625,P0074,5,132.41,15,Debit Card
T006685,2023-12-21,C00387,P0059,5,231.23,15,Cash
T006686,2023-05-09,C00073,P0099,2,257.88,20,Credit Card
T006687,2023-11-30,C00368,P0075,1,405.93,20,PayPal
T006688,2024-07-19,C00758,P0036,3,398.12,10,Debit Card
T006689,2023-06-16,C00597,P0048,3,460.06,10,Credit Card
T006690,2023-07-20,C00725,P0025,1,282.91,10,Credit Card
T006691,2023-12-26,C00099,P0038,5,269.27,15,Debit Card
T006692,2024-11-06,C00363,P0089,1,43.58,0,Credit Card
T006693,2024-09-02,C00510,P0053,3,385.26,10,Credit Card
T006694,2024-11-19,C00882,P0030,4,234.84,5,Cash
T006695,2023-12-31,C00620,P0094,1,338.17,10,Credit Card
T006696,2023-09-15,C00504,P0009,2,352.09,15,Debit Card
T006697,2023-05-25,C00268,P0031,2,375.04,15,Cash
T006698,2024-05-29,C00890,P0060,1,175.66,5,Debit Card
T006699,2023-08-10,C00846,P0082,5,217.27,0,Debit Card
T006700,2024-06-12,C00452,P0011,1,55.45,20,Debit Card
T006701,2023-12-28,C00691,P0040,4,377.93,10,Debit Card
T006702,2023-05-03,C00925,P0010,2,115.5,15,PayPal
T006703,2024-08-18,C00251,P0055,4,437.49,5,Credit Card
T006704,2023-03-31,C00621,P0040,2,377.93,5,Credit Card
T006705,2023-01-17,C00516,P0069,4,238.84,5,Debit Card
T006706,2023-02-25,C00750,P0056,3,465.17,20,PayPal
T006707,2024-11-20,C00028,P0004,2,216.74,20,Credit Card
T006708,2024-06-05,C00250,P0003,4,372.93,10,PayPal
T006709,2023-04-05,C00039,P0087,1,460.5,5,Credit Card
T006710,2024-05-27,C00312,P0020,1,89.7,10,Credit Card
T006711,2024-07-11,C00459,P0012,1,305.83,5,PayPal
T006712,2024-03-08,C00435,P0009,5,352.09,15,Cash
T006713,2024-10-18,C00197,P0081,2,463.99,0,PayPal
T006714,2024-08-04,C00588,P0078,4,91.49,0,Debit Card
T006715,2024-11-11,C00986,P0017,1,121.67,10,Debit Card
T006716,2024-10-21,C00681,P0040,4,377.93,10,Debit Card
T006717,2023-07-29,C00313,P0040,2,377.93,0,Credit Card
T006718,2024-02-26,C00068,P0047,1,274.3,0,PayPal
T006719,2024-02-09,C00068,P0001,1,64.55,10,Credit Card
T006720,2023-07-24,C00241,P0016,3,104.22,10,PayPal
T006721,2024-04-11,C00311,P0074,2,132.41,0,Cash
T006722,2023-05-31,C00698,P0088,2,480.78,5,PayPal
T006723,2024-03-09,C00882,P0097,4,14.56,5,Credit Card
T006724,2024-05-15,C00814,P0049,1,19.54,20,Cash
T006725,2024-07-21,C00503,P0059,4,231.23,15,Cash
T006726,2024-01-15,C00223,P0009,5,352.09,15,Cash
T006727,2024-11-03,C00132,P0010,2,115.5,20,Credit Card
T006728,2024-06-29,C00229,P0074,5,132.41,15,Debit Card
T006729,2023-02-12,C00519,P0036,4,398.12,5,Credit Card
T006730,2023-10-09,C00120,P0047,5,274.3,10,PayPal
T006731,2023-12-16,C00514,P0095,4,203.94,20,Credit Card
T006732,2024-10-22,C00810,P0095,4,203.94,5,PayPal
T006733,2023-04-27,C00569,P0069,1,238.84,15,Cash
T006734,2023-11-16,C00694,P0094,1,338.17,5,Credit Card
T006735,2023-12-23,C00825,P0063,3,431.22,20,PayPal
T006736,2024-09-26,C00929,P0025,5,282.91,0,PayPal
T006737,2023-09-02,C00401,P0085,2,370.51,0,PayPal
T006738,2023-10-13,C00616,P0040,2,377.93,5,Debit Card
T006739,2024-04-03,C00691,P0011,5,55.45,10,PayPal
T006740,2023-02-01,C00234,P0053,5,385.26,10,Cash
T006741,2024-04-12,C00144,P0002,1,119.37,15,Credit Card
T006742,2023-12-30,C00470,P0026,5,122.23,10,Debit Card
T006743,2023-02-26,C00917,P0088,3,480.78,10,PayPal
T006744,2023-12-11,C00225,P0097,3,14.56,10,PayPal
T006745,2023-02-06,C00778,P0058,5,328.44,20,Cash
T006746,2024-04-11,C00716,P0060,5,175.66,20,Debit Card
T006747,2024-10-21,C00920,P0092,2,50.17,0,Credit Card
T006748,2023-02-09,C00799,P0059,2,231.23,0,PayPal
T006749,2023-01-23,C00775,P0099,5,257.88,10,Cash
T006750,2023-03-11,C00802,P0016,2,104.22,10,Cash
T006751,2023-04-19,C00455,P0089,3,43.58,15,Credit Card
T006752,2023-10-14,C00966,P0013,1,235.12,10,Cash
T006753,2024-02-23,C00084,P0062,5,319.24,15,PayPal
T006754,2023-10-07,C00983,P0020,4,89.7,5,PayPal
T006755,2023-11-04,C00061,P0064,3,146.45,20,Cash
T006756,2024-04-26,C00118,P0011,1,55.45,0,Cash
T006757,2024-04-22,C00015,P0100,2,441.62,5,Debit Card
T006758,2023-12-01,C00796,P0060,1,175.66,10,PayPal
T006759,2023-08-18,C00030,P0097,4,14.56,5,Debit Card
T006760,2023-11-12,C00676,P0049,4,19.54,20,Cash
T006761,2024-11-04,C00616,P0033,1,187.38,5,Credit Card
T006762,2023-09-25,C00526,P0030,1,234.84,15,Cash
T006763,2024-10-01,C00900,P0077,5,484.81,20,Debit Card
T006764,2023-09-25,C00862,P0052,5,409.85,5,PayPal
T006765,2024-04-23,C00290,P0003,5,372.93,0,Credit Card
T006766,2024-11-27,C00061,P0025,1,282.91,20,Cash
T006767,2023-10-23,C00140,P0032,2,296.45,0,PayPal
T006768,2024-01-01,C00389,P0089,3,43.58,0,Credit Card
T006769,2023-06-20,C00377,P0060,5,175.66,0,Cash
T006770,2023-02-28,C00252,P0003,3,372.93,5,Cash
T006771,2023-10-05,C00747,P0026,2,122.23,10,Cash
T006772,2024-11-30,C00304,P0061,1,298.34,10,Debit Card
T006773,2024-01-25,C00323,P0018,1,429.11,5,Debit Card
T006774,2023-05-07,C00842,P0010,3,115.5,10,Credit Card
T006775,2024-10-14,C00117,P0009,5,352.09,0,Debit Card
T006776,2023-01-29,C00012,P0049,4,19.54,0,Debit Card
T006777,2024-02-16,C00598,P0084,2,155.39,0,Credit Card
T006778,2024-01-05,C00181,P0017,1,121.67,10,PayPal
T006779,2023-06-17,C00886,P0083,4,334.32,15,Debit Card
T006780,2024-01-10,C00574,P0026,3,122.23,5,PayPal
T006781,2024-03-10,C00127,P0016,4,104.22,0,PayPal
T006782,2024-11-15,C00637,P0098,5,498.09,20,PayPal
T006783,2023-10-04,C00146,P0095,4,203.94,0,PayPal
T006784,2023-12-04,C00215,P0041,4,64.66,10,Debit Card
T006785,2024-02-16,C00131,P0068,5,332.9,10,Credit Card
T006786,2024-06-30,C00277,P0014,5,48.61,20,PayPal
T006787,2023-02-02,C00819,P0024,2,142.27,5,Debit Card
T006788,2023-12-22,C00380,P0072,5,131.84,5,PayPal
T006789,2024-06-07,C00711,P0008,2,406.62,10,Debit Card
T006790,2024-06-04,C00031,P0067,3,405.67,0,Cash
T006791,2023-11-20,C00894,P0006,4,107.43,20,Credit Card
T006792,2024-08-22,C00904,P0088,4,480.78,5,PayPal
T006793,2023-09-23,C00934,P0038,2,269.27,10,Debit Card
T006794,2023-10-15,C00719,P0091,4,130.65,15,Cash
T006795,2024-05-09,C00293,P0033,3,187.38,20,Cash
T006796,2023-09-28,C00252,P0076,1,34.79,10,Cash
T006797,2023-10-17,C00050,P0007,4,215.56,0,Cash
T006798,2024-08-04,C00895,P0069,5,238.84,5,Cash
T006799,2023-11-01,C00445,P0070,2,330.19,15,PayPal
T006800,2024-01-09,C00509,P0027,4,206.57,20,Debit Card
T006801,2024-07-29,C00925,P0046,3,107.47,15,Credit Card
T006802,2024-08-19,C00144,P0013,1,235.12,0,PayPal
T006803,2023-01-25,C00161,P0060,3,175.66,10,PayPal
T006804,2023-07-22,C00446,P0078,1,91.49,0,Cash
T006805,2023-03-03,C00854,P0074,5,132.41,5,Debit Card
T006806,2024-10-09,C00259,P0096,4,234.04,0,Cash
T006807,2024-07-31,C00407,P0019,2,146.21,10,Credit Card
T006808,2024-12-24,C00304,P0062,2,319.24,0,Cash
T006809,2023-02-28,C00135,P0028,3,439.42,0,Debit Card
T006810,2024-11-27,C00796,P0089,5,43.58,10,Debit Card
T006811,2024-11-21,C00612,P0082,5,217.27,20,PayPal
T006812,2023-10-01,C00471,P0020,5,89.7,20,PayPal
T006813,2023-06-09,C00947,P0088,2,480.78,15,Credit Card
T006814,2024-05-26,C00933,P0076,3,34.79,20,Cash
T006815,2023-09-26,C00949,P0044,3,258.76,20,PayPal
T006816,2024-12-29,C00363,P0080,4,195.7,20,Credit Card
T006817,2023-06-27,C00743,P0058,2,328.44,0,Cash
T006818,2024-12-27,C00698,P0037,2,198.54,15,Credit Card
T006819,2024-06-25,C00136,P0030,2,234.84,10,Credit Card
T006820,2023-06-15,C00615,P0028,2,439.42,15,Debit Card
T006821,2024-05-02,C00105,P0050,4,127.33,15,PayPal
T006822,2024-12-28,C00785,P0004,3,216.74,0,PayPal
T006823,2024-02-03,C00680,P0044,3,258.76,0,Credit Card
T006824,2023-06-17,C00387,P0071,2,207.28,20,Credit Card
T006825,2023-05-06,C00359,P0003,1,372.93,5,Debit Card
T006826,2024-06-28,C00618,P0092,2,50.17,0,Cash
T006827,2024-10-27,C00696,P0038,3,269.27,20,PayPal
T006828,2023-06-23,C00736,P0068,2,332.9,15,Cash
T006829,2024-05-17,C00814,P0062,3,319.24,5,Debit Card
T006830,2024-10-01,C00326,P0027,3,206.57,5,Debit Card
T006831,2024-10-16,C00199,P0059,2,231.23,15,Debit Card
T006832,2024-09-14,C00789,P0054,5,473.96,5,Credit Card
T006833,2023-12-19,C00043,P0016,1,104.22,5,Cash
T006834,2023-01-02,C00452,P0063,2,431.22,0,PayPal
T006835,2023-07-18,C00642,P0081,3,463.99,20,Cash
T006836,2024-08-05,C00807,P0086,4,38.01,10,Debit Card
T006837,2024-05-23,C00370,P0009,3,352.09,15,Debit Card
T006838,2023-04-25,C00365,P0004,2,216.74,0,Debit Card
T006839,2023-03-09,C00465,P0072,2,131.84,0,PayPal
T006840,2023-02-22,C00638,P0061,2,298.34,5,Cash
T006841,2024-04-05,C00108,P0030,2,234.84,20,Cash
T006842,2023-07-17,C00964,P0036,1,398.12,10,PayPal
T006843,2023-02-22,C00164,P0099,4,257.88,10,Credit Card
T006844,2024-06-22,C00422,P0020,5,89.7,0,Credit Card
T006845,2024-09-14,C00484,P0008,2,406.62,5,Credit Card
T006846,2024-07-28,C00644,P0084,4,155.39,0,Debit Card
T006847,2023-05-05,C00599,P0067,3,405.67,10,Debit Card
T006848,2023-09-09,C00659,P0077,3,484.81,20,Cash
T006849,2023-02-08,C00241,P0017,2,121.67,0,PayPal
T006850,2024-09-27,C00916,P0100,5,441.62,20,Cash
T006851,2023-12-26,C00472,P0015,3,313.07,15,Credit Card
T006852,2023-07-22,C00202,P0022,1,44.99,20,Credit Card
T006853,2024-03-20,C00908,P0001,5,64.55,10,Credit Card
T006854,2024-04-21,C00013,P0044,2,258.76,10,Credit Card
T006855,2023-08-15,C00049,P0004,4,216.74,20,Cash
T006856,2024-05-20,C00358,P0084,5,155.39,15,PayPal
T006857,2023-12-15,C00555,P0088,3,480.78,0,PayPal
T006858,2024-08-11,C00100,P0097,3,14.56,10,Credit Card
T006859,2023-10-31,C00849,P0080,4,195.7,5,Debit Card
T006860,2024-02-05,C00637,P0053,3,385.26,15,Debit Card
T006861,2024-04-01,C00514,P0023,4,367.27,10,Credit Card
T006862,2024-07-07,C00295,P0016,2,104.22,0,PayPal
T006863,2023-08-20,C00567,P0084,3,155.39,10,Credit Card
T006864,2024-11-29,C00266,P0089,4,43.58,5,Credit Card
T006865,2024-05-13,C00268,P0050,2,127.33,10,Debit Card
T006866,2024-08-10,C00110,P0037,4,198.54,15,Cash
T006867,2023-09-20,C00453,P0005,5,124.0,20,Cash
T006868,2024-07-31,C00754,P0066,3,292.34,20,PayPal
T006869,2024-04-02,C00636,P0035,1,431.94,0,Credit Card
T006870,2024-02-09,C00831,P0083,4,334.32,15,Debit Card
T006871,2024-03-15,C00973,P0038,1,269.27,20,Cash
T006872,2024-10-01,C00669,P0031,5,375.04,15,PayPal
T006873,2023-08-10,C00485,P0059,1,231.23,0,Debit Card
T006874,2023-10-13,C00218,P0074,1,132.41,15,PayPal
T006875,2023-12-31,C00687,P0087,5,460.5,20,Debit Card
T006876,2023-09-22,C00959,P0032,4,296.45,20,Credit Card
T006877,2023-10-04,C00003,P0057,3,108.56,0,Cash
T006878,2024-10-05,C00206,P0076,4,34.79,10,Credit Card
T006879,2024-06-05,C00383,P0058,4,328.44,20,Debit Card
T006880,2024-03-18,C00925,P0090,5,207.85,5,Credit Card
T006881,2023-08-14,C00993,P0086,2,38.01,15,Debit Card
T006882,2023-12-17,C00509,P0100,1,441.62,5,PayPal
T006883,2024-02-03,C00190,P0062,1,319.24,5,Debit Card
T006884,2023-01-05,C00566,P0004,3,216.74,15,PayPal
T006885,2024-08-24,C00377,P0015,2,313.07,5,PayPal
T006886,2023-07-05,C00795,P0044,4,258.76,15,Credit Card
T006887,2023-01-08,C00553,P0075,1,405.93,10,Cash
T006888,2024-07-04,C00418,P0028,5,439.42,0,Debit Card
T006889,2023-02-01,C00924,P0026,3,122.23,0,Debit Card
T006890,2024-10-14,C00347,P0052,2,409.85,5,PayPal
T006891,2024-03-20,C00959,P0094,5,338.17,10,Cash
T006892,2024-03-27,C00755,P0004,4,216.74,0,Cash
T006893,2023-02-15,C00511,P0004,3,216.74,15,Credit Card
T006894,2023-10-12,C00254,P0031,4,375.04,0,Credit Card
T006895,2023-10-12,C00606,P0094,1,338.17,15,PayPal
T006896,2023-10-18,C00397,P0026,5,122.23,15,Credit Card
T006897,2024-11-07,C00653,P0094,4,338.17,5,Cash
T006898,2024-03-23,C00896,P0024,1,142.27,10,Cash
T006899,2024-12-25,C00820,P0063,3,431.22,0,PayPal
T006900,2023-09-19,C00854,P0048,5,460.06,15,Cash
T006901,2023-05-05,C00153,P0068,3,332.9,20,Cash
T006902,2023-11-11,C00281,P0009,2,352.09,15,PayPal
T006903,2023-08-28,C00066,P0081,3,463.99,0,Cash
T006904,2023-06-27,C00213,P0054,3,473.96,20,Debit Card
T006905,2023-03-26,C00165,P0082,2,217.27,5,Debit Card
T006906,2024-08-13,C00855,P0075,5,405.93,5,Credit Card
T006907,2023-11-18,C00805,P0073,1,78.69,0,Cash
T006908,2024-12-16,C00217,P0016,2,104.22,0,PayPal
T006909,2023-10-07,C00265,P0066,3,292.34,15,Cash
T006910,2024-05-09,C00373,P0010,3,115.5,0,Cash
T006911,2024-10-27,C00389,P0090,4,207.85,0,PayPal
T006912,2023-11-20,C00562,P0054,5,473.96,5,Credit Card
T006913,2023-04-12,C00703,P0052,3,409.85,10,Cash
T006914,2024-10-30,C00504,P0052,4,409.85,15,PayPal
T006915,2024-04-30,C00444,P0093,4,266.16,15,PayPal
T006916,2024-05-07,C00048,P0051,5,474.01,10,Debit Card
T006917,2023-01-09,C00688,P0065,3,74.83,5,Cash
T006918,2023-11-15,C00902,P0043,3,139.06,5,Credit Card
T006919,2024-05-17,C00064,P0047,3,274.3,20,Cash
T006920,2024-06-25,C00608,P0018,5,429.11,20,Cash
T006921,2023-05-28,C00370,P0060,3,175.66,10,Debit Card
T006922,2023-06-20,C00442,P0001,1,64.55,20,PayPal
T006923,2024-12-09,C00425,P0006,5,107.43,5,Cash
T006924,2024-11-26,C00661,P0030,5,234.84,15,PayPal
T006925,2023-02-05,C00390,P0008,4,406.62,5,PayPal
T006926,2024-02-29,C00208,P0056,5,465.17,0,Debit Card
T006927,2023-06-16,C00264,P0012,2,305.83,0,Debit Card
T006928,2023-04-02,C00714,P0070,2,330.19,20,Debit Card
T006929,2023-09-05,C00919,P0003,1,372.93,0,Credit Card
T006930,2024-06-04,C00685,P0034,1,259.67,15,PayPal
T006931,2023-09-15,C00545,P0065,3,74.83,10,Cash
T006932,2023-11-24,C00137,P0048,3,460.06,10,Debit Card
T006933,2024-08-06,C00107,P0051,3,474.01,0,PayPal
T006934,2023-07-17,C00624,P0053,4,385.26,10,PayPal
T006935,2024-04-10,C00977,P0091,5,130.65,5,PayPal
T006936,2023-03-16,C00981,P0058,5,328.44,20,Debit Card
T006937,2024-10-27,C00468,P0065,1,74.83,5,PayPal
T006938,2023-12-24,C00979,P0051,4,474.01,20,Cash
T006939,2023-09-11,C00209,P0085,5,370.51,20,PayPal
T006940,2024-12-28,C00551,P0096,4,234.04,10,Credit Card
T006941,2024-04-20,C00547,P0084,2,155.39,10,Cash
T006942,2023-02-17,C00126,P0089,5,43.58,20,Credit Card
T006943,2024-03-18,C00271,P0017,4,121.67,20,PayPal
T006944,2024-10-11,C00432,P0061,2,298.34,20,Debit Card
T006945,2024-02-07,C00959,P0088,5,480.78,10,Debit Card
T006946,2024-03-17,C00881,P0068,3,332.9,0,Cash
T006947,2024-08-27,C00196,P0059,4,231.23,15,Credit Card
T006948,2023-04-03,C00135,P0001,4,64.55,0,Credit Card
T006949,2024-11-26,C00321,P0080,2,195.7,0,Debit Card
T006950,2024-07-06,C00466,P0085,2,370.51,0,Debit Card
T006951,2023-05-08,C00882,P0100,3,441.62,0,Credit Card
T006952,2024-10-11,C00921,P0036,3,398.12,15,Debit Card
T006953,2023-11-09,C00278,P0093,4,266.16,5,Debit Card
T006954,2023-02-06,C00401,P0013,3,235.12,15,Cash
T006955,2023-08-11,C00811,P0081,2,463.99,20,Debit Card
T006956,2024-11-25,C00038,P0046,5,107.47,5,PayPal
T006957,2023-07-13,C00135,P0094,4,338.17,5,PayPal
T006958,2023-09-04,C00552,P0087,1,460.5,10,Credit Card
T006959,2023-08-29,C00659,P0007,4,215.56,10,PayPal
T006960,2024-09-01,C00540,P0097,3,14.56,0,PayPal
T006961,2023-06-13,C00145,P0008,3,406.62,20,PayPal
T006962,2023-07-14,C00971,P0097,3,14.56,0,Cash
T006963,2023-10-14,C00015,P0048,5,460.06,5,Debit Card
T006964,2023-07-08,C00056,P0066,5,292.34,20,Cash
T006965,2023-01-26,C00272,P0018,3,429.11,0,PayPal
T006966,2023-07-27,C00025,P0012,5,305.83,0,Cash
T006967,2024-05-10,C00686,P0013,5,235.12,5,Debit Card
T006968,2024-11-24,C00720,P0043,2,139.06,5,Cash
T006969,2024-05-01,C00659,P0081,2,463.99,15,Cash
T006970,2023-12-30,C00264,P0044,4,258.76,15,Credit Card
T006971,2024-03-24,C00455,P0017,3,121.67,15,Debit Card
T006972,2023-12-12,C00318,P0042,5,11.59,0,PayPal
T006973,2024-04-24,C00185,P0013,4,235.12,15,Cash
T006974,2023-04-19,C00913,P0044,2,258.76,20,Debit Card
T006975,2024-08-13,C00891,P0096,2,234.04,20,PayPal
T006976,2023-07-03,C00725,P0060,1,175.66,5,Credit Card
T006977,2023-12-21,C00957,P0008,1,406.62,5,PayPal
T006978,2023-08-16,C00256,P0082,5,217.27,0,Cash
T006979,2023-06-11,C00634,P0061,5,298.34,20,PayPal
T006980,2024-05-31,C00914,P0024,3,142.27,15,Cash
T006981,2023-07-13,C00722,P0028,5,439.42,0,Debit Card
T006982,2024-09-09,C00886,P0078,1,91.49,5,Cash
T006983,2023-04-25,C00615,P0089,1,43.58,5,Cash
T006984,2023-12-21,C00249,P0077,5,484.81,10,PayPal
T006985,2024-04-18,C00943,P0086,1,38.01,10,Debit Card
T006986,2023-03-28,C00092,P0095,4,203.94,5,Debit Card
T006987,2023-02-04,C00401,P0091,3,130.65,20,Credit Card
T006988,2023-02-16,C00735,P0001,3,64.55,10,Debit Card
T006989,2024-02-08,C00898,P0033,2,187.38,15,PayPal
T006990,2023-10-25,C00216,P0033,2,187.38,20,Cash
T006991,2024-08-25,C00259,P0012,2,305.83,5,Credit Card
T006992,2024-10-08,C00475,P0008,2,406.62,5,Cash
T006993,2024-02-12,C00513,P0092,2,50.17,10,Debit Card
T006994,2024-04-17,C00049,P0066,5,292.34,15,PayPal
T006995,2024-11-15,C00109,P0062,1,319.24,20,Debit Card
T006996,2023-07-12,C00769,P0070,3,330.19,5,Credit Card
T006997,2023-01-15,C00603,P0006,1,107.43,0,Cash
T006998,2023-08-05,C00999,P0082,2,217.27,10,Cash
T006999,2024-10-22,C00955,P0061,4,298.34,10,PayPal
T007000,2024-02-17,C00565,P0048,4,460.06,0,Cash
T007001,2023-06-19,C00674,P0071,3,207.28,15,Credit Card
T007002,2023-09-05,C00281,P0038,4,269.27,5,Debit Card
T007003,2023-07-08,C00294,P0092,4,50.17,10,Cash
T007004,2024-06-25,C00961,P0037,1,198.54,10,PayPal
T007005,2024-02-25,C00206,P0095,3,203.94,0,Cash
T007006,2023-11-17,C00209,P0064,3,146.45,0,PayPal
T007007,2023-04-21,C00864,P0094,4,338.17,15,Cash
T007008,2024-01-03,C00837,P0091,5,130.65,10,Cash
T007009,2023-12-02,C00013,P0053,1,385.26,5,Debit Card
T007010,2024-04-03,C00323,P0096,2,234.04,5,Cash
T007011,2023-10-06,C00263,P0067,2,405.67,0,Credit Card
T007012,2024-07-31,C00189,P0021,2,140.82,10,Credit Card
T007013,2023-09-29,C00362,P0044,4,258.76,20,PayPal
T007014,2023-07-22,C00657,P0059,2,231.23,5,Cash
T007015,2024-02-11,C00047,P0053,3,385.26,0,PayPal
T007016,2023-05-28,C00315,P0055,2,437.49,0,Debit Card
T007017,2024-09-25,C00048,P0061,5,298.34,0,Debit Card
T007018,2024-05-13,C00184,P0020,5,89.7,20,Debit Card
T007019,2023-05-05,C00635,P0003,2,372.93,10,Debit Card
T007020,2023-11-15,C00195,P0086,5,38.01,5,Debit Card
T007021,2024-09-13,C00379,P0082,1,217.27,0,PayPal
T007022,2024-08-04,C00920,P0051,2,474.01,20,PayPal
T007023,2023-01-27,C00825,P0059,4,231.23,20,PayPal
T007024,2023-07-22,C00056,P0078,5,91.49,15,Debit Card
T007025,2024-11-06,C00302,P0085,4,370.51,15,Cash
T007026,2024-12-04,C00025,P0080,1,195.7,15,Debit Card
T007027,2023-11-15,C00409,P0039,4,343.34,15,Cash
T007028,2024-09-14,C00705,P0040,5,377.93,5,Cash
T007029,2024-12-01,C00697,P0001,5,64.55,10,Debit Card
T007030,2024-06-14,C00518,P0053,2,385.26,10,Credit Card
T007031,2024-06-26,C00344,P0042,5,11.59,5,PayPal
T007032,2024-10-10,C00170,P0055,5,437.49,15,Debit Card
T007033,2024-01-22,C00580,P0049,2,19.54,5,Debit Card
T007034,2023-12-02,C00753,P0058,2,328.44,15,Debit Card
T007035,2024-10-09,C00736,P0039,4,343.34,20,Debit Card
T007036,2024-04-29,C00746,P0008,3,406.62,15,Debit Card
T007037,2023-07-17,C00689,P0100,2,441.62,10,PayPal
T007038,2024-03-16,C00408,P0054,1,473.96,0,PayPal
T007039,2023-04-13,C00614,P0039,4,343.34,0,Credit Card
T007040,2024-01-23,C00406,P0066,2,292.34,20,Cash
T007041,2024-06-16,C00535,P0090,4,207.85,20,Debit Card
T007042,2023-10-06,C00619,P0033,3,187.38,0,Debit Card
T007043,2024-11-27,C00666,P0098,5,498.09,10,Credit Card
T007044,2024-06-16,C00637,P0055,3,437.49,15,Credit Card
T007045,2023-08-24,C00307,P0086,3,38.01,0,Debit Card
T007046,2024-12-13,C00241,P0084,1,155.39,20,Debit Card
T007047,2024-07-11,C00125,P0004,4,216.74,20,Debit Card
T007048,2023-10-02,C00431,P0061,5,298.34,0,Debit Card
T007049,2024-10-22,C00506,P0027,4,206.57,20,Debit Card
T007050,2024-10-08,C00565,P0079,1,433.68,0,Debit Card
T007051,2023-06-13,C00079,P0004,4,216.74,5,Credit Card
T007052,2024-05-28,C00376,P0098,2,498.09,0,Credit Card
T007053,2024-10-04,C00247,P0020,5,89.7,0,PayPal
T007054,2023-06-05,C00075,P0028,2,439.42,5,Cash
T007055,2024-10-14,C00703,P0098,2,498.09,0,PayPal
T007056,2023-01-05,C00567,P0076,2,34.79,0,Debit Card
T007057,2024-05-11,C00188,P0006,2,107.43,0,Cash
T007058,2024-05-10,C00036,P0024,1,142.27,5,PayPal
T007059,2024-09-10,C00920,P0003,2,372.93,0,Cash
T007060,2024-05-12,C00328,P0082,4,217.27,20,Credit Card
T007061,2023-01-08,C00006,P0090,1,207.85,20,Credit Card
T007062,2024-04-19,C00890,P0049,3,19.54,5,Debit Card
T007063,2023-10-29,C00543,P0040,2,377.93,10,Debit Card
T007064,2024-06-06,C00493,P0100,1,441.62,10,Credit Card
T007065,2023-11-17,C00737,P0037,4,198.54,10,Cash
T007066,2024-09-25,C00117,P0015,4,313.07,0,Cash
T007067,2023-01-12,C00495,P0018,2,429.11,20,Debit Card
T007068,2023-02-03,C00055,P0033,1,187.38,20,Debit Card
T007069,2024-11-03,C00737,P0094,5,338.17,0,Debit Card
T007070,2023-10-17,C00731,P0081,5,463.99,0,Debit Card
T007071,2023-07-29,C00116,P0022,4,44.99,0,Credit Card
T007072,2024-01-19,C00892,P0077,2,484.81,5,PayPal
T007073,2024-12-15,C00560,P0010,2,115.5,5,PayPal
T007074,2023-07-11,C00462,P0092,4,50.17,5,PayPal
T007075,2023-06-01,C00890,P0084,1,155.39,5,Credit Card
T007076,2023-08-14,C00102,P0015,4,313.07,15,PayPal
T007077,2023-10-25,C00542,P0022,2,44.99,5,Cash
T007078,2024-05-20,C00028,P0087,1,460.5,0,Cash
T007079,2024-04-01,C00114,P0065,1,74.83,15,Cash
T007080,2024-07-03,C00755,P0053,2,385.26,20,Credit Card
T007081,2023-07-03,C00099,P0041,3,64.66,5,Cash
T007082,2023-09-20,C00174,P0097,4,14.56,15,Debit Card
T007083,2023-01-17,C00176,P0022,1,44.99,20,PayPal
T007084,2023-03-27,C00703,P0062,3,319.24,5,Credit Card
T007085,2023-10-17,C00013,P0087,3,460.5,5,Credit Card
T007086,2024-09-14,C00288,P0067,1,405.67,0,PayPal
T007087,2023-01-29,C00331,P0058,3,328.44,0,PayPal
T007088,2024-05-28,C00168,P0041,5,64.66,10,Cash
T007089,2024-05-16,C00064,P0058,2,328.44,15,PayPal
T007090,2024-03-22,C00625,P0058,4,328.44,0,Credit Card
T007091,2024-07-26,C00744,P0084,2,155.39,0,Cash
T007092,2024-02-07,C00676,P0035,3,431.94,0,PayPal
T007093,2024-06-06,C00330,P0030,3,234.84,0,Credit Card
T007094,2024-05-24,C00453,P0021,2,140.82,15,Cash
T007095,2023-09-06,C00141,P0093,5,266.16,5,Credit Card
T007096,2023-05-01,C00561,P0089,2,43.58,5,Credit Card
T007097,2024-01-05,C00093,P0014,2,48.61,0,Debit Card
T007098,2023-09-19,C00438,P0004,2,216.74,15,Credit Card
T007099,2023-03-16,C00611,P0080,1,195.7,10,Credit Card
T007100,2023-07-03,C00043,P0039,4,343.34,10,Credit Card
T007101,2023-03-09,C00481,P0087,3,460.5,15,Credit Card
T007102,2023-04-01,C00051,P0059,4,231.23,10,PayPal
T007103,2024-03-26,C00447,P0073,5,78.69,20,Cash
T007104,2023-07-19,C00674,P0081,1,463.99,5,PayPal
T007105,2023-02-27,C00756,P0058,5,328.44,0,PayPal
T007106,2024-10-11,C00557,P0039,1,343.34,5,Credit Card
T007107,2024-08-14,C00936,P0008,1,406.62,0,PayPal
T007108,2023-12-10,C00417,P0090,4,207.85,15,Cash
T007109,2024-03-25,C00924,P0054,1,473.96,20,PayPal
T007110,2023-05-13,C00579,P0035,4,431.94,0,Credit Card
T007111,2024-05-10,C00582,P0005,2,124.0,0,Cash
T007112,2024-03-08,C00340,P0040,1,377.93,15,Cash
T007113,2023-02-11,C00906,P0017,2,121.67,5,Credit Card
T007114,2023-09-15,C00359,P0091,2,130.65,10,Cash
T007115,2024-05-31,C00451,P0021,4,140.82,5,PayPal
T007116,2023-07-14,C00153,P0094,1,338.17,20,PayPal
T007117,2024-10-13,C00660,P0076,2,34.79,20,PayPal
T007118,2024-06-20,C00569,P0073,4,78.69,5,PayPal
T007119,2024-12-26,C00511,P0065,2,74.83,15,Debit Card
T007120,2024-09-26,C00898,P0078,2,91.49,5,PayPal
T007121,2024-12-18,C00914,P0061,1,298.34,5,PayPal
T007122,2023-01-31,C00249,P0079,5,433.68,20,Cash
T007123,2024-11-12,C00201,P0055,5,437.49,20,PayPal
T007124,2024-01-29,C00547,P0037,3,198.54,10,Debit Card
T007125,2024-11-24,C00255,P0059,5,231.23,20,Debit Card
T007126,2023-11-23,C00778,P0093,4,266.16,10,Debit Card
T007127,2024-12-28,C00618,P0031,1,375.04,20,Cash
T007128,2024-11-08,C00415,P0059,2,231.23,5,Cash
T007129,2023-09-12,C00997,P0043,2,139.06,5,PayPal
T007130,2023-01-04,C00646,P0050,2,127.33,0,Credit Card
T007131,2024-02-25,C00200,P0055,2,437.49,10,Credit Card
T007132,2023-04-30,C00708,P0034,2,259.67,0,PayPal
T007133,2024-02-12,C00201,P0089,3,43.58,10,Debit Card
T007134,2024-03-01,C00411,P0028,2,439.42,20,Cash
T007135,2023-07-06,C00200,P0028,3,439.42,15,Credit Card
T007136,2023-10-18,C00273,P0036,3,398.12,10,Credit Card
T007137,2024-10-30,C00209,P0040,3,377.93,10,Debit Card
T007138,2023-03-28,C00108,P0010,4,115.5,10,PayPal
T007139,2024-08-12,C00301,P0034,5,259.67,10,Cash
T007140,2024-10-18,C00171,P0037,1,198.54,20,PayPal
T007141,2023-07-03,C00787,P0081,3,463.99,15,Debit Card
T007142,2024-06-01,C00921,P0015,3,313.07,0,Debit Card
T007143,2024-10-01,C00126,P0015,4,313.07,10,Cash
T007144,2024-10-19,C00178,P0079,3,433.68,15,PayPal
T007145,2023-07-02,C00611,P0076,5,34.79,15,Debit Card
T007146,2023-09-17,C00746,P0057,2,108.56,10,Debit Card
T007147,2024-10-29,C00634,P0080,5,195.7,15,PayPal
T007148,2024-10-22,C00832,P0073,1,78.69,10,Debit Card
T007149,2023-01-03,C00476,P0008,3,406.62,0,PayPal
T007150,2024-01-13,C00078,P0084,5,155.39,5,PayPal
T007151,2024-05-06,C00182,P0073,2,78.69,0,PayPal
T007152,2024-04-21,C00176,P0072,3,131.84,10,Debit Card
T007153,2023-03-20,C00742,P0004,5,216.74,0,Debit Card
T007154,2023-09-15,C00308,P0052,2,409.85,15,Cash
T007155,2023-06-22,C00211,P0040,1,377.93,0,PayPal
T007156,2024-10-09,C00014,P0054,4,473.96,15,Cash
T007157,2023-04-27,C00028,P0093,4,266.16,20,Cash
T007158,2023-09-06,C00457,P0096,3,234.04,20,Credit Card
T007159,2023-05-31,C00532,P0009,4,352.09,20,Credit Card
T007160,2024-01-31,C00010,P0044,4,258.76,0,PayPal
T007161,2024-03-24,C00359,P0011,5,55.45,0,Credit Card
T007162,2023-04-21,C00327,P0022,1,44.99,5,Debit Card
T007163,2023-03-25,C00046,P0054,1,473.96,10,Credit Card
T007164,2023-07-11,C00170,P0062,5,319.24,20,Cash
T007165,2024-06-07,C00655,P0030,2,234.84,0,Debit Card
T007166,2023-03-03,C00401,P0071,1,207.28,10,PayPal
T007167,2023-05-25,C00038,P0048,4,460.06,20,Cash
T007168,2024-01-25,C00620,P0080,4,195.7,20,PayPal
T007169,2023-06-17,C00954,P0005,1,124.0,0,PayPal
T007170,2023-03-28,C00859,P0036,3,398.12,5,PayPal
T007171,2024-02-06,C00658,P0002,4,119.37,5,Cash
T007172,2023-06-23,C00723,P0032,5,296.45,15,Credit Card
T007173,2023-12-29,C00378,P0075,2,405.93,20,PayPal
T007174,2024-09-05,C00888,P0091,5,130.65,10,Cash
T007175,2023-11-28,C00482,P0085,4,370.51,5,Cash
T007176,2024-12-20,C00624,P0098,5,498.09,5,Debit Card
T007177,2023-01-30,C00322,P0044,4,258.76,15,Cash
T007178,2024-11-06,C00657,P0077,5,484.81,5,Cash
T007179,2024-03-30,C00017,P0056,4,465.17,10,Credit Card
T007180,2023-02-11,C00601,P0048,2,460.06,20,PayPal
T007181,2024-11-19,C00106,P0069,3,238.84,0,PayPal
T007182,2023-08-24,C00058,P0073,2,78.69,10,Cash
T007183,2023-01-27,C00544,P0018,3,429.11,20,Cash
T007184,2024-09-25,C00987,P0081,4,463.99,15,Credit Card
T007185,2024-09-24,C00217,P0054,3,473.96,10,Cash
T007186,2024-02-07,C00929,P0003,4,372.93,10,Credit Card
T007187,2023-06-25,C00059,P0012,1,305.83,20,PayPal
T007188,2023-05-13,C00170,P0050,2,127.33,15,PayPal
T007189,2024-11-02,C00937,P0037,1,198.54,20,Credit Card
T007190,2023-05-14,C00354,P0036,5,398.12,10,Credit Card
T007191,2024-05-28,C00806,P0045,5,156.24,5,PayPal
T007192,2024-02-20,C00247,P0048,3,460.06,5,PayPal
T007193,2024-10-18,C00482,P0032,4,296.45,20,PayPal
T007194,2023-02-08,C00741,P0058,4,328.44,10,PayPal
T007195,2024-04-14,C00498,P0029,3,254.62,20,PayPal
T007196,2023-06-08,C00078,P0043,2,139.06,5,PayPal
T007197,2024-07-18,C00430,P0038,4,269.27,20,Credit Card
T007198,2023-03-26,C00504,P0085,3,370.51,5,Debit Card
T007199,2024-05-06,C00770,P0076,2,34.79,20,PayPal
T007200,2024-07-30,C00780,P0088,4,480.78,10,Debit Card
T007201,2023-08-03,C00407,P0080,4,195.7,10,Credit Card
T007202,2023-05-26,C00840,P0008,2,406.62,20,PayPal
T007203,2023-10-03,C00449,P0005,1,124.0,0,PayPal
T007204,2023-04-02,C00585,P0044,1,258.76,5,PayPal
T007205,2023-05-27,C00578,P0054,3,473.96,15,PayPal
T007206,2023-08-15,C00557,P0089,3,43.58,0,Debit Card
T007207,2024-11-22,C00892,P0078,4,91.49,15,Debit Card
T007208,2023-12-08,C00630,P0021,3,140.82,15,Credit Card
T007209,2023-11-16,C00741,P0017,4,121.67,5,Credit Card
T007210,2023-10-05,C00524,P0008,3,406.62,5,Credit Card
T007211,2024-02-12,C00210,P0032,3,296.45,15,Credit Card
T007212,2023-03-12,C00614,P0068,4,332.9,20,Cash
T007213,2023-07-13,C00148,P0058,5,328.44,5,Cash
T007214,2023-12-24,C00915,P0078,2,91.49,5,Credit Card
T007215,2023-10-21,C00729,P0014,5,48.61,0,Cash
T007216,2023-03-29,C00050,P0050,2,127.33,5,Debit Card
T007217,2023-03-04,C00835,P0065,3,74.83,10,PayPal
T007218,2023-03-30,C00666,P0068,3,332.9,5,Cash
T007219,2024-10-30,C00056,P0056,2,465.17,0,Debit Card
T007220,2023-03-31,C00483,P0029,5,254.62,20,Credit Card
T007221,2023-06-12,C00931,P0088,1,480.78,0,Debit Card
T007222,2024-03-01,C00743,P0063,4,431.22,15,Cash
T007223,2024-04-19,C00246,P0059,4,231.23,10,Cash
T007224,2024-01-22,C00366,P0040,3,377.93,10,PayPal
T007225,2024-09-24,C00214,P0008,3,406.62,20,Credit Card
T007226,2024-09-20,C00826,P0043,3,139.06,5,PayPal
T007227,2023-04-24,C00924,P0014,1,48.61,5,Cash
T007228,2024-10-01,C00588,P0027,3,206.57,10,Debit Card
T007229,2023-08-29,C00551,P0007,5,215.56,5,Debit Card
T007230,2024-12-08,C00194,P0032,1,296.45,5,PayPal
T007231,2024-11-26,C00072,P0096,3,234.04,20,PayPal
T007232,2023-12-11,C00805,P0096,1,234.04,15,Credit Card
T007233,2023-05-27,C00257,P0049,1,19.54,15,Debit Card
T007234,2024-03-08,C00395,P0002,4,119.37,10,Credit Card
T007235,2023-11-24,C00127,P0081,3,463.99,10,Cash
T007236,2024-03-23,C00110,P0021,4,140.82,10,Debit Card
T007237,2023-09-19,C00140,P0085,4,370.51,20,Cash
T007238,2023-09-13,C00179,P0007,5,215.56,10,Credit Card
T007239,2024-03-23,C00336,P0073,4,78.69,5,PayPal
T007240,2023-06-21,C00035,P0086,2,38.01,5,PayPal
T007241,2024-06-03,C00212,P0080,4,195.7,15,Credit Card
T007242,2023-06-14,C00560,P0048,2,460.06,20,PayPal
T007243,2024-06-27,C00573,P0099,5,257.88,0,PayPal
T007244,2024-09-09,C00975,P0046,1,107.47,15,PayPal
T007245,2024-10-01,C00069,P0075,5,405.93,10,PayPal
T007246,2024-02-08,C00301,P0085,3,370.51,15,PayPal
T007247,2023-11-26,C00244,P0019,5,146.21,0,Credit Card
T007248,2023-09-22,C00992,P0010,3,115.5,5,PayPal
T007249,2023-06-09,C00539,P0095,4,203.94,15,PayPal
T007250,2023-12-05,C00506,P0033,1,187.38,0,Cash
T007251,2024-05-14,C00704,P0077,3,484.81,0,Credit Card
T007252,2024-12-02,C00385,P0039,4,343.34,0,Debit Card
T007253,2024-03-09,C00147,P0063,3,431.22,0,Debit Card
T007254,2024-05-30,C00029,P0090,1,207.85,10,Credit Card
T007255,2024-04-17,C00922,P0062,1,319.24,15,Debit Card
T007256,2023-10-04,C00872,P0090,4,207.85,0,Debit Card
T007257,2023-04-19,C00101,P0053,2,385.26,10,Credit Card
T007258,2024-05-14,C00633,P0076,2,34.79,0,Cash
T007259,2023-10-02,C00493,P0045,3,156.24,5,Cash
T007260,2023-12-20,C00664,P0037,2,198.54,20,Debit Card
T007261,2023-05-09,C00576,P0098,4,498.09,15,PayPal
T007262,2023-04-03,C00697,P0046,1,107.47,15,Cash
T007263,2024-06-17,C00072,P0066,3,292.34,10,Cash
T007264,2023-04-23,C00333,P0089,3,43.58,15,Cash
T007265,2023-03-24,C00425,P0054,5,473.96,20,PayPal
T007266,2023-02-14,C00246,P0073,4,78.69,5,Cash
T007267,2023-09-14,C00655,P0053,1,385.26,10,PayPal
T007268,2023-11-18,C00713,P0016,4,104.22,0,Credit Card
T007269,2023-08-13,C00602,P0027,3,206.57,15,Debit Card
T007270,2023-07-11,C00268,P0017,3,121.67,0,Debit Card
T007271,2024-01-18,C00622,P0051,4,474.01,0,Debit Card
T007272,2023-03-25,C00657,P0019,4,146.21,20,Cash
T007273,2023-11-16,C00860,P0072,4,131.84,20,Cash
T007274,2024-07-20,C00539,P0039,4,343.34,20,Cash
T007275,2023-07-22,C00586,P0011,4,55.45,5,Credit Card
T007276,2023-12-22,C00507,P0021,1,140.82,10,Debit Card
T007277,2024-02-03,C00897,P0074,2,132.41,5,PayPal
T007278,2024-07-30,C00081,P0094,4,338.17,10,Debit Card
T007279,2023-08-29,C00964,P0001,1,64.55,5,Cash
T007280,2023-10-16,C00601,P0052,1,409.85,0,Cash
T007281,2024-02-04,C00997,P0027,1,206.57,20,Credit Card
T007282,2024-08-07,C00883,P0065,4,74.83,5,Cash
T007283,2024-11-29,C00018,P0084,5,155.39,10,PayPal
T007284,2023-08-20,C00005,P0050,4,127.33,5,Debit Card
T007285,2023-07-17,C00424,P0002,2,119.37,10,Cash
T007286,2024-04-26,C00657,P0027,3,206.57,15,Cash
T007287,2024-01-18,C00636,P0051,3,474.01,5,PayPal
T007288,2023-03-08,C00819,P0001,3,64.55,0,Credit Card
T007289,2023-08-11,C00164,P0096,4,234.04,5,Credit Card
T007290,2023-08-12,C00131,P0097,3,14.56,20,Debit Card
T007291,2024-12-27,C00312,P0057,4,108.56,5,PayPal
T007292,2023-05-11,C00743,P0088,2,480.78,10,Cash
T007293,2023-03-24,C00571,P0015,5,313.07,5,Credit Card
T007294,2023-09-06,C00004,P0070,4,330.19,20,PayPal
T007295,2024-06-01,C00423,P0086,2,38.01,0,PayPal
T007296,2023-07-24,C00991,P0084,1,155.39,0,Credit Card
T007297,2024-11-02,C00515,P0021,1,140.82,15,Cash
T007298,2024-09-09,C00829,P0004,2,216.74,15,Cash
T007299,2024-01-30,C00235,P0051,4,474.01,20,PayPal
T007300,2024-05-06,C00520,P0023,1,367.27,5,Debit Card
T007301,2024-02-29,C00596,P0042,5,11.59,10,PayPal
T007302,2023-01-11,C00206,P0025,4,282.91,20,Credit Card
T007303,2023-06-27,C00680,P0086,5,38.01,10,Credit Card
T007304,2023-08-19,C00370,P0063,2,431.22,10,Debit Card
T007305,2024-11-13,C00111,P0096,2,234.04,5,PayPal
T007306,2023-12-18,C00866,P0017,4,121.67,10,Cash
T007307,2024-04-07,C00597,P0013,3,235.12,0,Debit Card
T007308,2023-02-25,C00413,P0048,5,460.06,15,Credit Card
T007309,2024-04-12,C00129,P0009,4,352.09,10,Debit Card
T007310,2023-10-18,C00300,P0080,5,195.7,20,Credit Card
T007311,2024-05-27,C00164,P0046,5,107.47,20,Debit Card
T007312,2024-06-03,C00922,P0065,2,74.83,0,Credit Card
T007313,2023-12-02,C00284,P0016,5,104.22,15,Cash
T007314,2024-05-23,C00275,P0053,5,385.26,0,Debit Card
T007315,2024-02-14,C00087,P0093,4,266.16,10,Cash
T007316,2024-02-28,C00141,P0045,5,156.24,5,Debit Card
T007317,2024-12-21,C00397,P0097,1,14.56,20,PayPal
T007318,2024-11-03,C00726,P0035,5,431.94,0,Debit Card
T007319,2024-07-30,C00576,P0040,3,377.93,20,PayPal
T007320,2023-07-14,C00873,P0086,3,38.01,10,Cash
T007321,2024-05-06,C00885,P0053,4,385.26,0,Debit Card
T007322,2024-07-09,C00865,P0069,4,238.84,10,PayPal
T007323,2023-01-17,C00755,P0100,1,441.62,20,Credit Card
T007324,2024-12-15,C00609,P0048,3,460.06,15,Cash
T007325,2024-06-11,C00146,P0025,2,282.91,20,PayPal
T007326,2024-08-28,C00193,P0097,4,14.56,0,Credit Card
T007327,2024-08-16,C00292,P0100,1,441.62,5,Cash
T007328,2023-02-01,C00393,P0054,1,473.96,20,PayPal
T007329,2024-11-18,C00420,P0030,1,234.84,20,Cash
T007330,2024-07-01,C00959,P0006,4,107.43,5,Credit Card
T007331,2024-11-15,C00030,P0018,2,429.11,5,Credit Card
T007332,2023-03-10,C00012,P0021,5,140.82,20,Cash
T007333,2024-02-10,C00439,P0062,2,319.24,15,Debit Card
T007334,2023-01-18,C00663,P0026,4,122.23,5,PayPal
T007335,2023-09-14,C00230,P0065,4,74.83,10,Cash
T007336,2024-05-09,C00472,P0001,1,64.55,20,Credit Card
T007337,2023-12-22,C00676,P0052,3,409.85,15,PayPal
T007338,2023-07-18,C00418,P0076,4,34.79,15,Credit Card
T007339,2023-11-22,C00401,P0034,4,259.67,5,Debit Card
T007340,2023-03-19,C00258,P0051,5,474.01,0,PayPal
T007341,2023-10-05,C00916,P0055,5,437.49,20,Cash
T007342,2023-09-04,C00677,P0092,1,50.17,10,Cash
T007343,2024-06-30,C00060,P0016,2,104.22,10,Debit Card
T007344,2023-04-07,C00991,P0018,5,429.11,5,Cash
T007345,2024-03-05,C00324,P0017,3,121.67,15,Credit Card
T007346,2024-12-03,C00578,P0005,3,124.0,20,Credit Card
T007347,2023-11-10,C00870,P0002,1,119.37,10,Cash
T007348,2023-05-06,C00623,P0041,4,64.66,0,Credit Card
T007349,2023-01-27,C00939,P0010,5,115.5,0,Credit Card
T007350,2024-04-06,C00532,P0027,5,206.57,10,PayPal
T007351,2024-02-06,C00940,P0057,2,108.56,10,Cash
T007352,2023-10-17,C00865,P0032,4,296.45,20,Debit Card
T007353,2024-08-10,C00993,P0082,1,217.27,20,PayPal
T007354,2023-04-18,C00110,P0027,5,206.57,20,PayPal
T007355,2024-08-12,C00510,P0049,1,19.54,20,Debit Card
T007356,2023-05-27,C00206,P0014,1,48.61,10,PayPal
T007357,2023-05-09,C00555,P0085,3,370.51,5,PayPal
T007358,2024-10-07,C00107,P0009,1,352.09,20,Credit Card
T007359,2023-07-21,C00362,P0097,5,14.56,10,Credit Card
T007360,2024-08-14,C00171,P0038,5,269.27,10,Credit Card
T007361,2023-07-05,C00579,P0041,4,64.66,20,Credit Card
T007362,2024-11-30,C00779,P0030,2,234.84,5,Cash
T007363,2024-11-26,C00480,P0054,4,473.96,15,Credit Card
T007364,2024-10-09,C00852,P0050,2,127.33,20,PayPal
T007365,2023-03-14,C00800,P0026,3,122.23,0,Debit Card
T007366,2024-07-31,C00838,P0079,4,433.68,20,Debit Card
T007367,2024-06-30,C00294,P0060,3,175.66,5,Credit Card
T007368,2024-06-24,C00523,P0013,2,235.12,15,Debit Card
T007369,2023-06-14,C00775,P0089,5,43.58,5,Cash
T007370,2024-12-23,C00185,P0002,4,119.37,15,Debit Card
T007371,2024-06-06,C00899,P0022,1,44.99,15,Credit Card
T007372,2023-12-23,C00573,P0040,1,377.93,20,PayPal
T007373,2023-05-01,C00229,P0029,1,254.62,0,Cash
T007374,2024-06-05,C00058,P0054,3,473.96,15,Cash
T007375,2024-02-20,C00506,P0058,1,328.44,20,Debit Card
T007376,2024-12-22,C00573,P0086,5,38.01,20,Debit Card
T007377,2023-02-04,C00061,P0030,2,234.84,20,Cash
T007378,2023-11-24,C00277,P0057,1,108.56,10,Debit Card
T007379,2023-09-01,C00857,P0087,1,460.5,5,Cash
T007380,2023-01-14,C00449,P0049,4,19.54,20,Cash
T007381,2023-04-24,C00893,P0077,2,484.81,10,Cash
T007382,2024-11-09,C00388,P0023,3,367.27,10,Cash
T007383,2023-03-07,C00946,P0025,4,282.91,10,Cash
T007384,2024-05-03,C00715,P0034,3,259.67,0,PayPal
T007385,2023-11-20,C00464,P0030,3,234.84,5,PayPal
T007386,2024-03-30,C00308,P0093,3,266.16,20,Debit Card
T007387,2023-11-27,C00738,P0018,4,429.11,20,Credit Card
T007388,2024-12-25,C00836,P0015,5,313.07,10,Credit Card
T007389,2023-04-16,C00323,P0015,4,313.07,15,Debit Card
T007390,2023-08-26,C00886,P0070,3,330.19,0,PayPal
T007391,2024-04-15,C00294,P0055,4,437.49,15,Credit Card
T007392,2024-10-26,C00062,P0048,4,460.06,20,Credit Card
T007393,2024-09-15,C00208,P0070,5,330.19,5,Credit Card
T007394,2024-08-19,C00266,P0029,4,254.62,10,Credit Card
T007395,2023-07-01,C00497,P0098,3,498.09,20,Cash
T007396,2023-02-22,C00944,P0032,3,296.45,10,Cash
T007397,2023-07-27,C00247,P0089,2,43.58,20,Debit Card
T007398,2023-09-08,C00639,P0039,3,343.34,5,PayPal
T007399,2023-11-25,C00055,P0058,3,328.44,0,PayPal
T007400,2023-12-12,C00482,P0093,5,266.16,5,Cash
T007401,2023-07-16,C00557,P0069,1,238.84,5,Debit Card
T007402,2023-10-03,C00757,P0087,2,460.5,15,Credit Card
T007403,2024-01-22,C00682,P0015,5,313.07,15,Debit Card
T007404,2024-12-05,C00932,P0066,4,292.34,20,Cash
T007405,2023-09-14,C00428,P0062,2,319.24,5,Cash
T007406,2023-01-26,C00701,P0027,5,206.57,10,PayPal
T007407,2024-04-25,C00776,P0072,4,131.84,5,Cash
T007408,2024-06-23,C00585,P0013,2,235.12,0,Debit Card
T007409,2023-07-03,C00586,P0093,3,266.16,0,Debit Card
T007410,2024-12-19,C00143,P0029,5,254.62,0,Cash
T007411,2023-07-09,C00247,P0045,5,156.24,10,Credit Card
T007412,2024-05-28,C00282,P0047,3,274.3,10,PayPal
T007413,2023-03-07,C00628,P0070,2,330.19,10,Debit Card
T007414,2023-03-29,C00785,P0034,1,259.67,0,Debit Card
T007415,2023-12-22,C00231,P0052,1,409.85,5,Debit Card
T007416,2024-06-01,C00442,P0020,4,89.7,5,PayPal
T007417,2024-11-14,C00892,P0039,5,343.34,0,PayPal
T007418,2024-04-02,C00833,P0075,5,405.93,15,PayPal
T007419,2024-03-29,C00437,P0013,5,235.12,20,Cash
T007420,2024-10-31,C00095,P0018,2,429.11,5,PayPal
T007421,2023-03-03,C00428,P0068,2,332.9,20,Cash
T007422,2024-07-03,C00396,P0041,3,64.66,5,PayPal
T007423,2024-03-24,C00052,P0050,5,127.33,20,Debit Card
T007424,2023-08-04,C00591,P0003,2,372.93,10,Cash
T007425,2023-07-01,C00613,P0067,3,405.67,15,Cash
T007426,2024-11-11,C00403,P0028,2,439.42,0,Cash
T007427,2023-07-27,C00017,P0032,5,296.45,10,Cash
T007428,2023-02-12,C00481,P0014,2,48.61,15,Debit Card
T007429,2024-06-10,C00015,P0099,2,257.88,5,Cash
T007430,2023-11-16,C00051,P0078,5,91.49,10,Cash
T007431,2023-10-16,C00083,P0074,1,132.41,15,Debit Card
T007432,2023-09-18,C00725,P0084,2,155.39,0,Debit Card
T007433,2023-04-08,C00731,P0008,1,406.62,15,Cash
T007434,2023-08-29,C00385,P0099,4,257.88,5,Debit Card
T007435,2024-06-20,C00372,P0036,3,398.12,10,Credit Card
T007436,2023-10-25,C00003,P0097,5,14.56,10,Cash
T007437,2024-09-22,C00156,P0049,2,19.54,20,PayPal
T007438,2023-03-19,C00858,P0098,1,498.09,0,PayPal
T007439,2024-06-23,C00082,P0055,1,437.49,15,Cash
T007440,2023-02-14,C00676,P0095,1,203.94,5,Cash
T007441,2023-01-07,C00429,P0038,5,269.27,0,Credit Card
T007442,2024-03-28,C00628,P0034,3,259.67,5,Credit Card
T007443,2024-01-24,C00924,P0018,3,429.11,10,Credit Card
T007444,2023-01-25,C00399,P0054,4,473.96,20,PayPal
T007445,2023-11-24,C00895,P0061,2,298.34,5,Credit Card
T007446,2024-03-16,C00058,P0045,2,156.24,10,Debit Card
T007447,2023-08-05,C00538,P0100,5,441.62,5,PayPal
T007448,2023-09-30,C00261,P0096,1,234.04,15,Credit Card
T007449,2023-03-11,C00948,P0083,1,334.32,15,Debit Card
T007450,2024-09-23,C00384,P0067,1,405.67,5,Debit Card
T007451,2024-11-08,C00027,P0085,3,370.51,0,Cash
T007452,2024-03-20,C00097,P0057,3,108.56,20,PayPal
T007453,2023-08-28,C00673,P0029,2,254.62,0,Cash
T007454,2023-03-24,C00467,P0033,5,187.38,10,PayPal
T007455,2023-09-19,C00830,P0095,1,203.94,5,Debit Card
T007456,2023-10-27,C00777,P0097,5,14.56,5,Debit Card
T007457,2023-01-06,C00520,P0024,5,142.27,0,PayPal
T007458,2024-10-31,C00049,P0024,5,142.27,20,PayPal
T007459,2023-05-23,C00866,P0015,4,313.07,15,Credit Card
T007460,2023-05-04,C00428,P0021,5,140.82,15,Debit Card
T007461,2023-12-09,C00872,P0006,3,107.43,0,Cash
T007462,2023-08-22,C00140,P0092,3,50.17,20,Credit Card
T007463,2023-08-26,C00303,P0077,2,484.81,0,Debit Card
T007464,2024-12-05,C00173,P0097,3,14.56,0,Debit Card
T007465,2024-05-13,C00615,P0033,4,187.38,5,Debit Card
T007466,2024-07-28,C00518,P0030,3,234.84,10,Credit Card
T007467,2024-11-26,C00494,P0030,4,234.84,10,PayPal
T007468,2023-08-04,C00599,P0077,5,484.81,10,Debit Card
T007469,2024-07-29,C00365,P0097,5,14.56,0,Debit Card
T007470,2023-08-19,C00536,P0004,4,216.74,10,Credit Card
T007471,2023-10-22,C00422,P0072,2,131.84,5,Credit Card
T007472,2024-06-11,C00832,P0041,1,64.66,10,Credit Card
T007473,2023-10-06,C00524,P0086,4,38.01,0,PayPal
T007474,2024-08-21,C00857,P0004,3,216.74,0,Debit Card
T007475,2023-08-05,C00500,P0060,2,175.66,0,Credit Card
T007476,2024-09-21,C00495,P0007,3,215.56,10,PayPal
T007477,2024-04-26,C00708,P0074,2,132.41,20,Credit Card
T007478,2024-12-09,C00483,P0010,1,115.5,15,PayPal
T007479,2023-01-11,C00206,P0004,3,216.74,10,Cash
T007480,2024-06-24,C00912,P0087,5,460.5,10,Cash
T007481,2023-12-04,C00956,P0087,4,460.5,5,Cash
T007482,2023-10-28,C00285,P0100,5,441.62,15,Cash
T007483,2024-01-22,C00454,P0001,2,64.55,5,Cash
T007484,2024-01-23,C00060,P0094,3,338.17,15,PayPal
T007485,2023-04-17,C00007,P0019,5,146.21,0,Credit Card
T007486,2023-07-17,C00530,P0056,5,465.17,5,Debit Card
T007487,2023-12-31,C00810,P0017,5,121.67,20,PayPal
T007488,2023-01-05,C00222,P0040,5,377.93,5,PayPal
T007489,2023-04-30,C00019,P0052,2,409.85,15,PayPal
T007490,2024-05-09,C00383,P0057,2,108.56,15,Cash
T007491,2024-07-28,C00970,P0038,5,269.27,0,Debit Card
T007492,2024-11-13,C00102,P0095,4,203.94,5,Cash
T007493,2024-04-26,C00072,P0067,4,405.67,10,Debit Card
T007494,2023-09-25,C00567,P0083,1,334.32,5,PayPal
T007495,2023-09-07,C00395,P0063,3,431.22,5,Debit Card
T007496,2024-09-19,C00012,P0029,2,254.62,20,PayPal
T007497,2023-09-04,C00376,P0077,2,484.81,15,Credit Card
T007498,2024-06-18,C00551,P0084,3,155.39,5,Debit Card
T007499,2024-09-06,C00857,P0072,4,131.84,5,PayPal
T007500,2024-12-22,C00096,P0004,1,216.74,10,Cash
T007501,2023-11-08,C00337,P0059,3,231.23,15,Debit Card
T007502,2024-11-19,C00461,P0084,4,155.39,0,PayPal
T007503,2024-08-25,C00041,P0079,5,433.68,15,Cash
T007504,2024-06-30,C00618,P0009,3,352.09,10,Cash
T007505,2023-12-11,C00491,P0074,4,132.41,5,Cash
T007506,2023-04-07,C00952,P0100,1,441.62,5,PayPal
T007507,2023-01-22,C00482,P0044,2,258.76,15,Credit Card
T007508,2023-02-22,C00887,P0067,1,405.67,10,Credit Card
T007509,2024-12-23,C00509,P0087,3,460.5,15,PayPal
T007510,2023-08-08,C00486,P0005,2,124.0,0,Cash
T007511,2024-11-08,C00822,P0059,1,231.23,15,Credit Card
T007512,2024-02-01,C00519,P0041,4,64.66,5,Debit Card
T007513,2024-02-25,C00316,P0032,1,296.45,0,Credit Card
T007514,2023-09-28,C00880,P0069,3,238.84,15,Cash
T007515,2024-04-05,C00964,P0015,2,313.07,15,PayPal
T007516,2024-05-03,C00164,P0089,5,43.58,0,Debit Card
T007517,2024-08-23,C00171,P0016,4,104.22,20,PayPal
T007518,2024-10-26,C00265,P0022,5,44.99,20,Credit Card
T007519,2024-10-01,C00027,P0052,5,409.85,10,Credit Card
T007520,2024-12-13,C00694,P0045,5,156.24,10,PayPal
T007521,2023-07-17,C00731,P0060,2,175.66,0,PayPal
T007522,2023-08-08,C00921,P0059,4,231.23,5,Credit Card
T007523,2024-06-26,C00378,P0042,5,11.59,15,Cash
T007524,2023-01-23,C00842,P0064,1,146.45,15,PayPal
T007525,2023-09-19,C00728,P0071,1,207.28,10,PayPal
T007526,2023-01-03,C00061,P0001,3,64.55,0,Cash
T007527,2024-01-14,C00047,P0053,2,385.26,5,Credit Card
T007528,2023-02-22,C00433,P0094,3,338.17,0,Cash
T007529,2024-09-13,C00163,P0063,5,431.22,15,Debit Card
T007530,2023-06-30,C00576,P0094,5,338.17,10,PayPal
T007531,2023-06-07,C00947,P0059,2,231.23,10,PayPal
T007532,2024-08-25,C00498,P0092,5,50.17,20,Debit Card
T007533,2024-01-19,C00817,P0015,5,313.07,15,Debit Card
T007534,2024-02-25,C00647,P0053,3,385.26,10,Cash
T007535,2024-01-11,C00923,P0066,4,292.34,20,Debit Card
T007536,2024-11-13,C00932,P0062,1,319.24,0,PayPal
T007537,2023-07-12,C00763,P0076,2,34.79,10,Credit Card
T007538,2024-03-16,C00826,P0089,4,43.58,15,Credit Card
T007539,2024-07-25,C00200,P0042,4,11.59,0,Credit Card
T007540,2024-05-01,C00951,P0038,2,269.27,0,PayPal
T007541,2023-03-04,C00359,P0021,4,140.82,0,Credit Card
T007542,2023-10-28,C00206,P0016,1,104.22,15,Cash
T007543,2024-05-21,C00361,P0060,2,175.66,15,Credit Card
T007544,2024-03-24,C00160,P0015,4,313.07,20,Cash
T007545,2023-04-16,C00441,P0057,2,108.56,10,Credit Card
T007546,2024-02-25,C00303,P0098,2,498.09,15,Debit Card
T007547,2024-08-06,C00623,P0093,1,266.16,10,Debit Card
T007548,2024-06-08,C00645,P0071,1,207.28,15,Cash
T007549,2024-04-17,C00139,P0051,2,474.01,15,Credit Card
T007550,2023-05-28,C00357,P0095,3,203.94,5,Credit Card
T007551,2024-02-10,C00238,P0082,5,217.27,0,PayPal
T007552,2024-06-06,C00432,P0040,3,377.93,15,Debit Card
T007553,2023-12-10,C00056,P0054,3,473.96,15,Cash
T007554,2024-06-08,C00670,P0021,1,140.82,5,Cash
T007555,2024-09-27,C00401,P0003,1,372.93,10,PayPal
T007556,2023-02-03,C00833,P0085,2,370.51,15,Credit Card
T007557,2023-09-01,C00031,P0033,5,187.38,15,Debit Card
T007558,2023-04-06,C00159,P0018,1,429.11,15,Cash
T007559,2024-03-25,C00416,P0056,3,465.17,10,Credit Card
T007560,2023-11-29,C00754,P0030,2,234.84,10,Debit Card
T007561,2024-10-04,C00117,P0084,4,155.39,20,PayPal
T007562,2023-08-15,C00230,P0043,2,139.06,20,Cash
T007563,2023-03-17,C00564,P0060,1,175.66,10,Credit Card
T007564,2023-09-03,C00033,P0067,3,405.67,15,Debit Card
T007565,2023-07-11,C00229,P0015,4,313.07,15,Cash
T007566,2023-10-31,C00341,P0046,3,107.47,5,Cash
T007567,2023-04-23,C00123,P0041,1,64.66,15,Credit Card
T007568,2023-12-23,C00375,P0086,4,38.01,0,PayPal
T007569,2023-06-10,C00969,P0080,3,195.7,0,Cash
T007570,2024-06-28,C00911,P0064,3,146.45,10,Credit Card
T007571,2023-05-10,C00196,P0099,3,257.88,20,Cash
T007572,2024-11-02,C00956,P0023,3,367.27,20,Cash
T007573,2024-09-03,C00896,P0020,4,89.7,5,PayPal
T007574,2024-03-17,C00036,P0004,4,216.74,5,PayPal
T007575,2024-11-12,C00065,P0045,3,156.24,0,Cash
T007576,2024-08-24,C00458,P0097,3,14.56,0,Debit Card
T007577,2024-05-01,C00257,P0067,5,405.67,10,Debit Card
T007578,2023-03-10,C00466,P0023,2,367.27,10,PayPal
T007579,2023-12-09,C00662,P0068,1,332.9,0,Cash
T007580,2024-03-09,C00164,P0089,1,43.58,5,PayPal
T007581,2024-03-02,C00092,P0098,4,498.09,10,Cash
T007582,2023-03-20,C00153,P0041,4,64.66,10,Debit Card
T007583,2023-06-04,C00131,P0019,3,146.21,15,Credit Card
T007584,2024-11-23,C00098,P0066,1,292.34,0,PayPal
T007585,2024-06-24,C00111,P0089,2,43.58,20,Cash
T007586,2023-03-16,C00572,P0079,5,433.68,10,Credit Card
T007587,2024-07-22,C00901,P0077,3,484.81,5,Cash
T007588,2023-11-06,C00683,P0071,1,207.28,5,Cash
T007589,2024-06-11,C00500,P0015,5,313.07,5,Credit Card
T007590,2023-01-15,C00873,P0067,1,405.67,10,Credit Card
T007591,2023-12-04,C00931,P0084,5,155.39,0,Credit Card
T007592,2023-10-02,C00198,P0003,2,372.93,10,Credit Card
T007593,2023-12-15,C00567,P0005,1,124.0,0,PayPal
T007594,2024-01-21,C00227,P0091,3,130.65,20,Cash
T007595,2024-08-28,C00039,P0076,2,34.79,0,Debit Card
T007596,2023-03-12,C00421,P0013,4,235.12,20,PayPal
T007597,2024-03-04,C00912,P0003,2,372.93,0,Debit Card
T007598,2023-10-25,C00986,P0056,4,465.17,15,PayPal
T007599,2023-05-28,C00118,P0065,2,74.83,10,Debit Card
T007600,2024-02-11,C00163,P0100,1,441.62,15,PayPal
T007601,2024-09-28,C00844,P0066,5,292.34,10,PayPal
T007602,2024-09-05,C00868,P0010,2,115.5,15,Credit Card
T007603,2024-08-15,C00001,P0020,2,89.7,5,Credit Card
T007604,2023-09-23,C00444,P0096,3,234.04,15,PayPal
T007605,2024-05-22,C00924,P0092,1,50.17,15,Cash
T007606,2023-12-29,C00872,P0063,5,431.22,0,Debit Card
T007607,2023-01-24,C00589,P0037,5,198.54,10,Credit Card
T007608,2023-11-07,C00950,P0031,5,375.04,20,Cash
T007609,2023-10-25,C00103,P0084,4,155.39,10,PayPal
T007610,2023-02-10,C00395,P0068,2,332.9,20,PayPal
T007611,2023-07-14,C00788,P0017,2,121.67,5,Credit Card
T007612,2024-04-28,C00278,P0019,5,146.21,15,Cash
T007613,2023-09-18,C00939,P0013,2,235.12,15,Credit Card
T007614,2023-08-11,C00888,P0086,5,38.01,10,PayPal
T007615,2024-05-16,C00329,P0033,5,187.38,15,Credit Card
T007616,2024-05-31,C00014,P0096,3,234.04,20,Debit Card
T007617,2024-08-13,C00320,P0032,1,296.45,20,Debit Card
T007618,2024-01-13,C00649,P0035,3,431.94,5,Cash
T007619,2024-06-11,C00362,P0068,5,332.9,20,Credit Card
T007620,2024-08-26,C00016,P0023,4,367.27,20,Cash
T007621,2024-01-17,C00628,P0049,2,19.54,5,PayPal
T007622,2024-11-11,C00425,P0077,2,484.81,15,Cash
T007623,2024-12-05,C00143,P0021,2,140.82,15,Debit Card
T007624,2023-03-26,C00482,P0023,3,367.27,5,PayPal
T007625,2023-05-06,C00211,P0069,5,238.84,20,PayPal
T007626,2023-12-14,C00482,P0082,5,217.27,0,Debit Card
T007627,2023-05-18,C00019,P0066,1,292.34,15,Cash
T007628,2023-03-24,C00997,P0087,1,460.5,15,Debit Card
T007629,2024-07-31,C00372,P0038,1,269.27,5,Cash
T007630,2024-11-07,C00586,P0098,3,498.09,10,Cash
T007631,2023-08-17,C00374,P0100,2,441.62,10,Credit Card
T007632,2024-10-19,C00714,P0037,2,198.54,20,Credit Card
T007633,2023-02-01,C00223,P0096,2,234.04,5,Credit Card
T007634,2024-06-25,C00859,P0056,4,465.17,15,Credit Card
T007635,2024-03-10,C00656,P0055,4,437.49,10,Cash
T007636,2024-05-08,C00650,P0083,2,334.32,0,Credit Card
T007637,2023-03-23,C00894,P0085,1,370.51,10,Credit Card
T007638,2024-07-18,C00522,P0030,3,234.84,5,Cash
T007639,2024-07-25,C00404,P0023,1,367.27,0,Cash
T007640,2024-04-25,C00488,P0092,5,50.17,10,Debit Card
T007641,2023-07-12,C00955,P0096,3,234.04,5,Debit Card
T007642,2023-11-29,C00606,P0028,2,439.42,20,Debit Card
T007643,2023-05-18,C00132,P0034,3,259.67,15,Cash
T007644,2024-04-06,C00186,P0099,4,257.88,15,PayPal
T007645,2024-01-06,C00691,P0058,3,328.44,0,Debit Card
T007646,2023-04-20,C00824,P0085,5,370.51,20,PayPal
T007647,2023-07-11,C00103,P0012,3,305.83,20,PayPal
T007648,2024-03-18,C00233,P0005,4,124.0,5,Debit Card
T007649,2024-08-19,C00729,P0051,5,474.01,15,PayPal
T007650,2023-06-30,C00777,P0003,3,372.93,15,PayPal
T007651,2024-12-05,C00709,P0081,5,463.99,20,Debit Card
T007652,2024-01-13,C00516,P0085,5,370.51,10,Cash
T007653,2024-05-01,C00902,P0008,4,406.62,20,Debit Card
T007654,2024-11-29,C00182,P0076,5,34.79,10,Debit Card
T007655,2023-05-14,C00655,P0083,1,334.32,5,PayPal
T007656,2023-11-14,C00084,P0053,4,385.26,15,PayPal
T007657,2024-02-26,C00456,P0096,4,234.04,20,Credit Card
T007658,2024-06-16,C00584,P0098,5,498.09,15,Debit Card
T007659,2024-02-29,C00942,P0096,1,234.04,5,PayPal
T007660,2024-09-25,C00298,P0092,3,50.17,20,Debit Card
T007661,2024-12-22,C00118,P0009,5,352.09,10,Cash
T007662,2023-06-27,C00976,P0030,3,234.84,0,Credit Card
T007663,2024-09-25,C00472,P0036,2,398.12,15,Cash
T007664,2024-08-07,C00141,P0055,4,437.49,5,Cash
T007665,2023-12-28,C00785,P0038,5,269.27,20,Cash
T007666,2024-11-26,C00584,P0060,1,175.66,15,Debit Card
T007667,2023-05-19,C00046,P0003,5,372.93,0,Credit Card
T007668,2023-01-31,C00761,P0013,3,235.12,5,Cash
T007669,2024-11-14,C00611,P0054,1,473.96,15,Debit Card
T007670,2023-11-24,C00330,P0011,4,55.45,10,PayPal
T007671,2023-04-21,C00888,P0033,5,187.38,0,Cash
T007672,2024-03-31,C00648,P0013,1,235.12,20,Credit Card
T007673,2023-01-02,C00272,P0092,3,50.17,20,Cash
T007674,2023-07-07,C00161,P0035,2,431.94,15,PayPal
T007675,2024-12-09,C00982,P0076,4,34.79,15,PayPal
T007676,2024-12-21,C00132,P0085,5,370.51,10,Debit Card
T007677,2023-02-15,C00118,P0045,4,156.24,0,Cash
T007678,2023-06-09,C00340,P0096,1,234.04,5,Debit Card
T007679,2023-09-20,C00778,P0027,2,206.57,10,Debit Card
T007680,2024-03-18,C00383,P0060,4,175.66,15,Cash
T007681,2024-03-30,C00257,P0028,2,439.42,15,PayPal
T007682,2024-06-28,C00331,P0062,1,319.24,5,Credit Card
T007683,2023-01-10,C00726,P0039,5,343.34,15,Credit Card
T007684,2023-09-20,C00482,P0001,4,64.55,0,Debit Card
T007685,2024-06-06,C00979,P0004,4,216.74,0,Credit Card
T007686,2024-05-07,C00404,P0034,4,259.67,15,Cash
T007687,2024-11-15,C00486,P0035,2,431.94,0,Cash
T007688,2023-05-03,C00959,P0097,2,14.56,10,Debit Card
T007689,2024-01-13,C00434,P0050,5,127.33,5,Credit Card
T007690,2023-08-12,C00357,P0020,2,89.7,15,PayPal
T007691,2023-05-28,C00334,P0047,5,274.3,15,Cash
T007692,2024-05-16,C00328,P0027,1,206.57,15,Credit Card
T007693,2023-02-26,C00512,P0085,2,370.51,20,Debit Card
T007694,2024-10-30,C00305,P0077,4,484.81,15,PayPal
T007695,2024-03-01,C00695,P0096,1,234.04,5,Cash
T007696,2023-04-01,C00625,P0034,5,259.67,5,Cash
T007697,2024-11-17,C00110,P0031,5,375.04,15,Debit Card
T007698,2024-03-27,C00404,P0043,3,139.06,10,Debit Card
T007699,2024-08-17,C00040,P0098,5,498.09,10,Credit Card
T007700,2024-10-06,C00857,P0078,3,91.49,15,Cash
T007701,2023-08-11,C00064,P0003,4,372.93,5,Cash
T007702,2023-05-29,C00948,P0092,1,50.17,0,PayPal
T007703,2024-11-26,C00399,P0010,3,115.5,0,Cash
T007704,2024-06-06,C00892,P0060,1,175.66,10,Credit Card
T007705,2023-04-03,C00759,P0027,3,206.57,5,Cash
T007706,2024-10-08,C00647,P0086,2,38.01,20,Cash
T007707,2024-01-09,C00495,P0021,2,140.82,20,PayPal
T007708,2024-08-17,C00558,P0096,4,234.04,15,Cash
T007709,2024-04-25,C00063,P0090,3,207.85,10,PayPal
T007710,2024-06-13,C00599,P0076,1,34.79,15,Credit Card
T007711,2023-07-06,C00602,P0089,5,43.58,15,Credit Card
T007712,2023-11-30,C00721,P0038,5,269.27,5,Cash
T007713,2023-01-10,C00673,P0007,2,215.56,20,Debit Card
T007714,2023-08-11,C00713,P0100,1,441.62,5,Debit Card
T007715,2024-02-05,C00586,P0066,2,292.34,15,PayPal
T007716,2024-03-06,C00161,P0003,1,372.93,5,Cash
T007717,2024-07-12,C00295,P0069,1,238.84,10,Cash
T007718,2024-05-08,C00710,P0011,2,55.45,20,Credit Card
T007719,2024-06-22,C00177,P0035,3,431.94,0,PayPal
T007720,2024-02-28,C00088,P0097,4,14.56,15,PayPal
T007721,2023-12-11,C00615,P0072,2,131.84,5,Debit Card
T007722,2024-12-10,C00371,P0048,2,460.06,20,PayPal
T007723,2024-07-23,C00685,P0063,1,431.22,15,Debit Card
T007724,2023-01-06,C00155,P0086,2,38.01,20,Debit Card
T007725,2024-09-14,C00817,P0029,2,254.62,10,Debit Card
T007726,2024-07-10,C00540,P0057,5,108.56,15,Credit Card
T007727,2024-01-19,C00916,P0093,2,266.16,10,Cash
T007728,2023-11-04,C00966,P0063,2,431.22,15,PayPal
T007729,2024-05-25,C00423,P0035,3,431.94,10,PayPal
T007730,2023-02-04,C00701,P0059,2,231.23,20,Debit Card
T007731,2023-04-16,C00011,P0098,1,498.09,20,PayPal
T007732,2024-12-01,C00539,P0007,5,215.56,0,Cash
T007733,2023-11-20,C00758,P0052,3,409.85,10,Credit Card
T007734,2024-11-24,C00556,P0044,1,258.76,0,PayPal
T007735,2024-06-26,C00112,P0002,1,119.37,20,Cash
T007736,2024-05-13,C00504,P0077,3,484.81,10,Cash
T007737,2024-03-21,C00603,P0011,2,55.45,15,Cash
T007738,2024-01-21,C00850,P0025,4,282.91,10,Cash
T007739,2023-12-05,C00959,P0032,2,296.45,5,PayPal
T007740,2024-03-30,C00284,P0057,5,108.56,15,Debit Card
T007741,2023-07-23,C00592,P0062,2,319.24,5,Cash
T007742,2023-06-24,C00118,P0065,5,74.83,0,PayPal
T007743,2023-01-01,C00224,P0024,4,142.27,10,Debit Card
T007744,2024-07-16,C00511,P0082,2,217.27,10,PayPal
T007745,2023-02-21,C00987,P0042,2,11.59,0,PayPal
T007746,2023-01-09,C00931,P0041,1,64.66,10,Cash
T007747,2023-05-14,C00427,P0097,1,14.56,20,Cash
T007748,2024-10-18,C00438,P0073,2,78.69,20,Credit Card
T007749,2023-10-04,C00973,P0046,5,107.47,15,Cash
T007750,2023-08-30,C00387,P0053,1,385.26,20,PayPal
T007751,2024-08-17,C00622,P0015,5,313.07,0,Cash
T007752,2023-11-02,C00738,P0063,2,431.22,15,Cash
T007753,2024-01-09,C00629,P0027,4,206.57,20,PayPal
T007754,2024-06-20,C00826,P0058,3,328.44,20,PayPal
T007755,2024-11-01,C00464,P0047,1,274.3,5,Credit Card
T007756,2024-10-08,C00549,P0079,3,433.68,10,PayPal
T007757,2024-09-07,C00067,P0050,4,127.33,5,PayPal
T007758,2023-07-05,C00491,P0044,3,258.76,15,Cash
T007759,2024-05-09,C00243,P0036,4,398.12,5,Credit Card
T007760,2023-05-26,C00520,P0029,3,254.62,20,Cash
T007761,2024-03-31,C00393,P0048,1,460.06,20,Credit Card
T007762,2024-07-15,C00577,P0097,5,14.56,15,PayPal
T007763,2024-01-18,C00607,P0064,5,146.45,5,Debit Card
T007764,2023-07-11,C00042,P0077,1,484.81,0,PayPal
T007765,2024-08-26,C00328,P0002,3,119.37,10,Credit Card
T007766,2024-03-24,C00389,P0030,3,234.84,20,PayPal
T007767,2023-10-19,C00331,P0005,5,124.0,0,Debit Card
T007768,2023-10-11,C00948,P0039,2,343.34,10,Cash
T007769,2023-05-09,C00758,P0085,4,370.51,0,Debit Card
T007770,2023-07-12,C00240,P0079,2,433.68,0,Cash
T007771,2023-12-11,C00208,P0031,3,375.04,5,PayPal
T007772,2024-09-19,C00322,P0061,5,298.34,20,Credit Card
T007773,2024-08-07,C00831,P0051,2,474.01,20,Debit Card
T007774,2024-12-21,C00609,P0016,4,104.22,0,Cash
T007775,2024-07-27,C00783,P0063,3,431.22,15,Debit Card
T007776,2024-12-19,C00195,P0061,4,298.34,15,Debit Card
T007777,2023-02-18,C00955,P0076,4,34.79,15,Debit Card
T007778,2024-08-17,C00833,P0083,5,334.32,5,Cash
T007779,2024-01-30,C00028,P0053,5,385.26,15,Cash
T007780,2024-05-30,C00953,P0042,3,11.59,0,Credit Card
T007781,2024-12-03,C00300,P0083,3,334.32,10,Credit Card
T007782,2024-03-30,C00144,P0091,5,130.65,15,Debit Card
T007783,2024-09-16,C00995,P0094,1,338.17,0,Credit Card
T007784,2024-03-28,C00237,P0079,2,433.68,5,Cash
T007785,2023-12-31,C00460,P0019,5,146.21,5,PayPal
T007786,2023-10-24,C00244,P0050,1,127.33,10,PayPal
T007787,2024-11-17,C00756,P0011,3,55.45,15,Cash
T007788,2023-05-04,C00470,P0009,4,352.09,10,Debit Card
T007789,2024-08-21,C00861,P0071,4,207.28,5,PayPal
T007790,2024-10-14,C00567,P0041,1,64.66,20,Cash
T007791,2024-11-17,C00519,P0005,5,124.0,10,Credit Card
T007792,2024-05-21,C00729,P0043,3,139.06,5,Credit Card
T007793,2024-01-09,C00760,P0026,4,122.23,10,Cash
T007794,2023-05-26,C00535,P0056,2,465.17,20,PayPal
T007795,2023-02-04,C00465,P0099,1,257.88,10,Credit Card
T007796,2023-07-14,C00419,P0006,5,107.43,15,Cash
T007797,2023-07-06,C00799,P0009,2,352.09,20,Credit Card
T007798,2023-11-22,C00561,P0050,2,127.33,20,Cash
T007799,2023-01-29,C00496,P0024,5,142.27,10,Debit Card
T007800,2024-04-05,C00899,P0073,5,78.69,5,Credit Card
T007801,2023-10-23,C00588,P0093,2,266.16,10,Credit Card
T007802,2023-08-17,C00106,P0061,4,298.34,5,Credit Card
T007803,2024-03-12,C00197,P0089,5,43.58,0,PayPal
T007804,2024-06-27,C00035,P0028,4,439.42,20,PayPal
T007805,2024-11-30,C00210,P0065,4,74.83,20,Credit Card
T007806,2024-03-09,C00166,P0057,2,108.56,20,Cash
T007807,2024-03-11,C00683,P0044,4,258.76,0,Cash
T007808,2024-05-01,C00381,P0062,3,319.24,20,PayPal
T007809,2024-04-04,C00753,P0032,3,296.45,10,Credit Card
T007810,2023-01-04,C00967,P0041,4,64.66,15,Debit Card
T007811,2023-12-29,C00301,P0002,1,119.37,5,PayPal
T007812,2024-12-05,C00546,P0096,5,234.04,20,Credit Card
T007813,2023-01-27,C00554,P0081,3,463.99,10,Cash
T007814,2023-06-04,C00351,P0028,4,439.42,20,PayPal
T007815,2024-01-04,C00645,P0061,2,298.34,0,Credit Card
T007816,2023-06-06,C00964,P0037,1,198.54,0,PayPal
T007817,2023-03-29,C00061,P0048,4,460.06,10,Debit Card
T007818,2023-04-30,C00389,P0052,1,409.85,20,Credit Card
T007819,2024-03-14,C00697,P0099,1,257.88,0,PayPal
T007820,2024-10-12,C00645,P0047,4,274.3,15,Credit Card
T007821,2023-08-25,C00292,P0083,1,334.32,10,Cash
T007822,2024-11-10,C00365,P0084,1,155.39,0,Credit Card
T007823,2023-11-16,C00566,P0043,3,139.06,0,Debit Card
T007824,2023-05-14,C00490,P0081,1,463.99,15,Credit Card
T007825,2024-10-28,C00318,P0050,5,127.33,10,Debit Card
T007826,2023-12-07,C00665,P0056,3,465.17,20,Credit Card
T007827,2024-11-25,C00808,P0029,4,254.62,5,Debit Card
T007828,2024-02-18,C00499,P0038,2,269.27,5,PayPal
T007829,2024-01-07,C00790,P0042,5,11.59,0,Cash
T007830,2023-02-09,C00748,P0068,2,332.9,5,PayPal
T007831,2023-03-08,C00792,P0098,3,498.09,5,PayPal
T007832,2023-10-06,C00652,P0083,5,334.32,15,Cash
T007833,2024-12-20,C00688,P0032,5,296.45,0,Credit Card
T007834,2023-02-05,C00366,P0034,2,259.67,20,Credit Card
T007835,2023-10-07,C00997,P0090,5,207.85,20,Cash
T007836,2024-05-22,C00170,P0081,3,463.99,0,PayPal
T007837,2023-01-11,C00590,P0088,4,480.78,0,Cash
T007838,2023-02-22,C00594,P0073,5,78.69,15,Debit Card
T007839,2023-03-17,C00845,P0064,1,146.45,20,Credit Card
T007840,2024-02-12,C00983,P0053,5,385.26,20,Credit Card
T007841,2023-08-17,C00236,P0003,5,372.93,10,Cash
T007842,2024-09-09,C00696,P0014,2,48.61,20,Credit Card
T007843,2024-01-09,C00104,P0007,4,215.56,10,PayPal
T007844,2023-09-25,C00395,P0053,2,385.26,10,Cash
T007845,2023-08-26,C00159,P0015,3,313.07,5,Cash
T007846,2023-04-21,C00452,P0017,4,121.67,20,Cash
T007847,2024-02-09,C00789,P0023,2,367.27,20,PayPal
T007848,2024-05-25,C00655,P0096,5,234.04,10,Cash
T007849,2023-10-14,C00039,P0047,5,274.3,0,Cash
T007850,2023-05-03,C00926,P0060,2,175.66,5,Credit Card
T007851,2023-12-11,C00508,P0100,1,441.62,15,Credit Card
T007852,2023-10-12,C00392,P0023,1,367.27,10,PayPal
T007853,2024-04-03,C00919,P0012,4,305.83,10,Credit Card
T007854,2023-09-29,C00785,P0034,1,259.67,10,Debit Card
T007855,2024-03-16,C00291,P0034,3,259.67,20,Debit Card
T007856,2024-09-05,C00757,P0054,5,473.96,10,PayPal
T007857,2023-09-21,C00676,P0012,5,305.83,0,Debit Card
T007858,2024-04-19,C00046,P0072,3,131.84,20,Cash
T007859,2024-03-14,C00022,P0018,5,429.11,5,Debit Card
T007860,2024-03-30,C00609,P0032,4,296.45,10,Debit Card
T007861,2023-11-16,C00837,P0023,4,367.27,15,Credit Card
T007862,2024-12-22,C00289,P0063,1,431.22,10,Cash
T007863,2023-09-25,C00915,P0098,3,498.09,0,Debit Card
T007864,2024-03-21,C00127,P0089,2,43.58,10,Debit Card
T007865,2023-10-17,C00334,P0020,3,89.7,10,Cash
T007866,2023-03-30,C00203,P0072,2,131.84,15,Debit Card
T007867,2023-04-01,C00547,P0027,3,206.57,0,PayPal
T007868,2023-12-19,C00863,P0010,1,115.5,20,PayPal
T007869,2023-10-07,C00892,P0017,3,121.67,5,Cash
T007870,2023-12-14,C00377,P0001,4,64.55,20,Credit Card
T007871,2024-06-06,C00663,P0036,5,398.12,5,Credit Card
T007872,2024-03-25,C00483,P0021,1,140.82,5,Cash
T007873,2023-07-12,C00315,P0027,1,206.57,5,Debit Card
T007874,2024-05-15,C00959,P0068,1,332.9,5,Debit Card
T007875,2024-02-21,C00163,P0061,4,298.34,5,Debit Card
T007876,2023-06-08,C00129,P0053,4,385.26,15,Cash
T007877,2024-03-25,C00445,P0038,5,269.27,10,Credit Card
T007878,2024-08-17,C00865,P0082,3,217.27,15,Cash
T007879,2024-10-17,C00469,P0091,3,130.65,20,Debit Card
T007880,2024-08-11,C00275,P0038,5,269.27,20,Debit Card
T007881,2023-03-16,C00428,P0026,4,122.23,10,Cash
T007882,2023-06-10,C00769,P0094,4,338.17,15,PayPal
T007883,2024-12-27,C00988,P0078,1,91.49,10,Debit Card
T007884,2024-02-19,C00433,P0084,4,155.39,20,Debit Card
T007885,2023-07-11,C00196,P0005,1,124.0,15,Credit Card
T007886,2024-12-31,C00796,P0092,2,50.17,0,Cash
T007887,2024-04-05,C00016,P0077,3,484.81,5,PayPal
T007888,2023-02-12,C00568,P0027,5,206.57,5,Debit Card
T007889,2023-07-24,C00670,P0014,3,48.61,0,Credit Card
T007890,2023-04-18,C00413,P0051,3,474.01,20,Credit Card
T007891,2023-06-11,C00434,P0032,2,296.45,20,Credit Card
T007892,2023-05-03,C00228,P0077,5,484.81,20,PayPal
T007893,2023-07-18,C00113,P0010,3,115.5,10,Debit Card
T007894,2024-07-30,C00558,P0062,1,319.24,10,Cash
T007895,2023-09-09,C00829,P0034,1,259.67,10,Credit Card
T007896,2023-01-23,C00387,P0087,4,460.5,0,Cash
T007897,2023-07-07,C00733,P0031,4,375.04,10,Credit Card
T007898,2023-10-24,C00039,P0051,2,474.01,15,Debit Card
T007899,2023-05-27,C00884,P0040,4,377.93,20,Debit Card
T007900,2023-05-29,C00108,P0044,5,258.76,5,Cash
T007901,2024-10-18,C00966,P0013,2,235.12,10,Credit Card
T007902,2024-03-01,C00067,P0017,1,121.67,20,PayPal
T007903,2023-02-03,C00331,P0010,4,115.5,20,Cash
T007904,2024-10-29,C00405,P0003,2,372.93,20,Credit Card
T007905,2023-02-08,C00627,P0073,4,78.69,10,Debit Card
T007906,2024-03-08,C00406,P0068,4,332.9,10,Credit Card
T007907,2024-06-30,C00429,P0028,5,439.42,0,Cash
T007908,2024-07-24,C00956,P0087,2,460.5,0,PayPal
T007909,2023-02-12,C00977,P0057,2,108.56,15,Debit Card
T007910,2023-02-25,C00703,P0068,4,332.9,0,PayPal
T007911,2023-07-22,C00019,P0075,2,405.93,20,Credit Card
T007912,2024-09-09,C00027,P0020,1,89.7,10,Cash
T007913,2023-07-01,C00816,P0051,1,474.01,15,Credit Card
T007914,2024-10-09,C00668,P0023,3,367.27,15,PayPal
T007915,2024-06-09,C00915,P0042,4,11.59,20,Debit Card
T007916,2023-03-06,C00173,P0030,4,234.84,5,Credit Card
T007917,2023-12-05,C00157,P0023,5,367.27,5,Debit Card
T007918,2023-05-19,C00465,P0074,2,132.41,10,PayPal
T007919,2023-02-08,C00304,P0015,5,313.07,5,PayPal
T007920,2024-05-16,C00905,P0099,3,257.88,10,Debit Card
T007921,2024-10-18,C00519,P0011,5,55.45,15,PayPal
T007922,2024-01-05,C00275,P0077,4,484.81,20,Credit Card
T007923,2023-02-28,C00834,P0061,5,298.34,5,PayPal
T007924,2024-03-14,C00410,P0028,4,439.42,20,Debit Card
T007925,2024-05-04,C00369,P0045,3,156.24,0,PayPal
T007926,2023-12-11,C00250,P0070,5,330.19,15,PayPal
T007927,2023-02-09,C00896,P0002,4,119.37,15,Credit Card
T007928,2024-09-23,C00056,P0075,2,405.93,0,Cash
T007929,2023-05-29,C00646,P0013,1,235.12,5,PayPal
T007930,2024-08-24,C00513,P0091,1,130.65,10,Debit Card
T007931,2023-08-03,C00113,P0031,3,375.04,15,Cash
T007932,2023-09-28,C00119,P0003,1,372.93,0,PayPal
T007933,2024-02-20,C00093,P0004,5,216.74,5,Debit Card
T007934,2023-12-01,C00008,P0024,4,142.27,5,Debit Card
T007935,2024-01-28,C00704,P0007,5,215.56,5,Credit Card
T007936,2024-02-02,C00283,P0096,2,234.04,15,Cash
T007937,2023-08-21,C00120,P0030,4,234.84,0,PayPal
T007938,2023-02-23,C00977,P0071,2,207.28,5,Credit Card
T007939,2023-01-08,C00487,P0009,1,352.09,15,Credit Card
T007940,2024-09-08,C00303,P0075,3,405.93,15,PayPal
T007941,2023-02-17,C00781,P0043,1,139.06,20,PayPal
T007942,2023-01-30,C00076,P0071,5,207.28,0,Credit Card
T007943,2023-12-07,C00790,P0053,4,385.26,5,PayPal
T007944,2023-06-11,C00232,P0054,3,473.96,20,PayPal
T007945,2023-03-31,C00819,P0061,4,298.34,5,PayPal
T007946,2023-07-06,C00113,P0034,2,259.67,0,Debit Card
T007947,2024-12-22,C00826,P0024,5,142.27,15,Cash
T007948,2023-04-11,C00407,P0007,4,215.56,10,Cash
T007949,2023-01-23,C00302,P0022,5,44.99,5,Debit Card
T007950,2024-01-11,C00451,P0058,4,328.44,10,Credit Card
T007951,2024-11-11,C00594,P0039,1,343.34,10,Cash
T007952,2023-03-29,C00346,P0064,2,146.45,5,Debit Card
T007953,2024-12-31,C00885,P0064,5,146.45,20,Cash
T007954,2024-12-11,C00787,P0087,3,460.5,5,Cash
T007955,2023-05-05,C00540,P0041,4,64.66,20,Credit Card
T007956,2024-02-15,C00568,P0094,2,338.17,0,Cash
T007957,2023-04-19,C00887,P0041,1,64.66,0,Credit Card
T007958,2023-09-22,C00741,P0021,3,140.82,0,Debit Card
T007959,2023-10-27,C00826,P0090,5,207.85,10,PayPal
T007960,2023-11-09,C00451,P0054,2,473.96,0,Debit Card
T007961,2024-03-30,C00946,P0010,4,115.5,10,Credit Card
T007962,2024-08-10,C00699,P0001,4,64.55,15,PayPal
T007963,2023-11-14,C00671,P0041,1,64.66,20,PayPal
T007964,2024-05-02,C00834,P0095,1,203.94,5,PayPal
T007965,2023-01-08,C00666,P0016,1,104.22,15,Cash
T007966,2023-04-02,C00030,P0060,4,175.66,0,Debit Card
T007967,2024-10-27,C00117,P0005,1,124.0,5,Cash
T007968,2023-08-07,C00227,P0069,1,238.84,20,Credit Card
T007969,2024-04-10,C00031,P0021,2,140.82,10,Cash
T007970,2024-08-24,C00367,P0049,4,19.54,10,Credit Card
T007971,2023-02-01,C00584,P0009,1,352.09,10,PayPal
T007972,2023-05-13,C00409,P0100,1,441.62,15,Debit Card
T007973,2023-10-25,C00126,P0010,4,115.5,10,Debit Card
T007974,2023-10-05,C00706,P0098,2,498.09,10,Credit Card
T007975,2023-05-06,C00900,P0033,4,187.38,10,PayPal
T007976,2024-11-05,C00966,P0051,4,474.01,5,PayPal
T007977,2024-06-24,C00130,P0019,2,146.21,0,Cash
T007978,2023-10-28,C00761,P0017,1,121.67,0,Cash
T007979,2024-06-07,C00410,P0034,1,259.67,5,PayPal
T007980,2023-04-11,C00719,P0081,3,463.99,20,Debit Card
T007981,2023-09-01,C00942,P0036,4,398.12,15,PayPal
T007982,2023-05-31,C00866,P0009,4,352.09,10,Cash
T007983,2023-09-21,C00193,P0042,2,11.59,0,Cash
T007984,2023-10-04,C00812,P0075,3,405.93,0,Cash
T007985,2023-02-04,C00332,P0100,3,441.62,0,Credit Card
T007986,2024-12-08,C00488,P0028,1,439.42,5,PayPal
T007987,2024-10-18,C00761,P0055,2,437.49,0,Credit Card
T007988,2024-05-23,C00613,P0070,1,330.19,15,Cash
T007989,2024-08-13,C00768,P0088,3,480.78,15,Cash
T007990,2023-02-24,C00571,P0015,5,313.07,5,Credit Card
T007991,2023-10-08,C00713,P0014,3,48.61,10,PayPal
T007992,2024-05-15,C00858,P0040,4,377.93,5,Debit Card
T007993,2023-10-01,C00229,P0090,3,207.85,20,Cash
T007994,2023-09-12,C00778,P0056,5,465.17,15,Credit Card
T007995,2023-04-07,C00437,P0086,5,38.01,10,Debit Card
T007996,2024-01-07,C00079,P0031,4,375.04,10,Credit Card
T007997,2023-09-18,C00815,P0001,5,64.55,5,Cash
T007998,2023-01-19,C00934,P0011,1,55.45,20,PayPal
T007999,2024-09-28,C00571,P0051,5,474.01,15,PayPal
T008000,2024-10-21,C00756,P0003,5,372.93,10,Debit Card
T008001,2024-08-01,C00336,P0003,3,372.93,0,PayPal
T008002,2024-05-09,C00157,P0074,5,132.41,0,PayPal
T008003,2024-04-02,C00157,P0094,4,338.17,15,Credit Card
T008004,2024-02-11,C00759,P0027,5,206.57,20,Debit Card
T008005,2023-10-22,C00437,P0010,1,115.5,0,PayPal
T008006,2023-10-03,C00832,P0005,4,124.0,5,Cash
T008007,2024-06-09,C00914,P0083,5,334.32,0,Credit Card
T008008,2024-02-08,C00819,P0065,2,74.83,0,Credit Card
T008009,2023-06-03,C00842,P0086,1,38.01,15,PayPal
T008010,2024-09-09,C00900,P0018,5,429.11,5,Debit Card
T008011,2023-08-03,C00979,P0031,1,375.04,5,PayPal
T008012,2024-02-04,C00511,P0063,2,431.22,10,Credit Card
T008013,2024-12-07,C00854,P0091,2,130.65,20,PayPal
T008014,2024-03-15,C00435,P0016,2,104.22,15,Credit Card
T008015,2023-09-25,C00195,P0012,3,305.83,5,Cash
T008016,2024-10-30,C00507,P0091,2,130.65,5,Debit Card
T008017,2023-11-20,C00504,P0084,2,155.39,15,PayPal
T008018,2023-07-04,C00693,P0013,3,235.12,5,Credit Card
T008019,2024-09-15,C00190,P0033,1,187.38,15,Debit Card
T008020,2024-05-07,C00115,P0034,3,259.67,20,Cash
T008021,2023-03-09,C00726,P0080,5,195.7,10,Debit Card
T008022,2023-12-17,C00881,P0007,3,215.56,20,Debit Card
T008023,2024-11-10,C00232,P0043,1,139.06,20,PayPal
T008024,2024-01-03,C00869,P0089,5,43.58,15,Cash
T008025,2024-09-14,C00622,P0091,2,130.65,15,PayPal
T008026,2024-11-18,C00501,P0024,2,142.27,15,PayPal
T008027,2024-04-09,C00228,P0020,5,89.7,0,Cash
T008028,2024-11-28,C00131,P0010,5,115.5,5,Credit Card
T008029,2023-09-03,C00107,P0042,1,11.59,0,Debit Card
T008030,2024-11-02,C00052,P0027,1,206.57,0,Cash
T008031,2023-12-03,C00382,P0025,1,282.91,5,PayPal
T008032,2024-02-19,C00286,P0074,5,132.41,10,Credit Card
T008033,2023-06-24,C00143,P0028,2,439.42,5,Debit Card
T008034,2023-06-24,C00572,P0005,4,124.0,5,PayPal
T008035,2024-12-21,C00061,P0061,5,298.34,10,Debit Card
T008036,2024-08-21,C00255,P0014,4,48.61,0,PayPal
T008037,2024-07-29,C00982,P0057,5,108.56,5,Cash
T008038,2024-09-24,C00127,P0022,2,44.99,0,Cash
T008039,2024-07-21,C00144,P0024,4,142.27,0,Credit Card
T008040,2024-09-24,C00215,P0077,4,484.81,0,PayPal
T008041,2023-04-20,C00238,P0080,1,195.7,15,PayPal
T008042,2023-10-04,C00613,P0092,5,50.17,20,Debit Card
T008043,2024-07-07,C00203,P0001,4,64.55,10,Cash
T008044,2023-08-25,C00127,P0070,1,330.19,5,Debit Card
T008045,2024-04-01,C00688,P0008,3,406.62,20,PayPal
T008046,2024-02-10,C00314,P0022,3,44.99,10,PayPal
T008047,2023-02-01,C00877,P0057,4,108.56,0,Credit Card
T008048,2023-11-25,C00941,P0030,3,234.84,10,Debit Card
T008049,2023-07-29,C00566,P0034,1,259.67,0,Credit Card
T008050,2024-11-14,C00831,P0072,2,131.84,20,Debit Card
T008051,2024-06-13,C00060,P0042,2,11.59,20,PayPal
T008052,2024-05-18,C00606,P0062,5,319.24,5,PayPal
T008053,2024-06-11,C00754,P0063,3,431.22,5,Cash
T008054,2023-03-13,C00437,P0048,3,460.06,0,PayPal
T008055,2023-08-29,C00762,P0028,1,439.42,15,Credit Card
T008056,2024-01-26,C00427,P0053,4,385.26,0,Cash
T008057,2023-08-07,C00928,P0098,2,498.09,0,Credit Card
T008058,2024-08-09,C00736,P0009,4,352.09,0,Credit Card
T008059,2024-08-27,C00346,P0043,2,139.06,0,Debit Card
T008060,2024-05-16,C00744,P0027,1,206.57,5,PayPal
T008061,2024-12-02,C00236,P0008,4,406.62,15,Credit Card
T008062,2024-04-22,C00793,P0002,2,119.37,15,Debit Card
T008063,2023-01-29,C00100,P0054,5,473.96,20,Debit Card
T008064,2023-02-22,C00294,P0002,3,119.37,20,Debit Card
T008065,2023-02-16,C00148,P0062,1,319.24,15,Debit Card
T008066,2023-10-04,C00998,P0058,3,328.44,5,PayPal
T008067,2024-03-17,C00277,P0072,4,131.84,5,Debit Card
T008068,2024-01-04,C00063,P0042,4,11.59,10,Debit Card
T008069,2024-08-12,C00621,P0085,1,370.51,10,Debit Card
T008070,2024-01-29,C00640,P0057,1,108.56,5,Credit Card
T008071,2024-04-06,C00929,P0021,1,140.82,20,PayPal
T008072,2024-05-03,C00833,P0071,5,207.28,0,Debit Card
T008073,2023-11-18,C00999,P0090,3,207.85,0,Credit Card
T008074,2024-08-05,C00772,P0078,4,91.49,20,PayPal
T008075,2023-10-12,C00446,P0042,3,11.59,15,Credit Card
T008076,2024-04-02,C00302,P0034,2,259.67,0,PayPal
T008077,2023-09-24,C00949,P0008,3,406.62,0,PayPal
T008078,2024-12-08,C00334,P0086,4,38.01,15,PayPal
T008079,2023-01-10,C00806,P0073,2,78.69,0,Credit Card
T008080,2024-02-08,C00511,P0083,3,334.32,20,Debit Card
T008081,2023-02-06,C00074,P0004,2,216.74,10,Credit Card
T008082,2023-11-07,C00358,P0005,5,124.0,0,Cash
T008083,2024-10-07,C00020,P0062,5,319.24,0,PayPal
T008084,2023-10-06,C00368,P0056,3,465.17,20,PayPal
T008085,2023-01-06,C00014,P0007,1,215.56,10,Credit Card
T008086,2023-01-24,C00731,P0038,4,269.27,10,PayPal
T008087,2023-09-15,C00474,P0080,4,195.7,20,Debit Card
T008088,2023-10-30,C00991,P0094,5,338.17,15,PayPal
T008089,2023-06-24,C00417,P0047,1,274.3,10,Debit Card
T008090,2023-10-16,C00436,P0051,2,474.01,10,Cash
T008091,2024-03-08,C00086,P0008,2,406.62,20,Credit Card
T008092,2024-12-14,C00617,P0061,3,298.34,0,Credit Card
T008093,2024-06-03,C00175,P0015,1,313.07,15,PayPal
T008094,2023-07-01,C00674,P0088,3,480.78,0,Credit Card
T008095,2024-01-12,C00338,P0073,5,78.69,0,PayPal
T008096,2023-09-04,C00347,P0014,1,48.61,15,Credit Card
T008097,2024-05-24,C00073,P0033,4,187.38,10,Cash
T008098,2024-05-10,C00994,P0099,4,257.88,5,Credit Card
T008099,2024-10-02,C00708,P0006,2,107.43,5,Debit Card
T008100,2023-05-05,C00470,P0075,4,405.93,15,Credit Card
T008101,2023-06-16,C00315,P0047,4,274.3,0,Cash
T008102,2024-06-06,C00943,P0033,3,187.38,10,Cash
T008103,2024-08-30,C00290,P0054,3,473.96,20,Debit Card
T008104,2023-09-15,C00316,P0088,1,480.78,20,Debit Card
T008105,2023-07-09,C00917,P0066,1,292.34,0,Debit Card
T008106,2024-03-30,C00131,P0081,3,463.99,10,Cash
T008107,2024-12-30,C00837,P0077,2,484.81,20,Cash
T008108,2023-11-29,C00095,P0074,3,132.41,10,PayPal
T008109,2023-01-21,C00589,P0001,3,64.55,15,PayPal
T008110,2024-07-11,C00919,P0033,4,187.38,5,Debit Card
T008111,2024-10-21,C00297,P0096,5,234.04,20,Cash
T008112,2024-07-27,C00660,P0003,4,372.93,5,Cash
T008113,2024-02-11,C00654,P0086,4,38.01,15,PayPal
T008114,2024-08-08,C00948,P0061,2,298.34,15,Credit Card
T008115,2023-11-26,C00281,P0032,2,296.45,10,Credit Card
T008116,2024-07-30,C00876,P0013,5,235.12,15,Credit Card
T008117,2024-03-09,C00868,P0017,5,121.67,20,Cash
T008118,2023-11-10,C00446,P0057,4,108.56,15,Cash
T008119,2024-12-11,C00772,P0052,1,409.85,20,Credit Card
T008120,2024-08-25,C00616,P0016,2,104.22,10,Debit Card
T008121,2024-01-25,C00130,P0033,3,187.38,20,Debit Card
T008122,2023-04-26,C00446,P0058,5,328.44,15,Credit Card
T008123,2024-06-27,C00431,P0046,4,107.47,10,Credit Card
T008124,2023-01-27,C00384,P0081,4,463.99,5,Cash
T008125,2024-05-11,C00678,P0006,3,107.43,10,Cash
T008126,2024-05-03,C00939,P0062,1,319.24,10,Credit Card
T008127,2023-12-30,C00867,P0058,4,328.44,0,Debit Card
T008128,2024-01-09,C00019,P0096,1,234.04,10,PayPal
T008129,2023-10-16,C00633,P0033,3,187.38,0,PayPal
T008130,2024-04-14,C00136,P0042,3,11.59,15,Debit Card
T008131,2024-05-17,C00973,P0034,3,259.67,20,PayPal
T008132,2024-01-01,C00751,P0044,3,258.76,15,Cash
T008133,2024-11-20,C00216,P0053,2,385.26,10,PayPal
T008134,2023-07-08,C00726,P0001,3,64.55,0,PayPal
T008135,2023-08-09,C00011,P0100,4,441.62,5,Cash
T008136,2024-04-26,C00541,P0017,2,121.67,15,Cash
T008137,2024-08-08,C00689,P0042,5,11.59,20,Cash
T008138,2023-03-03,C00569,P0092,5,50.17,10,Debit Card
T008139,2024-10-22,C00837,P0055,4,437.49,0,Debit Card
T008140,2024-02-24,C00831,P0055,5,437.49,20,Credit Card
T008141,2024-10-13,C00797,P0024,4,142.27,15,PayPal
T008142,2023-09-28,C00177,P0070,5,330.19,10,Debit Card
T008143,2024-12-09,C00048,P0047,1,274.3,15,Cash
T008144,2023-04-16,C00364,P0056,2,465.17,15,Cash
T008145,2024-04-23,C00539,P0088,3,480.78,5,PayPal
T008146,2024-05-17,C00431,P0014,3,48.61,20,Credit Card
T008147,2024-08-23,C00399,P0015,2,313.07,15,PayPal
T008148,2023-01-23,C00483,P0088,2,480.78,10,Debit Card
T008149,2023-12-19,C00102,P0005,4,124.0,20,Credit Card
T008150,2023-12-24,C00628,P0055,4,437.49,20,Credit Card
T008151,2024-05-06,C00522,P0080,2,195.7,5,Credit Card
T008152,2024-05-04,C00048,P0086,1,38.01,20,Credit Card
T008153,2023-07-21,C00773,P0028,3,439.42,20,Credit Card
T008154,2023-05-25,C00970,P0027,4,206.57,10,Debit Card
T008155,2023-07-02,C00588,P0056,2,465.17,10,PayPal
T008156,2023-04-11,C00004,P0071,1,207.28,15,PayPal
T008157,2024-09-17,C00121,P0079,1,433.68,5,PayPal
T008158,2024-03-06,C00041,P0034,2,259.67,0,Credit Card
T008159,2024-07-09,C00567,P0020,4,89.7,20,Credit Card
T008160,2023-09-27,C00937,P0056,3,465.17,20,PayPal
T008161,2023-04-09,C00670,P0011,2,55.45,0,Debit Card
T008162,2023-08-25,C00834,P0073,1,78.69,10,Cash
T008163,2024-03-18,C00444,P0088,5,480.78,10,Debit Card
T008164,2023-08-11,C00971,P0074,3,132.41,5,Debit Card
T008165,2024-05-08,C00902,P0046,3,107.47,5,PayPal
T008166,2024-01-30,C00486,P0032,4,296.45,5,PayPal
T008167,2024-10-04,C00646,P0071,3,207.28,0,Debit Card
T008168,2023-01-10,C00184,P0094,4,338.17,15,Debit Card
T008169,2024-12-01,C00465,P0011,5,55.45,5,Credit Card
T008170,2024-02-15,C00367,P0021,1,140.82,10,PayPal
T008171,2023-07-22,C00435,P0021,4,140.82,20,Debit Card
T008172,2023-10-12,C00649,P0084,3,155.39,20,Debit Card
T008173,2024-12-08,C00148,P0060,4,175.66,20,Cash
T008174,2024-12-25,C00604,P0063,2,431.22,20,PayPal
T008175,2024-08-31,C00821,P0011,2,55.45,20,Cash
T008176,2024-03-29,C00519,P0022,4,44.99,15,PayPal
T008177,2024-05-24,C00393,P0069,5,238.84,0,Credit Card
T008178,2023-10-29,C00454,P0003,4,372.93,5,Cash
T008179,2024-09-27,C00322,P0049,2,19.54,10,Credit Card
T008180,2023-11-21,C00226,P0063,1,431.22,20,Credit Card
T008181,2023-05-25,C00293,P0003,1,372.93,10,Credit Card
T008182,2024-12-22,C00472,P0002,1,119.37,20,Credit Card
T008183,2023-05-18,C00795,P0077,3,484.81,5,Debit Card
T008184,2024-04-12,C00949,P0008,2,406.62,15,PayPal
T008185,2024-03-24,C00946,P0068,1,332.9,10,Cash
T008186,2023-08-16,C00326,P0046,1,107.47,0,Debit Card
T008187,2024-01-14,C00925,P0027,1,206.57,0,Credit Card
T008188,2023-04-27,C00332,P0093,5,266.16,10,PayPal
T008189,2024-02-10,C00864,P0057,2,108.56,0,Debit Card
T008190,2024-05-03,C00712,P0008,1,406.62,0,Cash
T008191,2023-10-09,C00196,P0073,1,78.69,15,PayPal
T008192,2024-02-29,C00822,P0004,4,216.74,5,Credit Card
T008193,2023-07-09,C00723,P0014,4,48.61,5,Cash
T008194,2023-08-07,C00854,P0031,5,375.04,15,Credit Card
T008195,2023-03-27,C00101,P0001,3,64.55,20,Debit Card
T008196,2024-02-28,C00079,P0021,5,140.82,20,Debit Card
T008197,2023-06-13,C00694,P0093,3,266.16,0,Credit Card
T008198,2024-03-01,C00214,P0010,5,115.5,15,PayPal
T008199,2023-10-04,C00608,P0089,4,43.58,15,Credit Card
T008200,2023-06-25,C00321,P0084,1,155.39,10,Debit Card
T008201,2023-12-16,C00740,P0070,1,330.19,10,Cash
T008202,2023-03-27,C00850,P0009,5,352.09,0,Credit Card
T008203,2023-11-07,C00054,P0044,1,258.76,10,Debit Card
T008204,2023-03-13,C00116,P0091,5,130.65,10,Cash
T008205,2023-03-01,C00494,P0020,4,89.7,20,Debit Card
T008206,2024-12-20,C00816,P0036,4,398.12,15,Cash
T008207,2024-03-03,C00868,P0007,3,215.56,10,PayPal
T008208,2024-01-21,C00325,P0020,4,89.7,10,Credit Card
T008209,2023-10-07,C00184,P0022,3,44.99,15,PayPal
T008210,2023-02-28,C00605,P0050,3,127.33,20,Cash
T008211,2023-04-23,C00747,P0100,4,441.62,10,PayPal
T008212,2023-04-19,C00531,P0095,2,203.94,15,Cash
T008213,2023-04-22,C00308,P0015,5,313.07,20,Credit Card
T008214,2024-01-27,C00378,P0008,5,406.62,0,Credit Card
T008215,2024-08-04,C00688,P0064,3,146.45,10,Cash
T008216,2023-02-13,C00175,P0072,4,131.84,15,Cash
T008217,2023-11-30,C00269,P0006,3,107.43,10,Credit Card
T008218,2023-11-03,C00765,P0036,2,398.12,20,PayPal
T008219,2023-05-29,C00415,P0096,4,234.04,0,Credit Card
T008220,2024-12-17,C00869,P0045,1,156.24,0,PayPal
T008221,2023-05-07,C00449,P0030,5,234.84,15,Debit Card
T008222,2024-02-25,C00259,P0066,5,292.34,15,Credit Card
T008223,2023-10-28,C00261,P0019,1,146.21,15,Credit Card
T008224,2023-10-29,C00896,P0020,1,89.7,15,Cash
T008225,2024-11-06,C00081,P0069,4,238.84,0,Credit Card
T008226,2024-03-15,C00080,P0069,3,238.84,5,Cash
T008227,2024-01-04,C00484,P0074,2,132.41,5,Cash
T008228,2024-02-05,C00755,P0053,1,385.26,0,PayPal
T008229,2023-09-15,C00887,P0016,4,104.22,0,PayPal
T008230,2023-02-08,C00816,P0004,4,216.74,15,Credit Card
T008231,2023-03-24,C00852,P0089,4,43.58,10,Credit Card
T008232,2024-12-28,C00550,P0096,1,234.04,0,Cash
T008233,2024-04-29,C00257,P0071,2,207.28,20,PayPal
T008234,2024-01-12,C00468,P0047,4,274.3,0,Cash
T008235,2024-05-09,C00819,P0062,1,319.24,15,Cash
T008236,2024-05-14,C00705,P0017,1,121.67,20,Debit Card
T008237,2023-07-01,C00778,P0071,2,207.28,10,Credit Card
T008238,2023-09-23,C00011,P0027,5,206.57,5,Credit Card
T008239,2024-01-07,C00464,P0021,2,140.82,10,Cash
T008240,2024-07-01,C00201,P0029,4,254.62,15,PayPal
T008241,2024-12-05,C00917,P0007,5,215.56,20,Credit Card
T008242,2023-06-24,C00789,P0088,1,480.78,10,PayPal
T008243,2023-10-21,C00477,P0089,4,43.58,20,Credit Card
T008244,2023-04-03,C00688,P0023,2,367.27,10,Cash
T008245,2023-05-13,C00545,P0008,2,406.62,15,Credit Card
T008246,2023-01-15,C00553,P0072,1,131.84,5,PayPal
T008247,2024-05-17,C00040,P0085,1,370.51,15,Debit Card
T008248,2023-02-18,C00670,P0095,4,203.94,5,Cash
T008249,2023-03-05,C00924,P0029,3,254.62,10,PayPal
T008250,2024-09-29,C00326,P0014,1,48.61,15,Cash
T008251,2024-01-23,C00079,P0097,4,14.56,15,Debit Card
T008252,2024-08-09,C00897,P0052,3,409.85,20,Cash
T008253,2023-07-17,C00877,P0050,1,127.33,5,PayPal
T008254,2023-09-07,C00526,P0049,4,19.54,5,Debit Card
T008255,2023-03-04,C00152,P0080,2,195.7,10,PayPal
T008256,2024-01-04,C00825,P0006,5,107.43,0,Cash
T008257,2024-09-21,C00019,P0035,5,431.94,15,Cash
T008258,2023-07-29,C00883,P0084,5,155.39,15,Credit Card
T008259,2024-07-02,C00652,P0026,3,122.23,0,Credit Card
T008260,2023-02-22,C00005,P0082,4,217.27,15,PayPal
T008261,2024-07-06,C00528,P0038,3,269.27,5,Debit Card
T008262,2023-01-28,C00006,P0097,3,14.56,15,Credit Card
T008263,2023-08-19,C00832,P0090,3,207.85,15,Credit Card
T008264,2024-12-26,C00624,P0069,4,238.84,0,Cash
T008265,2023-10-10,C00883,P0073,2,78.69,15,PayPal
T008266,2024-09-30,C00292,P0001,3,64.55,15,Credit Card
T008267,2024-10-12,C00766,P0041,5,64.66,5,Credit Card
T008268,2023-09-27,C00016,P0061,2,298.34,15,Credit Card
T008269,2023-06-13,C00436,P0059,3,231.23,10,Credit Card
T008270,2023-07-12,C00703,P0001,1,64.55,10,Credit Card
T008271,2023-05-02,C00559,P0080,3,195.7,15,PayPal
T008272,2023-11-02,C00215,P0062,5,319.24,20,Credit Card
T008273,2024-07-08,C00185,P0037,4,198.54,10,Credit Card
T008274,2024-01-27,C00523,P0021,2,140.82,20,PayPal
T008275,2023-01-03,C00168,P0057,3,108.56,10,Debit Card
T008276,2023-07-08,C00380,P0002,2,119.37,20,PayPal
T008277,2023-03-16,C00863,P0041,3,64.66,0,Credit Card
T008278,2023-07-13,C00161,P0043,3,139.06,15,Credit Card
T008279,2023-04-05,C00567,P0057,5,108.56,15,PayPal
T008280,2023-01-14,C00371,P0093,1,266.16,5,Credit Card
T008281,2024-06-27,C00274,P0082,1,217.27,20,Credit Card
T008282,2024-01-03,C00095,P0096,3,234.04,0,Debit Card
T008283,2023-01-23,C00959,P0092,1,50.17,15,PayPal
T008284,2024-10-09,C00282,P0006,3,107.43,0,PayPal
T008285,2024-03-14,C00619,P0075,2,405.93,5,Debit Card
T008286,2024-04-29,C00717,P0053,5,385.26,5,Cash
T008287,2024-07-29,C00915,P0074,5,132.41,10,Cash
T008288,2023-08-20,C00477,P0066,5,292.34,5,Credit Card
T008289,2024-08-03,C00691,P0020,3,89.7,5,Debit Card
T008290,2024-09-09,C00385,P0007,1,215.56,10,Cash
T008291,2023-07-23,C00831,P0053,1,385.26,15,Credit Card
T008292,2023-06-02,C00850,P0039,1,343.34,5,Cash
T008293,2023-07-30,C00866,P0079,3,433.68,20,Credit Card
T008294,2023-05-21,C00321,P0083,5,334.32,0,Debit Card
T008295,2024-03-16,C00593,P0050,3,127.33,5,Cash
T008296,2023-11-01,C00992,P0027,4,206.57,10,Debit Card
T008297,2023-03-28,C00314,P0085,3,370.51,20,PayPal
T008298,2024-01-17,C00566,P0054,1,473.96,10,Credit Card
T008299,2024-07-10,C00328,P0075,1,405.93,10,Cash
T008300,2024-12-19,C00809,P0030,1,234.84,20,Cash
T008301,2024-09-24,C00593,P0071,4,207.28,15,Debit Card
T008302,2023-09-03,C00778,P0087,1,460.5,5,Debit Card
T008303,2023-01-09,C00160,P0036,2,398.12,5,Debit Card
T008304,2024-12-09,C00538,P0067,2,405.67,0,Cash
T008305,2023-01-05,C00149,P0099,3,257.88,0,Debit Card
T008306,2024-05-22,C00265,P0003,1,372.93,0,PayPal
T008307,2023-09-09,C00856,P0100,5,441.62,15,Cash
T008308,2024-03-15,C00311,P0066,4,292.34,0,Cash
T008309,2024-10-29,C00399,P0020,1,89.7,5,Cash
T008310,2023-11-19,C00752,P0062,5,319.24,20,Cash
T008311,2024-03-12,C00424,P0026,5,122.23,0,PayPal
T008312,2023-07-30,C00199,P0063,5,431.22,0,Debit Card
T008313,2023-07-26,C00905,P0025,1,282.91,20,Cash
T008314,2023-01-31,C00624,P0012,5,305.83,20,Debit Card
T008315,2023-10-29,C00512,P0060,1,175.66,15,PayPal
T008316,2023-04-12,C00710,P0068,4,332.9,5,Credit Card
T008317,2023-01-04,C00520,P0073,4,78.69,5,Cash
T008318,2024-04-16,C00957,P0068,2,332.9,20,Credit Card
T008319,2024-03-09,C00971,P0070,5,330.19,15,Credit Card
T008320,2023-01-15,C00794,P0049,4,19.54,20,Credit Card
T008321,2023-06-13,C00603,P0063,1,431.22,10,Debit Card
T008322,2024-01-14,C00558,P0022,3,44.99,15,PayPal
T008323,2024-05-30,C00433,P0003,5,372.93,0,Cash
T008324,2024-09-03,C00161,P0018,3,429.11,0,Cash
T008325,2024-09-11,C00009,P0057,2,108.56,0,Credit Card
T008326,2024-07-24,C00544,P0008,2,406.62,10,Credit Card
T008327,2024-09-24,C00937,P0070,3,330.19,10,PayPal
T008328,2024-06-27,C00565,P0059,5,231.23,0,PayPal
T008329,2024-06-30,C00198,P0032,3,296.45,15,PayPal
T008330,2024-07-06,C00940,P0049,4,19.54,5,Cash
T008331,2023-03-03,C00103,P0024,2,142.27,0,Credit Card
T008332,2024-03-08,C00433,P0091,4,130.65,10,Credit Card
T008333,2023-11-24,C00621,P0082,5,217.27,15,PayPal
T008334,2023-08-16,C00025,P0082,5,217.27,15,Credit Card
T008335,2024-12-20,C00456,P0028,5,439.42,5,PayPal
T008336,2024-12-23,C00450,P0031,1,375.04,5,Cash
T008337,2024-06-22,C00509,P0068,1,332.9,10,Credit Card
T008338,2023-12-08,C00499,P0041,5,64.66,0,Debit Card
T008339,2024-10-08,C00451,P0094,2,338.17,0,PayPal
T008340,2023-06-21,C00861,P0016,4,104.22,10,Cash
T008341,2023-05-21,C00493,P0035,5,431.94,20,PayPal
T008342,2023-09-16,C00202,P0032,1,296.45,15,Debit Card
T008343,2024-04-05,C00740,P0029,1,254.62,10,Cash
T008344,2024-02-23,C00139,P0056,1,465.17,20,PayPal
T008345,2023-01-15,C00534,P0057,3,108.56,15,PayPal
T008346,2023-01-14,C00118,P0098,3,498.09,15,Cash
T008347,2023-10-29,C00994,P0053,4,385.26,5,Credit Card
T008348,2024-09-06,C00715,P0079,4,433.68,20,PayPal
T008349,2024-03-13,C00647,P0044,2,258.76,10,PayPal
T008350,2024-11-10,C00154,P0039,3,343.34,10,Cash
T008351,2024-02-16,C00179,P0059,5,231.23,5,Credit Card
T008352,2024-04-19,C00139,P0021,4,140.82,15,PayPal
T008353,2023-02-14,C00683,P0056,1,465.17,0,PayPal
T008354,2023-09-24,C00234,P0014,5,48.61,5,Cash
T008355,2023-08-27,C00417,P0072,5,131.84,20,Debit Card
T008356,2023-08-31,C00139,P0079,2,433.68,20,Cash
T008357,2023-05-22,C00367,P0020,3,89.7,15,Cash
T008358,2023-07-11,C00423,P0073,4,78.69,0,Credit Card
T008359,2023-08-21,C00412,P0047,3,274.3,15,PayPal
T008360,2024-10-18,C00054,P0071,5,207.28,10,Debit Card
T008361,2024-05-17,C00949,P0084,1,155.39,10,Debit Card
T008362,2024-02-25,C00493,P0019,2,146.21,10,Credit Card
T008363,2024-10-25,C00033,P0052,1,409.85,0,Debit Card
T008364,2024-03-14,C00883,P0053,3,385.26,15,Credit Card
T008365,2024-08-22,C00078,P0056,3,465.17,20,Credit Card
T008366,2024-08-03,C00007,P0011,1,55.45,20,Credit Card
T008367,2024-03-16,C00365,P0051,5,474.01,10,PayPal
T008368,2023-12-14,C00958,P0040,2,377.93,0,Credit Card
T008369,2023-04-09,C00907,P0061,5,298.34,10,Cash
T008370,2023-05-14,C00753,P0084,4,155.39,10,Debit Card
T008371,2023-01-05,C00323,P0083,2,334.32,5,PayPal
T008372,2024-11-12,C00564,P0087,5,460.5,20,Cash
T008373,2024-12-03,C00058,P0026,4,122.23,5,Debit Card
T008374,2023-04-22,C00407,P0053,3,385.26,15,Credit Card
T008375,2023-02-16,C00459,P0096,1,234.04,20,Cash
T008376,2023-03-09,C00834,P0016,4,104.22,0,Debit Card
T008377,2024-11-16,C00001,P0033,2,187.38,10,Credit Card
T008378,2023-01-23,C00277,P0053,2,385.26,5,Cash
T008379,2024-03-06,C00252,P0033,3,187.38,20,PayPal
T008380,2024-11-18,C00347,P0053,2,385.26,15,PayPal
T008381,2023-03-04,C00997,P0041,2,64.66,10,Cash
T008382,2024-05-17,C00871,P0087,3,460.5,0,Credit Card
T008383,2024-02-26,C00161,P0002,5,119.37,10,PayPal
T008384,2023-07-16,C00859,P0092,5,50.17,20,Cash
T008385,2023-12-18,C00614,P0046,5,107.47,15,PayPal
T008386,2024-07-31,C00192,P0095,1,203.94,10,Credit Card
T008387,2024-11-20,C00903,P0045,3,156.24,5,Debit Card
T008388,2023-08-22,C00826,P0007,1,215.56,15,PayPal
T008389,2023-08-25,C00933,P0003,2,372.93,5,Cash
T008390,2024-04-13,C00286,P0091,3,130.65,10,Debit Card
T008391,2023-08-22,C00735,P0100,2,441.62,20,PayPal
T008392,2023-12-20,C00468,P0087,5,460.5,15,Cash
T008393,2024-12-10,C00750,P0083,3,334.32,0,PayPal
T008394,2024-04-28,C00133,P0059,3,231.23,15,PayPal
T008395,2024-09-27,C00154,P0062,5,319.24,5,PayPal
T008396,2023-04-16,C00815,P0073,1,78.69,15,Cash
T008397,2024-10-04,C00892,P0085,1,370.51,0,Credit Card
T008398,2024-09-02,C00453,P0074,5,132.41,10,PayPal
T008399,2023-06-27,C00521,P0079,2,433.68,20,Debit Card
T008400,2023-03-09,C00652,P0049,3,19.54,5,Credit Card
T008401,2023-05-12,C00130,P0065,4,74.83,10,PayPal
T008402,2024-09-10,C00993,P0061,1,298.34,5,PayPal
T008403,2024-06-12,C00074,P0076,1,34.79,10,PayPal
T008404,2024-04-25,C00587,P0073,5,78.69,0,PayPal
T008405,2024-06-25,C00268,P0096,2,234.04,10,PayPal
T008406,2024-01-23,C00985,P0045,1,156.24,5,Debit Card
T008407,2023-10-21,C00942,P0027,3,206.57,10,Credit Card
T008408,2024-04-23,C00028,P0089,5,43.58,0,Cash
T008409,2024-10-29,C00073,P0028,2,439.42,20,PayPal
T008410,2024-09-16,C00300,P0084,2,155.39,10,Cash
T008411,2024-07-06,C00803,P0096,3,234.04,10,Credit Card
T008412,2024-04-28,C00708,P0027,1,206.57,5,Debit Card
T008413,2023-03-17,C00104,P0082,1,217.27,5,Cash
T008414,2023-11-12,C00156,P0082,1,217.27,20,Credit Card
T008415,2023-11-24,C00269,P0033,4,187.38,20,Debit Card
T008416,2024-04-20,C00995,P0082,4,217.27,0,Cash
T008417,2023-03-01,C00877,P0048,1,460.06,15,Credit Card
T008418,2024-09-28,C00970,P0048,1,460.06,15,Debit Card
T008419,2024-01-30,C00223,P0086,2,38.01,15,Cash
T008420,2023-07-03,C00731,P0033,2,187.38,5,Cash
T008421,2023-12-09,C00157,P0058,1,328.44,15,Credit Card
T008422,2023-09-19,C00503,P0095,1,203.94,15,Debit Card
T008423,2024-03-27,C00947,P0078,5,91.49,15,Cash
T008424,2024-11-10,C00167,P0043,2,139.06,20,Cash
T008425,2023-07-19,C00580,P0050,1,127.33,20,PayPal
T008426,2024-01-06,C00275,P0036,1,398.12,20,Debit Card
T008427,2024-06-03,C00464,P0047,5,274.3,5,Debit Card
T008428,2024-02-14,C00761,P0019,5,146.21,0,Credit Card
T008429,2024-03-05,C00108,P0046,3,107.47,20,PayPal
T008430,2023-06-19,C00951,P0062,3,319.24,15,Cash
T008431,2023-04-12,C00659,P0047,3,274.3,5,Debit Card
T008432,2023-07-29,C01000,P0010,4,115.5,20,Debit Card
T008433,2023-03-14,C00219,P0086,3,38.01,15,PayPal
T008434,2024-01-28,C00632,P0009,4,352.09,0,Cash
T008435,2024-01-24,C00646,P0047,1,274.3,5,Credit Card
T008436,2023-01-21,C00805,P0003,1,372.93,5,Cash
T008437,2024-06-25,C00316,P0055,5,437.49,20,PayPal
T008438,2024-06-18,C00938,P0086,4,38.01,0,Credit Card
T008439,2023-12-26,C00652,P0016,2,104.22,10,Debit Card
T008440,2024-06-09,C00055,P0084,4,155.39,5,Credit Card
T008441,2024-09-20,C00003,P0090,3,207.85,5,Cash
T008442,2024-01-28,C00214,P0077,2,484.81,20,Cash
T008443,2024-10-10,C00929,P0074,2,132.41,15,PayPal
T008444,2024-11-22,C00794,P0050,2,127.33,5,Cash
T008445,2024-06-11,C00626,P0087,4,460.5,10,Debit Card
T008446,2023-04-01,C00765,P0010,3,115.5,5,PayPal
T008447,2023-07-31,C00504,P0069,2,238.84,0,Cash
T008448,2023-11-29,C00618,P0058,2,328.44,0,PayPal
T008449,2024-10-28,C00258,P0039,5,343.34,10,Credit Card
T008450,2024-08-30,C00579,P0091,4,130.65,10,PayPal
T008451,2024-11-25,C00995,P0074,4,132.41,5,PayPal
T008452,2024-11-16,C00567,P0026,3,122.23,0,Debit Card
T008453,2024-05-19,C00964,P0058,1,328.44,10,Cash
T008454,2023-08-23,C00652,P0086,4,38.01,20,PayPal
T008455,2023-01-06,C00456,P0083,1,334.32,10,Credit Card
T008456,2024-07-08,C00358,P0020,1,89.7,0,Credit Card
T008457,2023-07-16,C00669,P0012,5,305.83,15,Cash
T008458,2023-05-14,C00489,P0003,3,372.93,20,Credit Card
T008459,2023-10-08,C00849,P0036,3,398.12,15,Cash
T008460,2023-03-21,C00418,P0080,4,195.7,15,Cash
T008461,2023-01-10,C00738,P0012,3,305.83,0,PayPal
T008462,2023-08-29,C00002,P0035,1,431.94,0,Debit Card
T008463,2024-02-06,C00381,P0084,3,155.39,15,Cash
T008464,2024-12-12,C00473,P0039,3,343.34,15,Cash
T008465,2024-01-07,C00469,P0096,2,234.04,5,Cash
T008466,2024-05-06,C00086,P0039,1,343.34,10,Credit Card
T008467,2024-03-19,C00333,P0067,5,405.67,0,Debit Card
T008468,2023-09-05,C00056,P0032,5,296.45,10,Cash
T008469,2024-12-20,C00121,P0024,3,142.27,15,Credit Card
T008470,2024-03-04,C00858,P0013,4,235.12,10,Debit Card
T008471,2024-04-18,C00857,P0029,1,254.62,10,Debit Card
T008472,2023-10-31,C00557,P0022,5,44.99,0,Cash
T008473,2024-12-27,C00072,P0068,4,332.9,5,Debit Card
T008474,2023-03-05,C00823,P0074,4,132.41,0,PayPal
T008475,2023-02-27,C00115,P0062,1,319.24,15,Cash
T008476,2023-05-05,C00619,P0051,1,474.01,5,Cash
T008477,2024-04-15,C00340,P0008,5,406.62,0,PayPal
T008478,2023-05-02,C00472,P0016,5,104.22,15,Cash
T008479,2024-09-15,C00691,P0056,2,465.17,0,PayPal
T008480,2024-02-27,C00034,P0057,5,108.56,20,Cash
T008481,2024-11-20,C00563,P0007,4,215.56,10,Cash
T008482,2023-03-12,C00154,P0020,5,89.7,20,Debit Card
T008483,2023-01-19,C00686,P0066,4,292.34,20,PayPal
T008484,2024-12-30,C00464,P0061,5,298.34,20,Debit Card
T008485,2023-09-20,C00222,P0100,4,441.62,10,Cash
T008486,2024-06-27,C00402,P0095,5,203.94,15,Debit Card
T008487,2024-04-02,C00943,P0033,5,187.38,5,Debit Card
T008488,2023-01-13,C00968,P0100,1,441.62,20,Cash
T008489,2023-03-08,C00264,P0042,4,11.59,10,PayPal
T008490,2023-01-17,C00832,P0015,2,313.07,5,Cash
T008491,2024-04-08,C00745,P0020,1,89.7,0,PayPal
T008492,2024-01-27,C00784,P0058,5,328.44,0,PayPal
T008493,2023-01-19,C00164,P0069,5,238.84,5,PayPal
T008494,2024-02-20,C00961,P0040,5,377.93,0,Debit Card
T008495,2024-04-05,C00431,P0011,3,55.45,0,PayPal
T008496,2024-11-17,C00172,P0082,2,217.27,0,PayPal
T008497,2024-08-06,C00655,P0053,2,385.26,15,Credit Card
T008498,2023-08-17,C00904,P0016,5,104.22,0,PayPal
T008499,2023-04-19,C00745,P0066,1,292.34,5,Cash
T008500,2024-08-17,C00027,P0003,3,372.93,15,Credit Card
T008501,2023-11-08,C00752,P0056,3,465.17,10,PayPal
T008502,2023-03-03,C00356,P0099,5,257.88,0,PayPal
T008503,2023-04-11,C00779,P0078,2,91.49,20,PayPal
T008504,2023-06-09,C00574,P0064,5,146.45,0,Credit Card
T008505,2024-09-29,C00165,P0088,4,480.78,20,Credit Card
T008506,2023-01-22,C00513,P0080,4,195.7,0,Cash
T008507,2024-06-19,C00914,P0010,3,115.5,10,Credit Card
T008508,2024-03-15,C00437,P0082,4,217.27,0,Credit Card
T008509,2024-05-03,C00478,P0098,2,498.09,20,PayPal
T008510,2023-06-17,C00420,P0001,4,64.55,0,Credit Card
T008511,2023-12-17,C00532,P0095,3,203.94,20,Debit Card
T008512,2023-10-14,C00012,P0087,3,460.5,20,Cash
T008513,2024-05-11,C00701,P0092,5,50.17,10,Cash
T008514,2023-06-30,C00007,P0037,1,198.54,5,Credit Card
T008515,2023-07-22,C00375,P0011,1,55.45,20,Cash
T008516,2023-04-05,C00356,P0058,5,328.44,20,Cash
T008517,2023-07-02,C00156,P0099,3,257.88,20,PayPal
T008518,2024-10-10,C00430,P0060,3,175.66,0,PayPal
T008519,2024-08-26,C00885,P0045,5,156.24,5,Debit Card
T008520,2024-01-07,C00614,P0010,5,115.5,0,Credit Card
T008521,2023-01-11,C00882,P0018,4,429.11,5,Debit Card
T008522,2023-09-26,C00856,P0080,2,195.7,5,Cash
T008523,2024-05-12,C00779,P0090,4,207.85,0,PayPal
T008524,2024-08-14,C00871,P0040,2,377.93,15,Debit Card
T008525,2023-08-29,C00675,P0079,3,433.68,10,PayPal
T008526,2023-07-23,C00285,P0089,3,43.58,20,Debit Card
T008527,2023-04-04,C00536,P0031,1,375.04,0,Credit Card
T008528,2023-11-17,C00879,P0083,3,334.32,15,Cash
T008529,2024-09-08,C00798,P0036,1,398.12,10,Credit Card
T008530,2023-08-04,C00559,P0080,3,195.7,10,Debit Card
T008531,2023-06-10,C00482,P0027,3,206.57,0,Debit Card
T008532,2024-09-16,C00249,P0064,1,146.45,15,PayPal
T008533,2023-06-20,C00154,P0041,2,64.66,5,PayPal
T008534,2023-08-29,C00716,P0033,2,187.38,0,Debit Card
T008535,2024-08-05,C00817,P0045,4,156.24,20,Cash
T008536,2023-11-30,C00170,P0056,5,465.17,0,Cash
T008537,2023-07-22,C00383,P0029,1,254.62,0,Cash
T008538,2024-12-27,C00878,P0034,3,259.67,10,Credit Card
T008539,2023-11-09,C00175,P0067,5,405.67,10,Credit Card
T008540,2024-05-02,C00555,P0087,2,460.5,20,Cash
T008541,2023-07-11,C00753,P0047,3,274.3,20,Cash
T008542,2023-07-04,C00194,P0074,4,132.41,0,Cash
T008543,2023-06-11,C00656,P0081,3,463.99,20,Cash
T008544,2023-08-11,C00020,P0049,5,19.54,0,PayPal
T008545,2023-12-27,C00137,P0069,2,238.84,15,Debit Card
T008546,2023-07-27,C00681,P0091,1,130.65,15,Cash
T008547,2024-01-18,C00066,P0003,1,372.93,10,Debit Card
T008548,2023-05-19,C00964,P0082,4,217.27,0,Debit Card
T008549,2023-11-04,C00098,P0099,3,257.88,15,Cash
T008550,2023-12-12,C00389,P0097,5,14.56,20,Cash
T008551,2023-08-05,C00500,P0095,1,203.94,5,Cash
T008552,2024-08-27,C00551,P0076,4,34.79,0,Credit Card
T008553,2024-12-07,C00255,P0043,5,139.06,5,Credit Card
T008554,2023-06-30,C00154,P0091,2,130.65,20,Cash
T008555,2023-12-05,C00705,P0058,3,328.44,5,Cash
T008556,2024-02-03,C00826,P0035,3,431.94,10,Credit Card
T008557,2023-06-12,C00336,P0081,4,463.99,5,Debit Card
T008558,2023-06-06,C00555,P0002,2,119.37,10,Cash
T008559,2023-09-20,C00276,P0087,2,460.5,20,Cash
T008560,2023-05-05,C00531,P0027,1,206.57,15,Credit Card
T008561,2024-07-26,C00904,P0087,4,460.5,0,Cash
T008562,2024-08-06,C00817,P0076,2,34.79,20,PayPal
T008563,2023-12-15,C00038,P0010,4,115.5,20,Debit Card
T008564,2024-06-15,C00156,P0093,5,266.16,5,Credit Card
T008565,2024-01-26,C00998,P0019,5,146.21,20,Cash
T008566,2023-01-16,C00711,P0040,2,377.93,15,PayPal
T008567,2024-12-18,C00815,P0064,1,146.45,0,Debit Card
T008568,2024-03-07,C00196,P0084,1,155.39,10,Cash
T008569,2024-09-04,C00667,P0043,4,139.06,5,PayPal
T008570,2024-10-03,C00704,P0005,5,124.0,15,PayPal
T008571,2023-03-17,C00220,P0018,3,429.11,5,Credit Card
T008572,2024-11-24,C00911,P0071,5,207.28,20,Cash
T008573,2023-02-01,C00071,P0068,1,332.9,0,Cash
T008574,2023-04-12,C00611,P0037,2,198.54,5,Cash
T008575,2023-01-27,C00799,P0032,4,296.45,20,Credit Card
T008576,2024-06-03,C00342,P0084,5,155.39,20,PayPal
T008577,2023-09-25,C00279,P0099,2,257.88,15,Debit Card
T008578,2023-04-26,C00178,P0026,4,122.23,15,Cash
T008579,2024-03-02,C00885,P0028,5,439.42,5,Credit Card
T008580,2024-08-24,C00701,P0010,5,115.5,0,PayPal
T008581,2023-08-27,C00914,P0066,3,292.34,5,Credit Card
T008582,2024-08-28,C00584,P0061,4,298.34,10,Cash
T008583,2024-06-08,C00806,P0092,3,50.17,5,Credit Card
T008584,2024-07-22,C00570,P0016,1,104.22,0,Cash
T008585,2023-10-13,C00171,P0060,5,175.66,0,Debit Card
T008586,2023-04-18,C00164,P0016,4,104.22,10,Cash
T008587,2023-11-13,C00008,P0050,2,127.33,0,Debit Card
T008588,2024-12-03,C00110,P0028,2,439.42,0,Cash
T008589,2024-06-24,C00459,P0015,1,313.07,10,Debit Card
T008590,2024-12-21,C00890,P0032,2,296.45,15,PayPal
T008591,2024-06-22,C00565,P0070,1,330.19,0,PayPal
T008592,2024-09-17,C00025,P0022,4,44.99,5,Credit Card
T008593,2023-09-25,C00391,P0015,3,313.07,5,Cash
T008594,2023-06-21,C00092,P0051,5,474.01,20,Credit Card
T008595,2023-01-10,C00353,P0074,2,132.41,0,Credit Card
T008596,2023-01-20,C00471,P0009,5,352.09,5,PayPal
T008597,2023-03-07,C00407,P0029,2,254.62,5,Debit Card
T008598,2024-07-10,C00019,P0084,1,155.39,5,Cash
T008599,2023-02-02,C00031,P0023,5,367.27,20,Credit Card
T008600,2024-09-03,C00006,P0040,1,377.93,10,Cash
T008601,2024-09-22,C00085,P0050,2,127.33,15,Credit Card
T008602,2024-04-21,C00147,P0064,4,146.45,5,Credit Card
T008603,2024-10-09,C00290,P0096,3,234.04,0,Credit Card
T008604,2024-03-20,C00863,P0095,2,203.94,10,Debit Card
T008605,2023-09-04,C00372,P0027,1,206.57,0,Cash
T008606,2024-12-28,C00432,P0024,2,142.27,10,Credit Card
T008607,2023-02-06,C00864,P0040,5,377.93,10,Cash
T008608,2023-05-03,C00251,P0063,1,431.22,10,Credit Card
T008609,2023-12-13,C00212,P0013,2,235.12,5,Credit Card
T008610,2024-08-28,C00454,P0051,2,474.01,0,Debit Card
T008611,2023-10-28,C00490,P0001,3,64.55,0,Debit Card
T008612,2023-12-13,C00647,P0073,4,78.69,15,PayPal
T008613,2023-09-02,C00577,P0031,1,375.04,5,Cash
T008614,2023-08-19,C00530,P0085,3,370.51,15,PayPal
T008615,2023-07-25,C00620,P0029,1,254.62,20,PayPal
T008616,2024-05-31,C00720,P0003,1,372.93,0,PayPal
T008617,2023-04-15,C00146,P0051,4,474.01,15,PayPal
T008618,2023-02-14,C00731,P0012,3,305.83,15,Debit Card
T008619,2024-10-25,C00275,P0016,4,104.22,10,Credit Card
T008620,2023-01-19,C00592,P0029,3,254.62,10,PayPal
T008621,2024-06-07,C00692,P0092,3,50.17,15,PayPal
T008622,2024-10-20,C00061,P0021,1,140.82,20,Credit Card
T008623,2024-10-23,C00022,P0077,2,484.81,5,Debit Card
T008624,2023-01-03,C00385,P0013,3,235.12,0,Credit Card
T008625,2024-02-20,C00017,P0096,5,234.04,0,Cash
T008626,2023-12-24,C00468,P0005,3,124.0,0,Debit Card
T008627,2024-02-04,C00485,P0060,3,175.66,0,PayPal
T008628,2024-02-15,C00907,P0013,4,235.12,5,Debit Card
T008629,2024-11-20,C00930,P0082,5,217.27,10,Debit Card
T008630,2024-09-10,C00442,P0087,3,460.5,15,Cash
T008631,2023-06-18,C00146,P0002,1,119.37,10,Cash
T008632,2023-03-24,C00849,P0004,2,216.74,15,PayPal
T008633,2023-08-21,C00500,P0037,4,198.54,10,Credit Card
T008634,2023-09-16,C00805,P0038,2,269.27,15,Credit Card
T008635,2024-12-03,C00959,P0075,4,405.93,10,PayPal
T008636,2023-08-12,C00885,P0009,3,352.09,10,PayPal
T008637,2023-12-30,C00981,P0002,5,119.37,0,Credit Card
T008638,2023-05-29,C00633,P0081,1,463.99,15,PayPal
T008639,2023-11-09,C00201,P0061,3,298.34,15,PayPal
T008640,2023-05-19,C00705,P0058,2,328.44,20,PayPal
T008641,2023-07-28,C00645,P0053,1,385.26,0,Credit Card
T008642,2024-08-02,C00963,P0067,2,405.67,10,PayPal
T008643,2023-02-28,C00535,P0083,1,334.32,10,Cash
T008644,2024-11-11,C00453,P0039,1,343.34,5,Debit Card
T008645,2024-03-04,C00451,P0001,3,64.55,0,Cash
T008646,2023-03-02,C00014,P0055,2,437.49,5,PayPal
T008647,2023-06-23,C00331,P0043,2,139.06,0,Debit Card
T008648,2023-09-18,C00096,P0096,4,234.04,15,Debit Card
T008649,2023-07-11,C00029,P0070,5,330.19,10,PayPal
T008650,2023-03-12,C00379,P0063,3,431.22,0,Credit Card
T008651,2024-02-02,C00460,P0032,5,296.45,0,PayPal
T008652,2024-07-16,C00568,P0035,2,431.94,20,Credit Card
T008653,2024-04-01,C00629,P0025,2,282.91,5,Cash
T008654,2024-09-25,C00926,P0081,1,463.99,0,Debit Card
T008655,2024-08-22,C00668,P0055,3,437.49,15,Credit Card
T008656,2023-05-20,C00801,P0008,4,406.62,10,Cash
T008657,2023-10-12,C00419,P0093,4,266.16,15,PayPal
T008658,2024-04-19,C00837,P0072,3,131.84,15,Debit Card
T008659,2023-12-05,C00569,P0007,3,215.56,10,Credit Card
T008660,2024-11-27,C00665,P0010,3,115.5,5,Debit Card
T008661,2023-12-31,C00904,P0060,1,175.66,20,Debit Card
T008662,2024-06-10,C00123,P0056,1,465.17,5,PayPal
T008663,2024-10-05,C00784,P0043,1,139.06,10,Debit Card
T008664,2024-06-25,C00879,P0087,2,460.5,10,PayPal
T008665,2023-05-25,C00253,P0002,2,119.37,20,Cash
T008666,2023-12-12,C00121,P0073,5,78.69,0,Credit Card
T008667,2023-12-24,C00543,P0024,2,142.27,20,Credit Card
T008668,2023-12-13,C00016,P0025,4,282.91,15,Debit Card
T008669,2023-01-16,C00687,P0094,5,338.17,5,Credit Card
T008670,2023-08-21,C00923,P0072,5,131.84,10,Credit Card
T008671,2023-04-18,C00442,P0095,4,203.94,15,Cash
T008672,2024-08-29,C00713,P0019,1,146.21,20,Credit Card
T008673,2023-01-18,C00014,P0043,4,139.06,0,Cash
T008674,2023-02-05,C00363,P0078,4,91.49,10,PayPal
T008675,2023-12-23,C00285,P0091,1,130.65,15,Credit Card
T008676,2023-11-13,C00523,P0032,4,296.45,15,Cash
T008677,2023-08-01,C00659,P0071,3,207.28,5,Credit Card
T008678,2024-12-09,C00326,P0082,3,217.27,15,Cash
T008679,2024-03-10,C00323,P0078,5,91.49,15,Debit Card
T008680,2024-07-30,C00185,P0049,4,19.54,5,Debit Card
T008681,2024-05-02,C00172,P0028,3,439.42,5,Cash
T008682,2023-02-13,C00693,P0025,5,282.91,0,Credit Card
T008683,2023-12-01,C00416,P0053,3,385.26,0,PayPal
T008684,2023-03-06,C00240,P0088,3,480.78,5,Credit Card
T008685,2024-04-04,C00531,P0051,2,474.01,5,Cash
T008686,2024-01-29,C00561,P0089,1,43.58,15,Credit Card
T008687,2023-12-29,C00643,P0093,1,266.16,20,Credit Card
T008688,2024-04-27,C00164,P0001,3,64.55,5,Debit Card
T008689,2024-03-14,C00247,P0096,4,234.04,10,Debit Card
T008690,2024-04-18,C00547,P0032,1,296.45,0,Debit Card
T008691,2023-03-19,C00270,P0068,2,332.9,10,Credit Card
T008692,2023-07-12,C00881,P0045,4,156.24,0,Cash
T008693,2024-07-29,C00424,P0019,1,146.21,0,Credit Card
T008694,2023-10-21,C00391,P0060,2,175.66,0,Cash
T008695,2023-07-29,C00473,P0033,5,187.38,15,Debit Card
T008696,2023-12-19,C00124,P0040,3,377.93,10,PayPal
T008697,2024-03-03,C00463,P0040,2,377.93,0,Credit Card
T008698,2024-02-10,C00547,P0066,3,292.34,20,Debit Card
T008699,2024-02-19,C00237,P0052,4,409.85,0,Credit Card
T008700,2024-07-12,C00536,P0083,5,334.32,10,Debit Card
T008701,2024-07-15,C00047,P0025,1,282.91,10,PayPal
T008702,2024-04-30,C00754,P0065,1,74.83,15,PayPal
T008703,2024-03-19,C00532,P0002,5,119.37,0,PayPal
T008704,2023-03-12,C00701,P0066,5,292.34,0,Debit Card
T008705,2023-10-16,C00971,P0037,4,198.54,5,Debit Card
T008706,2024-03-18,C00479,P0009,2,352.09,10,Cash
T008707,2023-02-04,C00469,P0070,2,330.19,15,Debit Card
T008708,2023-03-22,C00578,P0034,2,259.67,0,Credit Card
T008709,2023-07-14,C00933,P0058,2,328.44,5,Debit Card
T008710,2024-06-16,C00008,P0096,3,234.04,10,Credit Card
T008711,2024-10-27,C00004,P0030,5,234.84,5,PayPal
T008712,2024-08-04,C00671,P0015,1,313.07,15,PayPal
T008713,2024-05-16,C00262,P0053,5,385.26,5,Cash
T008714,2023-07-22,C00708,P0072,4,131.84,20,Credit Card
T008715,2023-07-28,C00949,P0030,4,234.84,5,Debit Card
T008716,2024-10-12,C00830,P0063,5,431.22,0,Credit Card
T008717,2024-01-08,C00920,P0045,2,156.24,20,Debit Card
T008718,2024-01-09,C00516,P0089,5,43.58,5,Credit Card
T008719,2023-06-29,C00205,P0012,4,305.83,15,Credit Card
T008720,2024-02-22,C00668,P0007,2,215.56,5,PayPal
T008721,2023-03-16,C00485,P0093,5,266.16,15,Cash
T008722,2023-01-14,C00524,P0020,4,89.7,10,Credit Card
T008723,2024-04-28,C00424,P0021,3,140.82,20,Credit Card
T008724,2023-01-04,C00712,P0044,1,258.76,5,Credit Card
T008725,2024-03-03,C00550,P0062,1,319.24,5,Debit Card
T008726,2024-03-30,C00649,P0079,2,433.68,20,PayPal
T008727,2024-10-11,C00229,P0073,1,78.69,20,Debit Card
T008728,2023-07-08,C00662,P0058,5,328.44,0,PayPal
T008729,2024-03-11,C00357,P0074,2,132.41,20,PayPal
T008730,2023-09-08,C00432,P0100,5,441.62,20,Debit Card
T008731,2023-09-06,C00179,P0100,1,441.62,15,Debit Card
T008732,2024-10-09,C00834,P0039,5,343.34,15,Credit Card
T008733,2024-11-26,C00349,P0011,4,55.45,5,Debit Card
T008734,2023-02-23,C00399,P0089,4,43.58,20,Credit Card
T008735,2023-03-08,C00590,P0087,3,460.5,15,Cash
T008736,2023-02-08,C00284,P0011,1,55.45,5,Credit Card
T008737,2023-09-19,C00449,P0038,1,269.27,5,Credit Card
T008738,2024-07-29,C00776,P0026,4,122.23,5,PayPal
T008739,2024-07-15,C00315,P0058,5,328.44,10,Cash
T008740,2023-07-10,C00836,P0028,4,439.42,20,Cash
T008741,2024-12-20,C00492,P0009,2,352.09,5,Cash
T008742,2024-04-15,C00026,P0053,4,385.26,5,PayPal
T008743,2024-10-17,C00723,P0009,2,352.09,15,Credit Card
T008744,2024-03-12,C00792,P0047,4,274.3,10,Credit Card
T008745,2024-12-15,C00608,P0053,5,385.26,10,Debit Card
T008746,2024-03-01,C00954,P0052,2,409.85,5,Cash
T008747,2024-01-16,C00800,P0054,1,473.96,20,PayPal
T008748,2023-12-29,C00351,P0029,4,254.62,15,Cash
T008749,2024-05-22,C00371,P0068,5,332.9,5,PayPal
T008750,2023-12-14,C00240,P0065,4,74.83,0,Debit Card
T008751,2024-03-26,C00320,P0038,5,269.27,20,Debit Card
T008752,2023-07-14,C00635,P0098,4,498.09,0,PayPal
T008753,2023-05-14,C00274,P0035,3,431.94,0,Debit Card
T008754,2023-12-26,C00509,P0050,1,127.33,5,Credit Card
T008755,2024-05-05,C00178,P0067,5,405.67,10,Credit Card
T008756,2024-02-12,C00112,P0098,1,498.09,5,Cash
T008757,2024-02-25,C00783,P0027,2,206.57,20,PayPal
T008758,2023-01-03,C00855,P0029,5,254.62,0,PayPal
T008759,2023-08-08,C00262,P0063,1,431.22,5,Cash
T008760,2024-09-17,C00961,P0071,1,207.28,20,Cash
T008761,2023-11-23,C00880,P0041,1,64.66,0,Cash
T008762,2023-04-15,C00846,P0079,5,433.68,15,Credit Card
T008763,2024-05-22,C00765,P0093,5,266.16,5,Debit Card
T008764,2024-11-25,C00241,P0011,2,55.45,20,PayPal
T008765,2023-02-03,C00693,P0022,4,44.99,10,PayPal
T008766,2023-07-05,C00924,P0046,1,107.47,0,Cash
T008767,2024-01-18,C00374,P0058,3,328.44,10,Cash
T008768,2023-11-05,C00388,P0067,2,405.67,5,Credit Card
T008769,2023-01-12,C00929,P0088,4,480.78,0,PayPal
T008770,2024-02-08,C00893,P0008,3,406.62,10,Cash
T008771,2023-08-04,C00735,P0067,3,405.67,0,Credit Card
T008772,2024-08-08,C00007,P0052,1,409.85,15,Cash
T008773,2023-04-30,C00900,P0053,1,385.26,10,Debit Card
T008774,2023-03-23,C00388,P0057,4,108.56,0,Debit Card
T008775,2023-10-28,C00711,P0038,3,269.27,15,Cash
T008776,2024-12-20,C00094,P0076,5,34.79,0,PayPal
T008777,2023-08-07,C00778,P0030,4,234.84,20,Cash
T008778,2023-12-03,C00341,P0059,3,231.23,10,Cash
T008779,2023-01-18,C00570,P0050,2,127.33,10,Debit Card
T008780,2024-03-03,C00382,P0003,2,372.93,5,Debit Card
T008781,2024-10-06,C00623,P0040,5,377.93,15,Cash
T008782,2024-01-22,C00052,P0093,5,266.16,0,Cash
T008783,2023-11-24,C00570,P0067,1,405.67,10,Credit Card
T008784,2023-10-24,C00021,P0082,2,217.27,15,Debit Card
T008785,2023-11-10,C00456,P0068,3,332.9,10,Credit Card
T008786,2023-05-22,C00400,P0096,1,234.04,20,Debit Card
T008787,2024-04-05,C00058,P0079,2,433.68,5,Debit Card
T008788,2023-01-23,C00663,P0077,3,484.81,10,Debit Card
T008789,2023-03-13,C00168,P0088,1,480.78,5,PayPal
T008790,2024-12-31,C00339,P0042,4,11.59,20,Credit Card
T008791,2023-02-11,C00190,P0061,3,298.34,15,Cash
T008792,2024-07-24,C00135,P0063,2,431.22,0,Cash
T008793,2024-10-18,C00964,P0027,4,206.57,10,Cash
T008794,2024-06-23,C00453,P0026,1,122.23,10,Credit Card
T008795,2023-02-23,C00102,P0037,2,198.54,15,Cash
T008796,2024-04-11,C00978,P0062,4,319.24,15,PayPal
T008797,2024-08-16,C00710,P0085,2,370.51,5,Debit Card
T008798,2023-10-05,C00393,P0077,4,484.81,5,Cash
T008799,2023-03-23,C00432,P0076,4,34.79,10,PayPal
T008800,2024-04-07,C00122,P0075,2,405.93,0,PayPal
T008801,2023-12-09,C00687,P0034,1,259.67,5,PayPal
T008802,2023-11-02,C00574,P0027,5,206.57,5,Cash
T008803,2024-08-25,C00414,P0058,5,328.44,10,Credit Card
T008804,2023-08-30,C00398,P0087,4,460.5,15,PayPal
T008805,2024-07-13,C00437,P0067,5,405.67,20,Cash
T008806,2024-09-08,C00532,P0002,4,119.37,20,Cash
T008807,2023-08-26,C00935,P0073,1,78.69,10,Credit Card
T008808,2024-07-06,C00246,P0089,3,43.58,20,Credit Card
T008809,2024-09-30,C00625,P0037,1,198.54,10,PayPal
T008810,2023-09-24,C00286,P0060,2,175.66,15,Credit Card
T008811,2024-04-08,C00371,P0018,3,429.11,10,PayPal
T008812,2023-06-04,C00575,P0062,4,319.24,0,Credit Card
T008813,2024-09-08,C00259,P0043,4,139.06,5,Cash
T008814,2023-10-11,C00468,P0008,3,406.62,0,Debit Card
T008815,2024-09-17,C00954,P0016,3,104.22,15,Credit Card
T008816,2023-09-02,C00560,P0058,2,328.44,20,Credit Card
T008817,2023-08-22,C00424,P0041,5,64.66,20,Credit Card
T008818,2024-11-23,C00574,P0003,3,372.93,20,Cash
T008819,2024-05-06,C00001,P0059,4,231.23,10,Credit Card
T008820,2023-04-19,C00590,P0025,5,282.91,5,Debit Card
T008821,2023-11-27,C00992,P0051,4,474.01,20,Cash
T008822,2024-12-09,C00312,P0099,4,257.88,5,Credit Card
T008823,2024-05-05,C00494,P0100,1,441.62,20,Cash
T008824,2023-07-05,C00417,P0053,4,385.26,20,Cash
T008825,2023-03-13,C00924,P0052,2,409.85,5,Cash
T008826,2023-08-01,C00123,P0069,2,238.84,0,Debit Card
T008827,2023-05-26,C00819,P0096,4,234.04,5,PayPal
T008828,2024-12-02,C00529,P0079,4,433.68,10,Credit Card
T008829,2024-09-16,C00413,P0033,4,187.38,10,PayPal
T008830,2024-08-03,C00464,P0063,1,431.22,10,Debit Card
T008831,2024-02-08,C00276,P0039,2,343.34,10,PayPal
T008832,2023-10-22,C00136,P0014,1,48.61,15,Cash
T008833,2023-06-24,C00927,P0007,5,215.56,0,Credit Card
T008834,2024-12-18,C00885,P0023,5,367.27,20,Debit Card
T008835,2023-09-18,C00168,P0065,5,74.83,0,Credit Card
T008836,2024-11-21,C00167,P0076,1,34.79,10,Debit Card
T008837,2024-01-30,C00027,P0042,3,11.59,10,Cash
T008838,2024-06-21,C00634,P0055,4,437.49,20,Credit Card
T008839,2023-02-09,C00616,P0011,2,55.45,5,Debit Card
T008840,2023-04-02,C00137,P0041,3,64.66,0,PayPal
T008841,2023-05-06,C00653,P0041,4,64.66,10,PayPal
T008842,2024-12-12,C00474,P0019,4,146.21,20,Cash
T008843,2023-04-06,C00831,P0084,2,155.39,15,Cash
T008844,2024-08-07,C00871,P0096,2,234.04,5,Debit Card
T008845,2023-09-02,C00447,P0043,5,139.06,10,Debit Card
T008846,2023-01-21,C00565,P0012,3,305.83,10,PayPal
T008847,2024-04-03,C00987,P0051,4,474.01,0,Cash
T008848,2024-11-15,C00906,P0023,5,367.27,10,Credit Card
T008849,2024-02-29,C00067,P0037,1,198.54,5,Credit Card
T008850,2024-07-01,C00065,P0040,4,377.93,5,Debit Card
T008851,2024-10-15,C00378,P0053,2,385.26,5,PayPal
T008852,2024-10-11,C00379,P0055,3,437.49,10,Cash
T008853,2023-03-07,C00838,P0017,1,121.67,5,PayPal
T008854,2024-02-26,C00692,P0059,2,231.23,15,PayPal
T008855,2023-11-06,C00054,P0087,1,460.5,20,Debit Card
T008856,2024-12-23,C00920,P0066,5,292.34,0,PayPal
T008857,2024-11-26,C00848,P0027,3,206.57,5,PayPal
T008858,2024-10-17,C00846,P0034,2,259.67,10,Cash
T008859,2023-05-09,C00685,P0069,4,238.84,0,Cash
T008860,2024-12-11,C00087,P0066,2,292.34,20,PayPal
T008861,2024-12-29,C00815,P0059,3,231.23,0,Debit Card
T008862,2023-09-21,C00045,P0100,4,441.62,10,Credit Card
T008863,2024-05-30,C00325,P0095,1,203.94,10,Debit Card
T008864,2024-11-16,C00054,P0034,3,259.67,10,PayPal
T008865,2024-03-03,C00360,P0092,1,50.17,5,Credit Card
T008866,2024-02-16,C00024,P0079,4,433.68,0,Credit Card
T008867,2024-10-01,C00358,P0093,5,266.16,15,Debit Card
T008868,2024-10-16,C00160,P0057,3,108.56,5,Credit Card
T008869,2023-08-26,C00324,P0016,5,104.22,10,Cash
T008870,2023-11-13,C00990,P0030,5,234.84,10,PayPal
T008871,2023-05-11,C00017,P0071,3,207.28,10,Credit Card
T008872,2023-03-04,C00169,P0075,2,405.93,0,PayPal
T008873,2023-02-18,C00574,P0061,4,298.34,5,Credit Card
T008874,2023-12-17,C00194,P0088,5,480.78,0,Credit Card
T008875,2023-09-03,C00279,P0098,2,498.09,5,Debit Card
T008876,2024-02-02,C00026,P0019,3,146.21,10,PayPal
T008877,2024-12-24,C00962,P0045,4,156.24,5,PayPal
T008878,2024-09-13,C00381,P0064,4,146.45,10,Cash
T008879,2024-07-13,C00225,P0089,2,43.58,20,Debit Card
T008880,2024-09-08,C00792,P0075,3,405.93,5,Credit Card
T008881,2023-01-31,C00699,P0075,3,405.93,0,PayPal
T008882,2024-03-31,C00451,P0071,5,207.28,5,Credit Card
T008883,2024-11-26,C00349,P0073,4,78.69,5,Debit Card
T008884,2024-09-10,C00531,P0058,2,328.44,0,Credit Card
T008885,2024-07-28,C00576,P0078,4,91.49,10,PayPal
T008886,2024-02-18,C00813,P0097,1,14.56,15,PayPal
T008887,2023-12-16,C00162,P0054,3,473.96,15,Cash
T008888,2023-01-04,C00935,P0027,2,206.57,15,Credit Card
T008889,2024-07-01,C00520,P0082,4,217.27,10,Cash
T008890,2023-12-03,C00814,P0007,5,215.56,20,Credit Card
T008891,2024-11-11,C00036,P0017,4,121.67,10,Debit Card
T008892,2023-02-16,C00410,P0033,5,187.38,0,Cash
T008893,2023-10-22,C00595,P0027,1,206.57,15,PayPal
T008894,2024-06-29,C00492,P0033,4,187.38,5,Debit Card
T008895,2023-02-12,C00306,P0020,3,89.7,10,Credit Card
T008896,2024-11-29,C00242,P0062,1,319.24,20,Cash
T008897,2023-03-24,C00669,P0070,5,330.19,0,Credit Card
T008898,2023-03-11,C00060,P0024,2,142.27,15,Cash
T008899,2023-07-04,C00698,P0079,1,433.68,15,PayPal
T008900,2023-05-09,C00085,P0056,4,465.17,15,Cash
T008901,2023-10-09,C00068,P0062,1,319.24,15,Debit Card
T008902,2023-12-21,C00454,P0024,3,142.27,15,PayPal
T008903,2023-05-19,C00725,P0090,1,207.85,20,Debit Card
T008904,2023-04-19,C00923,P0088,2,480.78,0,Credit Card
T008905,2023-03-19,C00396,P0095,1,203.94,20,Debit Card
T008906,2023-07-02,C00339,P0012,2,305.83,20,Credit Card
T008907,2023-03-02,C00303,P0064,1,146.45,15,Cash
T008908,2024-12-29,C00275,P0090,2,207.85,0,Cash
T008909,2023-01-25,C00152,P0038,5,269.27,5,Credit Card
T008910,2024-02-12,C00144,P0063,2,431.22,5,PayPal
T008911,2024-01-27,C00259,P0095,3,203.94,15,Credit Card
T008912,2023-02-09,C00050,P0049,4,19.54,0,Cash
T008913,2024-04-10,C00243,P0083,4,334.32,15,Debit Card
T008914,2023-03-16,C00126,P0033,5,187.38,0,Credit Card
T008915,2023-03-03,C00165,P0059,5,231.23,0,PayPal
T008916,2024-04-27,C00830,P0080,5,195.7,0,Credit Card
T008917,2024-11-02,C00468,P0013,1,235.12,10,Cash
T008918,2023-10-05,C00654,P0060,4,175.66,10,PayPal
T008919,2024-04-10,C00374,P0097,4,14.56,20,Credit Card
T008920,2023-08-19,C00231,P0094,4,338.17,15,PayPal
T008921,2024-10-10,C00769,P0076,3,34.79,15,Credit Card
T008922,2023-01-22,C00780,P0075,5,405.93,20,Debit Card
T008923,2024-05-09,C00290,P0068,5,332.9,15,PayPal
T008924,2023-06-16,C00790,P0028,1,439.42,20,Credit Card
T008925,2023-10-23,C00860,P0041,2,64.66,5,PayPal
T008926,2023-08-06,C00271,P0004,5,216.74,20,Debit Card
T008927,2023-01-27,C00870,P0060,1,175.66,0,Credit Card
T008928,2023-06-07,C00976,P0051,4,474.01,10,PayPal
T008929,2023-09-26,C00356,P0058,2,328.44,20,Cash
T008930,2023-10-25,C00092,P0092,4,50.17,5,Debit Card
T008931,2023-12-16,C00107,P0011,4,55.45,5,Debit Card
T008932,2023-02-23,C00863,P0025,3,282.91,20,Debit Card
T008933,2023-04-02,C00821,P0061,2,298.34,15,Debit Card
T008934,2024-12-02,C00887,P0032,1,296.45,20,Credit Card
T008935,2023-09-22,C00956,P0071,1,207.28,20,Cash
T008936,2024-12-12,C00110,P0011,2,55.45,10,Credit Card
T008937,2023-11-06,C00719,P0039,2,343.34,0,Cash
T008938,2023-11-23,C00849,P0088,4,480.78,15,Debit Card
T008939,2023-04-05,C00137,P0013,4,235.12,0,Cash
T008940,2024-06-12,C00001,P0014,5,48.61,20,Credit Card
T008941,2024-11-06,C00426,P0059,4,231.23,5,PayPal
T008942,2023-05-12,C00342,P0011,2,55.45,15,Cash
T008943,2023-07-26,C00463,P0084,1,155.39,0,Credit Card
T008944,2024-04-07,C00007,P0098,4,498.09,20,Cash
T008945,2024-06-22,C00444,P0083,3,334.32,15,PayPal
T008946,2023-04-14,C00485,P0038,2,269.27,10,PayPal
T008947,2024-03-13,C00583,P0071,3,207.28,5,Cash
T008948,2023-10-26,C00352,P0024,2,142.27,10,Cash
T008949,2024-03-30,C00552,P0049,5,19.54,20,Cash
T008950,2024-05-08,C00227,P0097,5,14.56,10,Credit Card
T008951,2024-02-02,C00923,P0081,4,463.99,0,Debit Card
T008952,2023-06-14,C00667,P0086,2,38.01,15,Credit Card
T008953,2023-04-13,C00693,P0034,1,259.67,20,PayPal
T008954,2024-12-30,C00990,P0083,1,334.32,15,Credit Card
T008955,2023-12-26,C00787,P0083,1,334.32,20,Cash
T008956,2024-11-14,C00756,P0081,2,463.99,5,Debit Card
T008957,2023-03-01,C00315,P0084,4,155.39,15,Debit Card
T008958,2023-12-11,C00606,P0092,4,50.17,0,Credit Card
T008959,2024-01-06,C00988,P0082,5,217.27,10,Debit Card
T008960,2023-08-24,C00518,P0100,3,441.62,0,Cash
T008961,2023-05-09,C00700,P0097,5,14.56,0,Cash
T008962,2023-07-09,C00753,P0071,5,207.28,0,PayPal
T008963,2024-12-13,C00419,P0094,4,338.17,0,Debit Card
T008964,2023-01-28,C00548,P0074,1,132.41,10,Credit Card
T008965,2024-10-16,C00221,P0067,3,405.67,5,PayPal
T008966,2024-08-04,C00418,P0027,2,206.57,10,Cash
T008967,2024-06-24,C00710,P0008,5,406.62,15,Cash
T008968,2024-09-22,C00942,P0081,2,463.99,10,Cash
T008969,2023-05-29,C00924,P0038,3,269.27,0,Cash
T008970,2024-04-19,C00148,P0050,1,127.33,20,Cash
T008971,2023-10-25,C00022,P0031,5,375.04,15,PayPal
T008972,2024-05-26,C00134,P0039,5,343.34,5,Debit Card
T008973,2024-02-05,C00242,P0068,3,332.9,20,Cash
T008974,2023-01-25,C00737,P0078,2,91.49,20,PayPal
T008975,2023-04-17,C00689,P0054,2,473.96,20,Credit Card
T008976,2024-07-23,C00357,P0040,3,377.93,20,Debit Card
T008977,2024-01-22,C00449,P0018,4,429.11,5,Debit Card
T008978,2023-04-15,C00346,P0024,5,142.27,0,Debit Card
T008979,2024-11-17,C00974,P0099,5,257.88,15,Cash
T008980,2024-02-17,C00273,P0029,1,254.62,10,Credit Card
T008981,2024-09-29,C00999,P0057,3,108.56,10,Cash
T008982,2024-03-11,C00733,P0044,2,258.76,5,PayPal
T008983,2024-02-15,C00411,P0079,5,433.68,10,Credit Card
T008984,2024-02-27,C00183,P0076,1,34.79,15,PayPal
T008985,2023-03-15,C00107,P0060,2,175.66,10,Debit Card
T008986,2024-10-06,C00305,P0071,3,207.28,10,Cash
T008987,2023-01-30,C00642,P0092,3,50.17,0,Credit Card
T008988,2023-12-29,C00267,P0057,3,108.56,20,Credit Card
T008989,2024-05-11,C00430,P0054,3,473.96,20,Cash
T008990,2024-06-14,C00118,P0039,2,343.34,20,Debit Card
T008991,2023-05-02,C00468,P0023,4,367.27,0,Cash
T008992,2024-07-02,C00241,P0099,2,257.88,10,PayPal
T008993,2024-07-07,C00653,P0023,2,367.27,10,PayPal
T008994,2023-05-10,C00846,P0037,5,198.54,20,Credit Card
T008995,2024-02-01,C00680,P0002,2,119.37,10,Debit Card
T008996,2023-11-13,C00499,P0014,4,48.61,10,PayPal
T008997,2024-02-22,C00827,P0014,3,48.61,0,Credit Card
T008998,2024-10-22,C00593,P0099,1,257.88,0,Credit Card
T008999,2023-10-27,C00795,P0087,4,460.5,5,Credit Card
T009000,2024-10-06,C00849,P0022,5,44.99,20,Debit Card
T009001,2023-11-17,C00257,P0067,3,405.67,20,Credit Card
T009002,2024-11-21,C00138,P0013,4,235.12,15,Credit Card
T009003,2023-05-19,C00502,P0057,1,108.56,10,Cash
T009004,2024-10-24,C00347,P0065,2,74.83,20,Credit Card
T009005,2024-08-27,C00698,P0013,4,235.12,10,PayPal
T009006,2024-05-14,C00932,P0073,3,78.69,0,Credit Card
T009007,2024-11-03,C00030,P0025,5,282.91,20,Debit Card
T009008,2023-06-20,C00651,P0073,1,78.69,15,PayPal
T009009,2023-04-10,C00633,P0078,4,91.49,10,PayPal
T009010,2023-02-03,C00712,P0020,5,89.7,5,Cash
T009011,2024-03-06,C00330,P0033,2,187.38,15,PayPal
T009012,2024-07-22,C00990,P0058,2,328.44,20,Credit Card
T009013,2023-06-22,C00564,P0031,4,375.04,10,Cash
T009014,2023-07-02,C00045,P0053,1,385.26,20,Credit Card
T009015,2024-01-09,C00557,P0075,1,405.93,0,Credit Card
T009016,2023-01-08,C00254,P0090,1,207.85,0,PayPal
T009017,2023-07-19,C00551,P0059,2,231.23,20,Cash
T009018,2024-06-20,C00491,P0095,2,203.94,5,Credit Card
T009019,2023-07-15,C00466,P0002,1,119.37,0,Credit Card
T009020,2024-03-10,C00756,P0074,2,132.41,5,Debit Card
T009021,2024-12-25,C00479,P0076,4,34.79,15,Debit Card
T009022,2023-04-26,C00276,P0047,1,274.3,10,Credit Card
T009023,2024-08-15,C00061,P0072,4,131.84,0,Debit Card
T009024,2024-04-10,C00138,P0094,5,338.17,5,PayPal
T009025,2023-06-08,C00573,P0085,4,370.51,5,PayPal
T009026,2024-07-04,C00873,P0099,2,257.88,10,Debit Card
T009027,2024-12-21,C00206,P0050,5,127.33,20,Cash
T009028,2024-10-22,C00276,P0084,5,155.39,10,PayPal
T009029,2024-09-15,C00055,P0012,5,305.83,5,Debit Card
T009030,2023-09-03,C00372,P0047,5,274.3,20,PayPal
T009031,2024-04-11,C00914,P0020,5,89.7,5,PayPal
T009032,2024-02-14,C00221,P0084,5,155.39,20,Credit Card
T009033,2024-03-21,C00679,P0011,5,55.45,0,PayPal
T009034,2023-11-25,C00500,P0072,3,131.84,5,Credit Card
T009035,2024-12-15,C00154,P0082,5,217.27,15,Credit Card
T009036,2023-10-06,C00600,P0093,5,266.16,0,PayPal
T009037,2023-03-08,C00480,P0055,5,437.49,10,Debit Card
T009038,2024-10-29,C00192,P0006,4,107.43,20,Credit Card
T009039,2023-10-09,C00872,P0043,3,139.06,20,Credit Card
T009040,2023-03-14,C00976,P0072,5,131.84,0,Cash
T009041,2024-10-03,C00526,P0021,3,140.82,10,PayPal
T009042,2024-07-02,C00496,P0095,3,203.94,20,PayPal
T009043,2023-02-13,C00591,P0006,2,107.43,15,Debit Card
T009044,2024-07-19,C00530,P0100,4,441.62,10,Credit Card
T009045,2024-05-20,C00190,P0085,1,370.51,0,Credit Card
T009046,2023-12-31,C00822,P0059,1,231.23,0,Cash
T009047,2023-10-20,C00988,P0027,3,206.57,15,PayPal
T009048,2024-12-03,C00674,P0019,5,146.21,5,PayPal
T009049,2023-12-19,C00778,P0090,3,207.85,15,Credit Card
T009050,2024-12-20,C00561,P0089,3,43.58,15,Credit Card
T009051,2023-01-02,C00348,P0014,5,48.61,0,Debit Card
T009052,2023-08-05,C00878,P0049,2,19.54,10,Debit Card
T009053,2023-10-28,C00662,P0080,3,195.7,15,Credit Card
T009054,2023-01-05,C00997,P0018,3,429.11,0,Credit Card
T009055,2024-02-07,C00460,P0084,2,155.39,10,PayPal
T009056,2024-03-11,C00637,P0007,3,215.56,15,Cash
T009057,2023-06-13,C00546,P0037,4,198.54,15,PayPal
T009058,2024-04-14,C00249,P0050,1,127.33,20,Debit Card
T009059,2023-12-08,C00136,P0057,5,108.56,20,Credit Card
T009060,2024-09-24,C00880,P0013,1,235.12,0,Cash
T009061,2023-09-13,C00657,P0035,4,431.94,10,Credit Card
T009062,2024-06-01,C00840,P0002,3,119.37,5,Credit Card
T009063,2024-11-25,C00161,P0020,2,89.7,0,PayPal
T009064,2024-07-31,C00897,P0062,3,319.24,15,Debit Card
T009065,2023-08-08,C00846,P0100,4,441.62,20,Debit Card
T009066,2024-05-28,C00388,P0062,3,319.24,15,PayPal
T009067,2024-01-01,C00143,P0045,3,156.24,20,Cash
T009068,2024-07-24,C00964,P0042,4,11.59,20,PayPal
T009069,2023-01-26,C00980,P0093,4,266.16,15,PayPal
T009070,2024-05-27,C00538,P0062,2,319.24,15,PayPal
T009071,2024-06-06,C00115,P0061,2,298.34,0,Credit Card
T009072,2023-02-25,C00352,P0023,3,367.27,10,Cash
T009073,2024-10-18,C00349,P0034,2,259.67,5,PayPal
T009074,2024-03-31,C00522,P0080,3,195.7,5,PayPal
T009075,2024-10-12,C01000,P0081,5,463.99,10,PayPal
T009076,2024-04-11,C00294,P0001,1,64.55,10,PayPal
T009077,2023-02-06,C00683,P0043,4,139.06,5,Debit Card
T009078,2024-05-08,C00438,P0006,5,107.43,10,Credit Card
T009079,2023-03-09,C00107,P0067,5,405.67,15,Credit Card
T009080,2023-07-22,C00661,P0069,4,238.84,10,PayPal
T009081,2023-11-30,C00287,P0073,2,78.69,5,Credit Card
T009082,2024-11-12,C00253,P0025,2,282.91,10,Credit Card
T009083,2024-09-22,C00630,P0086,4,38.01,15,Credit Card
T009084,2023-03-24,C00006,P0067,1,405.67,15,Cash
T009085,2024-12-14,C00302,P0059,2,231.23,15,Credit Card
T009086,2023-09-28,C00639,P0070,1,330.19,20,PayPal
T009087,2024-09-10,C00450,P0020,1,89.7,10,Debit Card
T009088,2024-12-01,C00588,P0054,3,473.96,15,PayPal
T009089,2024-09-10,C00993,P0027,3,206.57,15,Cash
T009090,2024-12-14,C00547,P0067,5,405.67,5,Cash
T009091,2023-03-25,C00648,P0051,1,474.01,20,Cash
T009092,2024-04-15,C00315,P0050,3,127.33,20,Credit Card
T009093,2024-07-06,C00194,P0038,1,269.27,20,Cash
T009094,2024-10-11,C00167,P0041,1,64.66,15,Credit Card
T009095,2024-10-17,C00881,P0004,3,216.74,5,Credit Card
T009096,2023-05-18,C00021,P0054,3,473.96,10,Cash
T009097,2023-11-03,C00144,P0008,5,406.62,10,PayPal
T009098,2024-09-28,C00551,P0048,4,460.06,15,PayPal
T009099,2024-01-19,C00892,P0073,1,78.69,5,Cash
T009100,2024-06-12,C00233,P0012,1,305.83,15,Debit Card
T009101,2024-04-06,C00112,P0027,5,206.57,5,PayPal
T009102,2024-08-18,C00112,P0040,2,377.93,5,PayPal
T009103,2023-12-02,C00735,P0075,2,405.93,5,Debit Card
T009104,2024-01-14,C00529,P0089,1,43.58,5,PayPal
T009105,2023-12-22,C00857,P0041,4,64.66,0,Credit Card
T009106,2024-01-28,C00831,P0023,4,367.27,10,Debit Card
T009107,2023-12-07,C00933,P0014,3,48.61,20,Debit Card
T009108,2024-06-10,C00206,P0053,2,385.26,15,Credit Card
T009109,2023-06-07,C00103,P0027,4,206.57,10,Credit Card
T009110,2023-05-13,C00762,P0068,1,332.9,0,Cash
T009111,2023-01-03,C00647,P0100,4,441.62,15,Debit Card
T009112,2023-10-31,C00213,P0036,2,398.12,10,Cash
T009113,2023-01-03,C00666,P0024,4,142.27,5,Debit Card
T009114,2024-01-11,C00285,P0051,1,474.01,15,Debit Card
T009115,2024-08-29,C00680,P0071,4,207.28,0,Debit Card
T009116,2023-12-05,C00097,P0020,3,89.7,0,PayPal
T009117,2024-11-25,C00980,P0082,2,217.27,10,Credit Card
T009118,2024-05-01,C00666,P0017,2,121.67,15,PayPal
T009119,2023-02-14,C00748,P0034,3,259.67,20,PayPal
T009120,2023-06-23,C00053,P0050,2,127.33,5,PayPal
T009121,2023-10-22,C00482,P0084,2,155.39,5,PayPal
T009122,2023-02-06,C00950,P0041,3,64.66,5,Credit Card
T009123,2024-02-20,C00985,P0010,1,115.5,5,Credit Card
T009124,2023-01-05,C00375,P0035,5,431.94,20,Debit Card
T009125,2024-04-29,C00866,P0047,2,274.3,5,PayPal
T009126,2023-02-22,C00504,P0065,1,74.83,10,Cash
T009127,2024-07-29,C00231,P0086,2,38.01,10,PayPal
T009128,2024-01-02,C00246,P0052,5,409.85,10,Credit Card
T009129,2024-06-22,C00158,P0099,5,257.88,10,Debit Card
T009130,2024-09-19,C00797,P0073,4,78.69,10,Cash
T009131,2024-08-16,C00044,P0072,1,131.84,10,PayPal
T009132,2024-05-15,C00983,P0092,2,50.17,5,Credit Card
T009133,2024-04-16,C00997,P0080,2,195.7,15,Cash
T009134,2023-01-01,C00690,P0074,3,132.41,0,PayPal
T009135,2023-09-15,C00906,P0059,3,231.23,0,Credit Card
T009136,2024-04-10,C00016,P0041,3,64.66,15,Cash
T009137,2023-12-22,C00529,P0042,5,11.59,20,Credit Card
T009138,2024-10-23,C00331,P0051,5,474.01,15,Cash
T009139,2024-12-29,C00137,P0092,2,50.17,5,Debit Card
T009140,2023-10-24,C00044,P0024,3,142.27,5,Credit Card
T009141,2023-03-04,C00245,P0052,1,409.85,20,Credit Card
T009142,2023-02-08,C00874,P0055,5,437.49,15,Credit Card
T009143,2023-09-10,C00778,P0049,2,19.54,10,Credit Card
T009144,2024-11-18,C00866,P0012,3,305.83,5,Credit Card
T009145,2023-06-07,C00408,P0071,1,207.28,5,Debit Card
T009146,2023-08-10,C00568,P0021,4,140.82,0,PayPal
T009147,2023-01-03,C00790,P0092,2,50.17,10,PayPal
T009148,2023-11-02,C00150,P0018,3,429.11,20,Debit Card
T009149,2023-06-24,C00246,P0037,1,198.54,5,Debit Card
T009150,2024-12-08,C00793,P0017,1,121.67,0,Credit Card
T009151,2023-04-09,C00133,P0025,4,282.91,20,Debit Card
T009152,2024-07-11,C00689,P0085,2,370.51,10,Debit Card
T009153,2023-12-07,C00657,P0008,5,406.62,15,Credit Card
T009154,2023-08-27,C00236,P0043,2,139.06,20,PayPal
T009155,2024-01-25,C00652,P0015,4,313.07,15,Debit Card
T009156,2024-08-25,C00916,P0036,5,398.12,10,Cash
T009157,2024-05-14,C00293,P0049,1,19.54,20,Cash
T009158,2024-04-14,C00957,P0075,3,405.93,5,Cash
T009159,2023-03-12,C00004,P0036,5,398.12,5,Credit Card
T009160,2024-10-19,C00041,P0060,5,175.66,0,Cash
T009161,2023-09-09,C00386,P0031,1,375.04,5,Cash
T009162,2023-07-12,C00739,P0016,3,104.22,15,Cash
T009163,2023-06-17,C00071,P0054,4,473.96,5,Cash
T009164,2023-07-11,C00150,P0076,3,34.79,10,Cash
T009165,2024-12-25,C00886,P0058,4,328.44,5,Debit Card
T009166,2024-12-08,C00199,P0039,5,343.34,5,Credit Card
T009167,2023-10-14,C00171,P0056,5,465.17,5,Debit Card
T009168,2023-07-10,C00969,P0021,5,140.82,5,Debit Card
T009169,2024-06-18,C00806,P0093,1,266.16,5,PayPal
T009170,2023-06-30,C00168,P0093,2,266.16,10,Credit Card
T009171,2024-01-30,C00497,P0019,1,146.21,20,PayPal
T009172,2023-02-13,C00704,P0093,1,266.16,10,PayPal
T009173,2023-03-18,C00319,P0022,3,44.99,5,Debit Card
T009174,2024-08-27,C00258,P0020,3,89.7,15,Cash
T009175,2024-11-22,C00535,P0004,5,216.74,5,Debit Card
T009176,2024-12-15,C00357,P0083,1,334.32,10,Cash
T009177,2023-06-10,C00989,P0089,5,43.58,5,Debit Card
T009178,2024-10-20,C00286,P0059,1,231.23,10,Debit Card
T009179,2023-12-17,C00839,P0071,2,207.28,5,Cash
T009180,2024-06-04,C00966,P0083,5,334.32,10,Credit Card
T009181,2024-09-16,C00349,P0003,2,372.93,0,PayPal
T009182,2023-12-15,C00494,P0072,3,131.84,20,PayPal
T009183,2023-03-02,C00717,P0066,2,292.34,10,Cash
T009184,2023-05-13,C00187,P0029,2,254.62,0,Credit Card
T009185,2024-05-08,C00573,P0001,4,64.55,0,Cash
T009186,2024-09-09,C00516,P0039,3,343.34,15,Cash
T009187,2023-10-19,C00737,P0060,3,175.66,5,Credit Card
T009188,2023-10-03,C00256,P0071,3,207.28,15,PayPal
T009189,2023-02-12,C00654,P0072,4,131.84,20,Debit Card
T009190,2024-11-11,C00470,P0018,1,429.11,5,PayPal
T009191,2023-05-14,C00700,P0087,3,460.5,10,Credit Card
T009192,2023-04-24,C00684,P0096,1,234.04,10,PayPal
T009193,2024-02-25,C00670,P0023,3,367.27,0,Debit Card
T009194,2024-03-08,C00418,P0085,4,370.51,15,Credit Card
T009195,2024-10-24,C00848,P0073,3,78.69,0,PayPal
T009196,2024-08-05,C00310,P0052,4,409.85,0,Debit Card
T009197,2023-07-25,C00842,P0055,3,437.49,5,PayPal
T009198,2023-11-29,C00204,P0098,2,498.09,0,Cash
T009199,2023-11-24,C00871,P0035,2,431.94,5,Cash
T009200,2024-10-11,C00303,P0009,2,352.09,10,Credit Card
T009201,2024-12-13,C00928,P0086,2,38.01,15,Credit Card
T009202,2023-12-20,C00911,P0020,3,89.7,5,Credit Card
T009203,2023-02-14,C00067,P0078,3,91.49,15,Debit Card
T009204,2024-10-28,C00634,P0004,3,216.74,5,Credit Card
T009205,2023-07-10,C00373,P0021,2,140.82,15,PayPal
T009206,2024-08-23,C00289,P0057,4,108.56,20,Cash
T009207,2023-03-05,C00449,P0056,4,465.17,10,PayPal
T009208,2023-06-17,C00424,P0065,2,74.83,0,Cash
T009209,2024-11-05,C00031,P0095,4,203.94,20,Credit Card
T009210,2023-02-10,C00071,P0094,1,338.17,0,Debit Card
T009211,2023-10-29,C00537,P0038,1,269.27,10,Cash
T009212,2024-09-12,C00305,P0082,2,217.27,0,Credit Card
T009213,2024-06-05,C00315,P0062,5,319.24,0,Credit Card
T009214,2023-10-14,C00599,P0033,1,187.38,0,Credit Card
T009215,2024-03-25,C00716,P0022,2,44.99,0,PayPal
T009216,2024-08-06,C00032,P0023,3,367.27,20,Debit Card
T009217,2023-01-17,C00981,P0092,4,50.17,10,Credit Card
T009218,2023-09-29,C00134,P0011,1,55.45,0,Cash
T009219,2023-02-11,C00868,P0086,3,38.01,5,Credit Card
T009220,2023-01-30,C00380,P0045,1,156.24,5,Credit Card
T009221,2024-01-09,C00535,P0094,5,338.17,15,PayPal
T009222,2023-02-09,C00426,P0050,1,127.33,15,Cash
T009223,2024-01-02,C00119,P0083,3,334.32,0,PayPal
T009224,2024-06-18,C00354,P0030,1,234.84,10,Cash
T009225,2023-01-22,C00360,P0073,1,78.69,10,Debit Card
T009226,2024-04-13,C00053,P0061,2,298.34,0,PayPal
T009227,2023-08-24,C00398,P0070,1,330.19,0,PayPal
T009228,2023-05-06,C00082,P0016,4,104.22,5,Cash
T009229,2023-04-09,C00213,P0033,3,187.38,20,Debit Card
T009230,2023-09-27,C00037,P0015,4,313.07,0,Cash
T009231,2023-11-30,C00647,P0002,3,119.37,15,Debit Card
T009232,2023-11-22,C00221,P0045,1,156.24,0,Cash
T009233,2023-07-24,C00919,P0064,1,146.45,5,Debit Card
T009234,2023-01-08,C00149,P0057,3,108.56,0,PayPal
T009235,2023-11-25,C00766,P0093,2,266.16,10,Credit Card
T009236,2024-07-15,C00448,P0067,1,405.67,20,Cash
T009237,2024-11-21,C00132,P0076,3,34.79,5,Debit Card
T009238,2024-02-22,C00102,P0005,1,124.0,20,Debit Card
T009239,2023-03-18,C00101,P0076,3,34.79,0,Credit Card
T009240,2024-09-01,C00700,P0079,5,433.68,0,Debit Card
T009241,2024-10-01,C00965,P0058,1,328.44,20,Debit Card
T009242,2024-11-08,C00866,P0090,2,207.85,20,Cash
T009243,2023-11-10,C00079,P0094,3,338.17,20,PayPal
T009244,2024-09-29,C00820,P0020,3,89.7,10,Debit Card
T009245,2023-11-02,C00339,P0091,1,130.65,5,Cash
T009246,2024-03-12,C00661,P0034,2,259.67,15,Debit Card
T009247,2024-06-29,C00444,P0091,5,130.65,15,Cash
T009248,2023-10-13,C00065,P0071,1,207.28,0,PayPal
T009249,2023-03-13,C00176,P0099,5,257.88,5,Cash
T009250,2023-06-01,C00194,P0035,1,431.94,15,Cash
T009251,2024-04-27,C00633,P0064,5,146.45,5,Cash
T009252,2024-04-11,C00520,P0059,1,231.23,0,Cash
T009253,2023-01-04,C00708,P0066,2,292.34,10,Credit Card
T009254,2024-05-30,C00812,P0079,2,433.68,10,Credit Card
T009255,2024-12-12,C00196,P0029,1,254.62,10,Cash
T009256,2024-08-13,C00057,P0023,5,367.27,5,Debit Card
T009257,2024-03-18,C00086,P0050,4,127.33,5,Credit Card
T009258,2023-03-26,C00847,P0058,2,328.44,20,PayPal
T009259,2023-04-30,C00144,P0087,4,460.5,15,Credit Card
T009260,2024-11-29,C00939,P0072,4,131.84,20,Cash
T009261,2023-04-24,C00872,P0012,1,305.83,20,PayPal
T009262,2023-01-02,C00246,P0087,5,460.5,0,Debit Card
T009263,2024-11-05,C00688,P0084,4,155.39,15,Cash
T009264,2023-08-10,C00422,P0097,1,14.56,20,Cash
T009265,2023-08-23,C00224,P0027,5,206.57,20,PayPal
T009266,2023-02-15,C00401,P0051,4,474.01,15,Cash
T009267,2023-01-09,C00349,P0092,3,50.17,0,Credit Card
T009268,2024-10-26,C00348,P0005,1,124.0,20,Credit Card
T009269,2024-07-15,C00045,P0028,4,439.42,20,Debit Card
T009270,2024-01-05,C00709,P0007,5,215.56,20,Credit Card
T009271,2023-12-26,C00913,P0048,4,460.06,10,PayPal
T009272,2023-03-21,C00588,P0075,3,405.93,0,Debit Card
T009273,2023-09-25,C00428,P0028,1,439.42,15,Credit Card
T009274,2024-01-16,C00716,P0002,2,119.37,20,Credit Card
T009275,2024-03-26,C00095,P0052,5,409.85,0,Credit Card
T009276,2023-11-14,C00899,P0079,5,433.68,5,Cash
T009277,2024-05-20,C00270,P0067,5,405.67,0,Debit Card
T009278,2023-05-18,C00461,P0012,4,305.83,10,Credit Card
T009279,2023-05-02,C00490,P0099,4,257.88,15,PayPal
T009280,2024-01-16,C00993,P0003,1,372.93,10,Debit Card
T009281,2024-05-20,C00658,P0044,2,258.76,0,PayPal
T009282,2024-04-01,C00661,P0046,2,107.47,5,PayPal
T009283,2023-02-23,C00552,P0092,2,50.17,20,Cash
T009284,2023-02-06,C00970,P0026,5,122.23,0,Debit Card
T009285,2024-03-10,C00299,P0064,5,146.45,15,Cash
T009286,2024-01-04,C00484,P0051,3,474.01,5,PayPal
T009287,2023-03-18,C00255,P0041,3,64.66,15,PayPal
T009288,2023-07-26,C00957,P0077,2,484.81,15,Credit Card
T009289,2024-06-14,C00175,P0014,1,48.61,15,Credit Card
T009290,2023-01-27,C00505,P0027,5,206.57,0,Credit Card
T009291,2023-04-29,C00256,P0001,2,64.55,0,Debit Card
T009292,2023-09-03,C00929,P0033,1,187.38,15,Credit Card
T009293,2024-09-03,C00630,P0088,1,480.78,20,Cash
T009294,2023-12-22,C00722,P0063,5,431.22,20,PayPal
T009295,2023-04-27,C00409,P0052,1,409.85,20,Credit Card
T009296,2024-05-25,C00267,P0051,3,474.01,10,Credit Card
T009297,2023-10-15,C00803,P0029,5,254.62,10,Cash
T009298,2023-03-18,C00982,P0056,2,465.17,5,Debit Card
T009299,2024-04-22,C00861,P0089,4,43.58,5,Cash
T009300,2023-04-18,C00349,P0003,3,372.93,0,Debit Card
T009301,2024-01-26,C00764,P0003,2,372.93,20,PayPal
T009302,2024-02-27,C00739,P0046,3,107.47,20,Debit Card
T009303,2023-04-04,C00544,P0091,5,130.65,10,Cash
T009304,2024-07-07,C00828,P0065,4,74.83,10,Debit Card
T009305,2023-07-16,C00600,P0086,4,38.01,10,PayPal
T009306,2023-07-14,C00987,P0078,1,91.49,20,Credit Card
T009307,2023-06-30,C00555,P0030,3,234.84,20,Cash
T009308,2024-02-25,C00804,P0011,3,55.45,10,PayPal
T009309,2023-08-18,C00734,P0094,2,338.17,15,Debit Card
T009310,2024-01-22,C00660,P0099,1,257.88,20,Credit Card
T009311,2024-06-08,C00449,P0043,3,139.06,5,Cash
T009312,2024-09-09,C00454,P0040,4,377.93,5,Credit Card
T009313,2024-06-25,C00224,P0092,3,50.17,5,Credit Card
T009314,2023-01-14,C00293,P0021,5,140.82,5,Cash
T009315,2024-07-04,C00161,P0044,2,258.76,10,Cash
T009316,2024-11-05,C00325,P0011,1,55.45,5,Credit Card
T009317,2024-03-12,C00413,P0063,1,431.22,20,Cash
T009318,2023-02-15,C00021,P0012,4,305.83,15,PayPal
T009319,2024-06-01,C00457,P0080,5,195.7,5,PayPal
T009320,2023-05-13,C00379,P0095,4,203.94,10,Debit Card
T009321,2024-08-13,C00571,P0028,3,439.42,10,Credit Card
T009322,2024-10-05,C00308,P0085,3,370.51,10,Credit Card
T009323,2024-12-06,C00903,P0030,5,234.84,20,Cash
T009324,2023-07-18,C00905,P0068,2,332.9,10,Cash
T009325,2024-02-04,C00774,P0078,1,91.49,20,Credit Card
T009326,2023-09-21,C00622,P0038,5,269.27,15,Credit Card
T009327,2023-05-21,C00729,P0078,4,91.49,10,Debit Card
T009328,2023-07-07,C00570,P0088,2,480.78,0,PayPal
T009329,2024-11-09,C00023,P0026,4,122.23,0,Cash
T009330,2024-09-07,C00633,P0014,1,48.61,10,Cash
T009331,2024-06-12,C00967,P0055,1,437.49,0,PayPal
T009332,2023-03-05,C00728,P0066,2,292.34,5,PayPal
T009333,2023-11-23,C00184,P0010,5,115.5,20,Debit Card
T009334,2024-09-09,C00762,P0083,3,334.32,10,PayPal
T009335,2023-03-31,C00214,P0066,2,292.34,15,Credit Card
T009336,2023-11-08,C00504,P0084,3,155.39,5,PayPal
T009337,2023-01-25,C00823,P0059,3,231.23,5,Debit Card
T009338,2023-02-16,C00610,P0026,3,122.23,0,Credit Card
T009339,2024-03-29,C00439,P0066,4,292.34,15,PayPal
T009340,2023-12-09,C00036,P0001,3,64.55,5,PayPal
T009341,2024-05-10,C00648,P0082,4,217.27,0,Debit Card
T009342,2024-02-06,C00214,P0058,2,328.44,15,Credit Card
T009343,2023-10-03,C00996,P0024,3,142.27,15,PayPal
T009344,2023-03-28,C00783,P0046,1,107.47,15,Debit Card
T009345,2023-06-03,C00324,P0079,4,433.68,15,Credit Card
T009346,2024-10-18,C00521,P0036,2,398.12,10,Debit Card
T009347,2024-03-02,C00559,P0039,3,343.34,0,Cash
T009348,2024-06-24,C00713,P0021,4,140.82,10,Cash
T009349,2024-04-30,C00062,P0026,4,122.23,0,PayPal
T009350,2024-02-05,C00082,P0004,4,216.74,10,Credit Card
T009351,2024-09-01,C00314,P0049,1,19.54,0,Credit Card
T009352,2024-08-25,C00336,P0020,4,89.7,20,Debit Card
T009353,2024-11-24,C00950,P0043,5,139.06,15,Debit Card
T009354,2024-04-01,C00256,P0067,5,405.67,15,Cash
T009355,2024-05-05,C00337,P0049,3,19.54,0,Debit Card
T009356,2023-08-18,C00962,P0039,4,343.34,0,PayPal
T009357,2023-12-19,C00908,P0015,2,313.07,15,PayPal
T009358,2024-11-05,C00799,P0001,2,64.55,20,Debit Card
T009359,2024-03-04,C00817,P0046,4,107.47,10,Debit Card
T009360,2024-08-06,C00936,P0029,4,254.62,15,PayPal
T009361,2024-02-02,C00466,P0023,3,367.27,10,PayPal
T009362,2024-11-21,C00015,P0034,2,259.67,10,Debit Card
T009363,2024-09-11,C00370,P0058,5,328.44,10,PayPal
T009364,2023-08-31,C00673,P0052,3,409.85,5,Debit Card
T009365,2024-12-03,C00877,P0007,5,215.56,10,Cash
T009366,2023-02-04,C00264,P0043,3,139.06,15,Cash
T009367,2024-01-02,C00898,P0065,2,74.83,20,Credit Card
T009368,2023-03-11,C00747,P0072,4,131.84,15,Debit Card
T009369,2024-04-01,C00280,P0008,2,406.62,20,PayPal
T009370,2023-05-31,C00462,P0067,1,405.67,10,Debit Card
T009371,2023-10-05,C00996,P0084,3,155.39,5,Credit Card
T009372,2023-05-15,C00635,P0075,4,405.93,5,PayPal
T009373,2023-11-15,C00894,P0035,2,431.94,10,Credit Card
T009374,2023-06-09,C00919,P0079,3,433.68,20,Credit Card
T009375,2023-11-05,C00435,P0090,5,207.85,20,Cash
T009376,2024-12-20,C00912,P0093,5,266.16,20,Credit Card
T009377,2024-07-06,C00463,P0092,4,50.17,5,PayPal
T009378,2024-11-03,C00500,P0023,2,367.27,10,Cash
T009379,2024-04-21,C00115,P0014,3,48.61,15,Cash
T009380,2023-07-18,C00801,P0062,5,319.24,0,PayPal
T009381,2024-02-21,C00860,P0016,4,104.22,5,Credit Card
T009382,2024-05-15,C00388,P0028,4,439.42,0,Debit Card
T009383,2024-06-24,C00508,P0093,2,266.16,0,PayPal
T009384,2023-01-21,C00656,P0090,2,207.85,0,Credit Card
T009385,2024-02-12,C00426,P0055,1,437.49,15,Debit Card
T009386,2023-11-15,C00691,P0096,4,234.04,20,Cash
T009387,2024-05-06,C00177,P0051,1,474.01,20,Debit Card
T009388,2023-07-04,C00476,P0040,5,377.93,5,Debit Card
T009389,2023-09-21,C00415,P0064,5,146.45,15,Cash
T009390,2023-02-13,C00467,P0088,1,480.78,15,Cash
T009391,2023-04-05,C00275,P0082,5,217.27,20,PayPal
T009392,2024-04-16,C00145,P0079,3,433.68,15,PayPal
T009393,2024-12-09,C00197,P0023,3,367.27,5,Credit Card
T009394,2023-01-27,C00194,P0080,3,195.7,0,Debit Card
T009395,2024-03-28,C00258,P0031,3,375.04,10,Debit Card
T009396,2023-10-20,C00853,P0062,1,319.24,0,PayPal
T009397,2023-11-19,C00191,P0067,2,405.67,0,Credit Card
T009398,2024-08-02,C00087,P0043,4,139.06,0,Credit Card
T009399,2024-04-06,C00446,P0004,4,216.74,15,Cash
T009400,2024-11-14,C00203,P0078,1,91.49,5,Credit Card
T009401,2024-02-05,C00321,P0039,2,343.34,20,Debit Card
T009402,2023-07-17,C00912,P0052,3,409.85,5,PayPal
T009403,2023-11-27,C00876,P0002,2,119.37,10,Debit Card
T009404,2023-09-06,C00941,P0089,2,43.58,0,Credit Card
T009405,2023-04-13,C00346,P0021,3,140.82,15,Cash
T009406,2023-12-02,C00877,P0099,5,257.88,0,PayPal
T009407,2024-08-16,C00685,P0076,5,34.79,10,Cash
T009408,2024-04-27,C00239,P0006,1,107.43,15,Credit Card
T009409,2024-01-05,C00546,P0055,2,437.49,10,Debit Card
T009410,2023-07-11,C00069,P0006,3,107.43,5,PayPal
T009411,2023-11-10,C00398,P0048,2,460.06,15,Cash
T009412,2024-09-22,C00528,P0066,2,292.34,15,Cash
T009413,2023-08-29,C00648,P0054,3,473.96,10,PayPal
T009414,2024-08-16,C00898,P0065,1,74.83,0,Cash
T009415,2023-07-18,C00136,P0097,4,14.56,15,Debit Card
T009416,2024-08-01,C00649,P0018,1,429.11,15,Credit Card
T009417,2023-10-09,C00889,P0018,5,429.11,10,Debit Card
T009418,2024-09-22,C00885,P0079,2,433.68,0,Credit Card
T009419,2024-09-20,C00273,P0023,4,367.27,10,Debit Card
T009420,2024-10-19,C00811,P0098,3,498.09,0,Cash
T009421,2024-09-08,C00495,P0085,5,370.51,5,Credit Card
T009422,2024-08-12,C00756,P0075,2,405.93,20,Cash
T009423,2023-05-18,C00097,P0016,2,104.22,0,Debit Card
T009424,2024-06-07,C00741,P0020,5,89.7,20,Debit Card
T009425,2024-08-24,C00841,P0097,5,14.56,0,Credit Card
T009426,2024-01-13,C00800,P0001,3,64.55,20,PayPal
T009427,2023-11-02,C00437,P0063,1,431.22,15,Credit Card
T009428,2024-10-05,C00526,P0050,1,127.33,5,Credit Card
T009429,2023-11-14,C00991,P0094,1,338.17,0,PayPal
T009430,2024-11-29,C00277,P0090,4,207.85,20,Credit Card
T009431,2023-03-23,C00788,P0090,2,207.85,0,PayPal
T009432,2023-08-05,C00427,P0031,1,375.04,10,Cash
T009433,2023-09-26,C00191,P0026,1,122.23,0,Credit Card
T009434,2023-12-19,C00589,P0035,3,431.94,20,Debit Card
T009435,2024-08-14,C00777,P0011,4,55.45,20,Credit Card
T009436,2024-09-02,C00863,P0049,5,19.54,0,Credit Card
T009437,2023-08-29,C00300,P0049,1,19.54,15,Cash
T009438,2023-11-21,C00583,P0090,2,207.85,0,PayPal
T009439,2024-08-10,C00556,P0039,2,343.34,15,Credit Card
T009440,2024-08-06,C00912,P0004,1,216.74,15,Credit Card
T009441,2023-04-20,C00085,P0097,3,14.56,5,Cash
T009442,2023-01-19,C00395,P0080,3,195.7,5,PayPal
T009443,2024-01-08,C00865,P0081,2,463.99,10,Cash
T009444,2023-08-01,C00061,P0017,1,121.67,20,Cash
T009445,2023-02-04,C00381,P0015,2,313.07,10,Debit Card
T009446,2024-10-07,C00368,P0004,2,216.74,5,PayPal
T009447,2024-03-18,C00177,P0096,3,234.04,20,Credit Card
T009448,2023-11-04,C00508,P0077,1,484.81,10,Cash
T009449,2023-10-10,C00905,P0071,3,207.28,10,PayPal
T009450,2023-04-10,C00415,P0088,5,480.78,5,Debit Card
T009451,2023-10-17,C00864,P0005,3,124.0,15,PayPal
T009452,2023-04-13,C00934,P0011,5,55.45,5,PayPal
T009453,2023-07-23,C00101,P0073,1,78.69,5,Credit Card
T009454,2024-12-11,C00834,P0051,4,474.01,15,Cash
T009455,2024-12-04,C00640,P0004,3,216.74,5,Credit Card
T009456,2024-06-03,C00693,P0043,5,139.06,15,Credit Card
T009457,2023-09-25,C00194,P0089,5,43.58,10,Debit Card
T009458,2024-08-27,C00034,P0002,5,119.37,20,Debit Card
T009459,2023-12-01,C00934,P0100,5,441.62,10,Cash
T009460,2024-06-10,C00624,P0026,5,122.23,0,Debit Card
T009461,2024-05-04,C00220,P0004,4,216.74,15,Debit Card
T009462,2023-03-26,C00053,P0020,3,89.7,20,Cash
T009463,2024-08-03,C00705,P0083,3,334.32,20,PayPal
T009464,2023-07-30,C00064,P0089,4,43.58,10,Cash
T009465,2024-07-18,C00824,P0010,2,115.5,10,Credit Card
T009466,2024-08-29,C00708,P0045,1,156.24,10,Credit Card
T009467,2023-11-24,C00762,P0008,1,406.62,20,Credit Card
T009468,2023-09-06,C00865,P0091,4,130.65,0,Cash
T009469,2023-02-04,C00039,P0001,3,64.55,20,PayPal
T009470,2023-11-08,C00673,P0094,1,338.17,5,Debit Card
T009471,2024-11-12,C00519,P0033,1,187.38,0,PayPal
T009472,2024-11-25,C00170,P0042,3,11.59,10,Debit Card
T009473,2024-12-17,C00395,P0074,2,132.41,10,PayPal
T009474,2024-03-17,C00279,P0011,3,55.45,0,Debit Card
T009475,2024-11-10,C00782,P0092,5,50.17,20,Cash
T009476,2023-03-04,C00934,P0009,1,352.09,20,Debit Card
T009477,2024-11-08,C00125,P0017,3,121.67,5,PayPal
T009478,2023-04-21,C00826,P0064,4,146.45,0,Credit Card
T009479,2023-04-09,C00528,P0040,2,377.93,5,PayPal
T009480,2024-12-21,C00614,P0005,4,124.0,10,Debit Card
T009481,2024-11-24,C00833,P0053,1,385.26,5,Credit Card
T009482,2024-02-02,C00732,P0053,5,385.26,10,Credit Card
T009483,2024-12-20,C00062,P0082,1,217.27,0,Credit Card
T009484,2023-06-18,C00213,P0091,2,130.65,0,Credit Card
T009485,2024-03-05,C00594,P0059,4,231.23,10,PayPal
T009486,2024-10-02,C00667,P0050,4,127.33,5,Debit Card
T009487,2023-08-15,C00745,P0071,2,207.28,15,PayPal
T009488,2023-04-12,C00247,P0038,3,269.27,10,Cash
T009489,2023-06-23,C00822,P0023,5,367.27,0,Cash
T009490,2023-09-28,C00618,P0085,1,370.51,10,Debit Card
T009491,2024-06-08,C00881,P0087,5,460.5,0,PayPal
T009492,2024-09-20,C00008,P0048,5,460.06,10,Debit Card
T009493,2024-06-21,C00071,P0083,4,334.32,20,Debit Card
T009494,2024-02-11,C00340,P0020,4,89.7,15,Debit Card
T009495,2023-03-29,C00717,P0004,5,216.74,15,Debit Card
T009496,2024-04-23,C00977,P0037,1,198.54,0,PayPal
T009497,2024-08-19,C00939,P0011,3,55.45,15,Credit Card
T009498,2024-01-18,C00345,P0044,1,258.76,20,PayPal
T009499,2024-08-30,C00736,P0046,3,107.47,5,Cash
T009500,2023-09-20,C00642,P0032,3,296.45,5,Debit Card
T009501,2023-04-09,C00204,P0062,2,319.24,20,PayPal
T009502,2023-05-25,C00796,P0034,5,259.67,15,Debit Card
T009503,2024-08-03,C00062,P0069,2,238.84,0,Debit Card
T009504,2024-09-24,C00659,P0010,4,115.5,5,Cash
T009505,2023-11-18,C00109,P0100,2,441.62,10,Debit Card
T009506,2023-02-03,C00641,P0040,3,377.93,15,Credit Card
T009507,2023-09-08,C00298,P0014,3,48.61,15,Debit Card
T009508,2024-01-17,C00063,P0030,2,234.84,0,Debit Card
T009509,2023-10-15,C00225,P0009,1,352.09,0,Credit Card
T009510,2023-04-26,C00068,P0027,3,206.57,15,PayPal
T009511,2023-11-11,C00086,P0024,3,142.27,5,Cash
T009512,2024-10-19,C00515,P0062,1,319.24,10,PayPal
T009513,2024-11-10,C00142,P0079,2,433.68,15,Cash
T009514,2023-01-25,C00130,P0085,4,370.51,0,PayPal
T009515,2024-07-30,C00410,P0060,5,175.66,15,Cash
T009516,2024-12-13,C00360,P0024,4,142.27,20,Cash
T009517,2024-10-25,C00314,P0100,1,441.62,0,Debit Card
T009518,2023-12-23,C00875,P0002,4,119.37,15,PayPal
T009519,2024-09-24,C00390,P0080,4,195.7,5,Cash
T009520,2024-12-24,C00195,P0052,2,409.85,20,Cash
T009521,2024-06-02,C00969,P0004,1,216.74,15,Credit Card
T009522,2023-04-19,C00885,P0079,3,433.68,15,PayPal
T009523,2023-02-18,C00972,P0085,3,370.51,5,Debit Card
T009524,2023-02-16,C00068,P0013,2,235.12,15,Credit Card
T009525,2023-10-16,C00132,P0019,3,146.21,20,Debit Card
T009526,2023-08-30,C00735,P0084,2,155.39,5,Credit Card
T009527,2023-11-08,C00218,P0030,1,234.84,15,Credit Card
T009528,2024-03-17,C00757,P0052,5,409.85,15,PayPal
T009529,2024-11-25,C00934,P0040,4,377.93,20,Cash
T009530,2023-02-10,C00118,P0063,1,431.22,20,PayPal
T009531,2023-03-11,C00121,P0015,3,313.07,15,Cash
T009532,2023-05-12,C00597,P0031,1,375.04,5,Cash
T009533,2023-05-01,C00663,P0042,3,11.59,20,Cash
T009534,2023-01-11,C00412,P0024,3,142.27,5,Debit Card
T009535,2024-02-17,C00742,P0023,3,367.27,10,PayPal
T009536,2024-12-29,C00759,P0049,5,19.54,5,Cash
T009537,2023-03-12,C00473,P0036,5,398.12,15,PayPal
T009538,2023-01-27,C00687,P0067,1,405.67,10,Cash
T009539,2024-10-04,C00070,P0009,4,352.09,20,PayPal
T009540,2024-10-09,C00286,P0040,1,377.93,0,Debit Card
T009541,2024-05-14,C00793,P0034,5,259.67,20,PayPal
T009542,2023-06-24,C00315,P0036,2,398.12,15,Debit Card
T009543,2024-02-20,C00439,P0050,1,127.33,10,PayPal
T009544,2024-07-05,C00407,P0097,4,14.56,0,Credit Card
T009545,2024-07-05,C00078,P0068,4,332.9,0,Debit Card
T009546,2024-05-16,C00452,P0092,2,50.17,10,Cash
T009547,2024-04-19,C00603,P0037,4,198.54,15,PayPal
T009548,2024-01-19,C00129,P0090,4,207.85,5,Debit Card
T009549,2024-10-19,C00656,P0082,1,217.27,20,Credit Card
T009550,2023-11-22,C00508,P0054,3,473.96,10,Credit Card
T009551,2023-08-07,C00284,P0043,3,139.06,10,Cash
T009552,2024-09-03,C00653,P0059,1,231.23,15,Credit Card
T009553,2024-05-02,C00658,P0057,1,108.56,10,PayPal
T009554,2023-12-12,C00028,P0027,1,206.57,0,Cash
T009555,2023-07-20,C00795,P0014,3,48.61,0,Debit Card
T009556,2024-04-27,C00985,P0023,3,367.27,20,Debit Card
T009557,2023-04-22,C00188,P0082,5,217.27,20,PayPal
T009558,2024-01-27,C00708,P0058,2,328.44,10,Credit Card
T009559,2024-01-11,C00351,P0047,2,274.3,10,Credit Card
T009560,2024-05-25,C00296,P0061,5,298.34,10,Cash
T009561,2023-11-25,C00946,P0020,4,89.7,10,Debit Card
T009562,2023-10-04,C00449,P0028,3,439.42,5,Debit Card
T009563,2023-06-07,C00190,P0004,2,216.74,0,PayPal
T009564,2023-03-16,C00429,P0001,3,64.55,20,Cash
T009565,2023-02-12,C00166,P0059,4,231.23,10,Debit Card
T009566,2023-03-05,C00110,P0088,3,480.78,20,Cash
T009567,2024-03-05,C00638,P0007,4,215.56,15,Debit Card
T009568,2024-03-25,C00383,P0022,1,44.99,0,Debit Card
T009569,2023-06-14,C00753,P0016,5,104.22,10,Cash
T009570,2024-09-29,C00809,P0025,2,282.91,0,PayPal
T009571,2023-01-02,C00746,P0055,3,437.49,0,Cash
T009572,2024-08-04,C00933,P0050,1,127.33,10,PayPal
T009573,2023-10-07,C00360,P0086,2,38.01,5,Cash
T009574,2023-09-14,C00929,P0075,3,405.93,0,Credit Card
T009575,2023-01-28,C00814,P0005,2,124.0,0,Cash
T009576,2024-05-18,C00765,P0052,1,409.85,10,Credit Card
T009577,2024-02-26,C00251,P0019,2,146.21,0,PayPal
T009578,2023-05-03,C00987,P0090,4,207.85,10,Credit Card
T009579,2024-09-08,C00485,P0049,5,19.54,5,Cash
T009580,2023-01-29,C00536,P0044,4,258.76,10,Debit Card
T009581,2023-03-24,C00696,P0035,2,431.94,10,Debit Card
T009582,2023-07-03,C00508,P0005,1,124.0,10,Debit Card
T009583,2023-03-22,C00047,P0088,4,480.78,15,Debit Card
T009584,2023-06-19,C00575,P0019,4,146.21,10,PayPal
T009585,2024-06-02,C00198,P0073,4,78.69,15,PayPal
T009586,2023-06-18,C00746,P0070,4,330.19,0,Credit Card
T009587,2024-05-12,C00402,P0100,4,441.62,20,Cash
T009588,2023-08-07,C00782,P0065,5,74.83,0,Credit Card
T009589,2023-04-17,C00826,P0009,2,352.09,0,PayPal
T009590,2023-06-26,C00957,P0088,5,480.78,5,Debit Card
T009591,2024-06-26,C00373,P0029,2,254.62,5,Debit Card
T009592,2024-04-21,C00344,P0064,1,146.45,10,PayPal
T009593,2024-06-20,C00408,P0004,2,216.74,5,PayPal
T009594,2023-10-13,C00698,P0071,5,207.28,15,PayPal
T009595,2024-02-24,C00286,P0005,1,124.0,5,Cash
T009596,2023-04-18,C00742,P0051,3,474.01,10,PayPal
T009597,2023-05-13,C00600,P0060,2,175.66,5,Cash
T009598,2023-02-27,C00124,P0017,3,121.67,15,Credit Card
T009599,2024-01-30,C00850,P0079,1,433.68,10,Cash
T009600,2024-11-16,C00075,P0049,1,19.54,5,Cash
T009601,2024-11-08,C00665,P0098,3,498.09,10,PayPal
T009602,2023-03-26,C00767,P0076,1,34.79,10,Debit Card
T009603,2024-05-16,C00888,P0060,1,175.66,5,Cash
T009604,2024-04-14,C00339,P0005,1,124.0,5,PayPal
T009605,2024-02-28,C00847,P0100,2,441.62,5,Cash
T009606,2023-07-11,C00281,P0097,4,14.56,10,PayPal
T009607,2024-02-11,C00302,P0002,5,119.37,10,Credit Card
T009608,2023-03-29,C00608,P0075,1,405.93,15,PayPal
T009609,2024-02-07,C00241,P0094,2,338.17,5,Cash
T009610,2024-05-11,C00073,P0078,1,91.49,0,Cash
T009611,2024-06-04,C00117,P0044,2,258.76,10,Debit Card
T009612,2024-11-28,C00183,P0059,5,231.23,0,Cash
T009613,2024-09-03,C00967,P0038,2,269.27,5,Debit Card
T009614,2024-09-13,C00947,P0019,3,146.21,5,PayPal
T009615,2023-03-14,C00454,P0071,3,207.28,15,Cash
T009616,2023-03-30,C00415,P0063,3,431.22,15,Debit Card
T009617,2023-06-13,C00265,P0086,3,38.01,20,Debit Card
T009618,2024-03-22,C00015,P0056,4,465.17,20,Debit Card
T009619,2023-08-29,C00290,P0085,1,370.51,20,Debit Card
T009620,2023-07-19,C00524,P0061,2,298.34,15,Credit Card
T009621,2023-12-27,C00591,P0082,2,217.27,15,Cash
T009622,2024-06-18,C00392,P0052,5,409.85,0,Credit Card
T009623,2024-05-07,C00379,P0076,4,34.79,10,Debit Card
T009624,2023-02-22,C00051,P0004,2,216.74,5,Cash
T009625,2024-01-09,C00631,P0002,2,119.37,15,Credit Card
T009626,2023-10-15,C00895,P0061,1,298.34,20,Debit Card
T009627,2024-07-27,C00241,P0005,2,124.0,15,Credit Card
T009628,2023-09-29,C00699,P0019,1,146.21,5,Cash
T009629,2023-10-23,C00844,P0058,2,328.44,15,Debit Card
T009630,2024-08-15,C00647,P0023,2,367.27,15,PayPal
T009631,2024-08-07,C00267,P0042,2,11.59,15,Cash
T009632,2023-05-09,C00253,P0079,2,433.68,15,Debit Card
T009633,2023-05-25,C00317,P0097,1,14.56,15,Debit Card
T009634,2024-06-11,C00801,P0011,5,55.45,10,Credit Card
T009635,2024-10-07,C00427,P0086,1,38.01,20,Credit Card
T009636,2024-08-26,C00839,P0065,1,74.83,20,Credit Card
T009637,2023-09-27,C00640,P0003,2,372.93,5,Cash
T009638,2023-07-01,C00151,P0057,3,108.56,10,PayPal
T009639,2023-05-11,C00496,P0024,3,142.27,20,PayPal
T009640,2023-05-20,C00501,P0050,2,127.33,5,Cash
T009641,2023-07-03,C00918,P0024,2,142.27,0,PayPal
T009642,2023-12-23,C00150,P0031,3,375.04,0,Credit Card
T009643,2024-02-06,C00886,P0080,5,195.7,5,Debit Card
T009644,2024-08-03,C00260,P0057,3,108.56,0,Credit Card
T009645,2024-12-22,C00405,P0086,3,38.01,0,Cash
T009646,2023-01-05,C00409,P0070,2,330.19,10,PayPal
T009647,2023-04-19,C00205,P0029,5,254.62,15,Cash
T009648,2023-01-05,C00974,P0095,3,203.94,15,PayPal
T009649,2023-06-02,C00589,P0083,4,334.32,15,PayPal
T009650,2024-05-05,C01000,P0009,1,352.09,20,Credit Card
T009651,2023-08-06,C00675,P0018,1,429.11,15,Debit Card
T009652,2023-07-17,C00588,P0095,1,203.94,20,Credit Card
T009653,2024-07-04,C00997,P0034,4,259.67,10,PayPal
T009654,2023-02-25,C00421,P0100,2,441.62,15,PayPal
T009655,2023-03-06,C00470,P0049,4,19.54,10,PayPal
T009656,2024-09-26,C00962,P0080,5,195.7,0,Cash
T009657,2024-02-27,C00454,P0075,4,405.93,0,Debit Card
T009658,2023-05-22,C00388,P0026,3,122.23,10,PayPal
T009659,2024-12-03,C00868,P0014,3,48.61,5,Cash
T009660,2024-11-13,C00756,P0001,3,64.55,5,PayPal
T009661,2023-06-08,C00622,P0038,1,269.27,15,Debit Card
T009662,2024-03-16,C00123,P0026,4,122.23,15,Cash
T009663,2023-10-06,C00923,P0091,3,130.65,5,Debit Card
T009664,2023-05-29,C00879,P0013,2,235.12,10,Debit Card
T009665,2024-10-23,C00830,P0014,5,48.61,15,Debit Card
T009666,2024-06-09,C00685,P0012,5,305.83,0,Debit Card
T009667,2023-09-21,C00209,P0057,1,108.56,15,PayPal
T009668,2023-04-14,C00678,P0005,2,124.0,20,PayPal
T009669,2024-07-07,C00747,P0031,5,375.04,10,Credit Card
T009670,2024-06-02,C00211,P0095,2,203.94,5,Cash
T009671,2023-04-14,C00306,P0004,3,216.74,5,PayPal
T009672,2023-03-31,C00326,P0028,4,439.42,5,PayPal
T009673,2023-08-19,C00714,P0009,4,352.09,0,Credit Card
T009674,2024-01-25,C00953,P0030,2,234.84,10,PayPal
T009675,2024-04-01,C00088,P0081,3,463.99,10,Debit Card
T009676,2023-09-06,C00649,P0082,5,217.27,5,PayPal
T009677,2023-11-06,C00497,P0014,4,48.61,20,Debit Card
T009678,2024-12-06,C00151,P0087,1,460.5,15,Debit Card
T009679,2024-08-06,C00607,P0083,3,334.32,10,Credit Card
T009680,2023-06-27,C00954,P0066,3,292.34,10,Cash
T009681,2023-05-02,C00571,P0087,4,460.5,20,Credit Card
T009682,2024-07-31,C00660,P0085,5,370.51,0,Cash
T009683,2023-06-30,C00965,P0048,3,460.06,20,Debit Card
T009684,2023-04-20,C00330,P0039,2,343.34,15,PayPal
T009685,2023-04-13,C00223,P0026,5,122.23,15,Credit Card
T009686,2023-08-17,C00478,P0054,3,473.96,15,Credit Card
T009687,2024-03-17,C00440,P0013,1,235.12,10,PayPal
T009688,2023-09-04,C00464,P0029,1,254.62,15,Debit Card
T009689,2024-01-27,C00081,P0061,2,298.34,15,PayPal
T009690,2024-05-10,C00428,P0001,5,64.55,10,Debit Card
T009691,2023-03-21,C00111,P0023,4,367.27,20,PayPal
T009692,2023-01-01,C00704,P0085,4,370.51,20,Cash
T009693,2023-05-24,C00437,P0077,4,484.81,5,Credit Card
T009694,2023-10-07,C00568,P0012,4,305.83,5,Debit Card
T009695,2023-03-08,C00775,P0079,1,433.68,15,Cash
T009696,2024-07-19,C00464,P0081,3,463.99,20,Cash
T009697,2024-12-07,C00504,P0034,3,259.67,0,Credit Card
T009698,2024-09-14,C00654,P0019,3,146.21,10,Debit Card
T009699,2023-05-04,C00998,P0058,3,328.44,10,Credit Card
T009700,2023-09-24,C00859,P0051,1,474.01,15,Credit Card
T009701,2023-10-30,C00240,P0091,5,130.65,10,Credit Card
T009702,2023-08-21,C00894,P0078,4,91.49,5,Cash
T009703,2024-05-03,C00289,P0044,3,258.76,15,Cash
T009704,2024-08-26,C00059,P0081,5,463.99,10,Credit Card
T009705,2023-09-22,C00365,P0017,1,121.67,20,PayPal
T009706,2024-02-06,C00419,P0026,1,122.23,5,PayPal
T009707,2024-10-23,C00165,P0042,5,11.59,20,Debit Card
T009708,2023-07-14,C00964,P0015,2,313.07,5,Cash
T009709,2024-05-12,C00222,P0066,3,292.34,5,PayPal
T009710,2024-07-02,C00700,P0090,3,207.85,20,Credit Card
T009711,2024-09-13,C00904,P0060,4,175.66,15,Debit Card
T009712,2024-06-08,C00525,P0047,4,274.3,20,Debit Card
T009713,2023-05-26,C00730,P0043,3,139.06,5,Cash
T009714,2024-12-09,C00201,P0053,4,385.26,15,Debit Card
T009715,2024-05-29,C00100,P0064,1,146.45,15,Credit Card
T009716,2024-03-23,C00882,P0048,2,460.06,10,PayPal
T009717,2023-12-22,C00621,P0025,3,282.91,10,Credit Card
T009718,2024-03-11,C00582,P0086,5,38.01,20,PayPal
T009719,2024-05-29,C00674,P0100,2,441.62,20,PayPal
T009720,2024-07-05,C00242,P0053,1,385.26,20,Cash
T009721,2024-12-21,C00534,P0020,3,89.7,10,PayPal
T009722,2023-05-05,C00595,P0058,2,328.44,20,PayPal
T009723,2023-08-13,C00320,P0011,5,55.45,0,PayPal
T009724,2023-06-12,C00365,P0010,3,115.5,10,Credit Card
T009725,2024-08-16,C00474,P0052,4,409.85,5,PayPal
T009726,2023-05-27,C00977,P0071,3,207.28,15,PayPal
T009727,2023-02-03,C00024,P0040,3,377.93,5,Cash
T009728,2024-10-13,C00477,P0089,1,43.58,5,PayPal
T009729,2023-09-15,C00442,P0060,4,175.66,5,Credit Card
T009730,2024-04-08,C00903,P0085,4,370.51,20,Cash
T009731,2023-11-25,C00684,P0010,1,115.5,20,Credit Card
T009732,2024-02-09,C00672,P0091,3,130.65,0,PayPal
T009733,2023-01-24,C00174,P0063,2,431.22,10,Cash
T009734,2023-04-16,C00744,P0047,1,274.3,10,Credit Card
T009735,2024-12-30,C00065,P0095,4,203.94,0,Debit Card
T009736,2024-07-31,C00143,P0020,1,89.7,20,Debit Card
T009737,2023-11-22,C00776,P0012,2,305.83,20,Credit Card
T009738,2023-01-05,C00600,P0023,3,367.27,0,Credit Card
T009739,2023-04-06,C00452,P0039,3,343.34,15,Debit Card
T009740,2024-09-23,C00057,P0074,3,132.41,10,PayPal
T009741,2023-05-10,C00494,P0031,5,375.04,5,Credit Card
T009742,2023-09-16,C00984,P0079,4,433.68,10,Cash
T009743,2024-12-20,C00300,P0099,3,257.88,15,PayPal
T009744,2023-10-18,C00845,P0018,4,429.11,5,Debit Card
T009745,2023-08-04,C00796,P0032,5,296.45,20,PayPal
T009746,2024-02-29,C00068,P0044,5,258.76,0,Debit Card
T009747,2024-12-31,C00575,P0038,2,269.27,0,Debit Card
T009748,2023-10-29,C00214,P0012,1,305.83,0,Cash
T009749,2023-02-20,C00678,P0052,3,409.85,10,Credit Card
T009750,2023-07-26,C00655,P0047,5,274.3,5,PayPal
T009751,2023-05-02,C00700,P0063,4,431.22,5,Debit Card
T009752,2023-10-19,C00704,P0092,2,50.17,0,Cash
T009753,2023-04-24,C00737,P0071,2,207.28,0,Debit Card
T009754,2023-04-05,C00687,P0050,1,127.33,15,Debit Card
T009755,2024-08-05,C00985,P0022,2,44.99,0,Cash
T009756,2024-04-17,C00682,P0082,5,217.27,0,Credit Card
T009757,2024-11-08,C00558,P0004,1,216.74,5,Debit Card
T009758,2024-07-08,C00247,P0072,4,131.84,20,Cash
T009759,2023-01-07,C00692,P0099,2,257.88,10,Cash
T009760,2024-09-14,C00246,P0041,3,64.66,15,PayPal
T009761,2023-10-04,C00066,P0085,1,370.51,20,Debit Card
T009762,2023-12-24,C00932,P0038,4,269.27,5,Cash
T009763,2023-09-12,C00580,P0076,4,34.79,5,PayPal
T009764,2023-01-18,C00161,P0085,2,370.51,20,PayPal
T009765,2024-09-29,C00059,P0019,2,146.21,0,Cash
T009766,2024-10-10,C00638,P0045,1,156.24,10,PayPal
T009767,2023-01-11,C00046,P0078,5,91.49,0,Debit Card
T009768,2024-09-29,C00374,P0087,4,460.5,5,Cash
T009769,2024-09-22,C00630,P0031,3,375.04,5,Credit Card
T009770,2023-01-26,C00871,P0050,4,127.33,5,Debit Card
T009771,2023-08-07,C00189,P0067,4,405.67,15,PayPal
T009772,2023-08-10,C00303,P0098,5,498.09,0,Debit Card
T009773,2024-12-09,C00591,P0039,4,343.34,15,Debit Card
T009774,2023-08-30,C00371,P0072,5,131.84,10,PayPal
T009775,2023-07-06,C00076,P0004,1,216.74,0,PayPal
T009776,2024-11-25,C00311,P0040,3,377.93,20,PayPal
T009777,2024-05-18,C00145,P0077,1,484.81,15,PayPal
T009778,2023-02-28,C00108,P0047,5,274.3,15,Credit Card
T009779,2023-07-13,C00138,P0087,2,460.5,0,Cash
T009780,2024-04-12,C00631,P0043,5,139.06,0,Debit Card
T009781,2023-12-19,C00258,P0100,5,441.62,20,Debit Card
T009782,2024-08-10,C00027,P0010,2,115.5,5,Credit Card
T009783,2024-12-08,C00109,P0036,1,398.12,5,Cash
T009784,2023-05-15,C00781,P0066,1,292.34,0,Debit Card
T009785,2024-09-03,C00177,P0059,5,231.23,10,Cash
T009786,2023-12-01,C00906,P0046,1,107.47,5,Cash
T009787,2023-08-08,C00058,P0060,1,175.66,15,Cash
T009788,2024-11-01,C00217,P0096,2,234.04,0,Debit Card
T009789,2023-06-12,C00106,P0045,4,156.24,15,Cash
T009790,2024-03-23,C00638,P0069,5,238.84,5,Credit Card
T009791,2023-06-18,C00293,P0063,4,431.22,5,Credit Card
T009792,2023-08-01,C00311,P0028,3,439.42,20,PayPal
T009793,2024-07-29,C00655,P0023,5,367.27,10,Cash
T009794,2023-12-25,C00164,P0051,1,474.01,20,Debit Card
T009795,2024-09-04,C00334,P0093,5,266.16,0,PayPal
T009796,2023-11-01,C00769,P0010,3,115.5,15,PayPal
T009797,2023-08-02,C00450,P0098,4,498.09,5,Cash
T009798,2024-07-22,C00843,P0091,2,130.65,10,Cash
T009799,2023-10-27,C00521,P0099,3,257.88,20,Cash
T009800,2023-11-16,C00448,P0064,4,146.45,20,PayPal
T009801,2024-11-10,C00694,P0042,4,11.59,15,Credit Card
T009802,2023-11-26,C00575,P0016,4,104.22,10,Credit Card
T009803,2024-02-10,C00614,P0060,5,175.66,15,PayPal
T009804,2023-12-12,C00102,P0009,3,352.09,20,Credit Card
T009805,2023-11-17,C00141,P0079,3,433.68,15,Cash
T009806,2023-01-03,C00894,P0040,2,377.93,15,PayPal
T009807,2024-01-22,C00512,P0079,5,433.68,10,Credit Card
T009808,2024-07-12,C00805,P0007,3,215.56,15,Cash
T009809,2023-01-07,C00975,P0089,4,43.58,5,Debit Card
T009810,2024-05-31,C00033,P0048,3,460.06,0,Cash
T009811,2023-05-26,C00476,P0098,3,498.09,0,Debit Card
T009812,2023-01-29,C00630,P0082,2,217.27,5,PayPal
T009813,2023-06-28,C00189,P0015,2,313.07,20,Credit Card
T009814,2023-06-28,C00837,P0075,3,405.93,10,Cash
T009815,2023-05-18,C00388,P0064,2,146.45,10,Credit Card
T009816,2023-10-28,C00476,P0066,3,292.34,20,Cash
T009817,2024-10-07,C00323,P0012,1,305.83,5,PayPal
T009818,2023-10-10,C00772,P0048,5,460.06,20,Debit Card
T009819,2024-07-13,C00229,P0041,2,64.66,10,PayPal
T009820,2024-08-07,C00643,P0078,5,91.49,20,Credit Card
T009821,2024-03-19,C00356,P0076,2,34.79,10,PayPal
T009822,2023-05-27,C00564,P0018,4,429.11,10,Credit Card
T009823,2023-05-13,C00586,P0001,1,64.55,0,Credit Card
T009824,2024-05-23,C00310,P0086,5,38.01,15,Debit Card
T009825,2023-03-06,C00082,P0016,3,104.22,20,Cash
T009826,2023-09-02,C00434,P0027,1,206.57,20,Credit Card
T009827,2023-02-25,C00686,P0041,1,64.66,10,PayPal
T009828,2024-09-11,C00399,P0097,1,14.56,20,Cash
T009829,2024-10-26,C00064,P0035,1,431.94,10,Cash
T009830,2024-01-11,C00533,P0100,2,441.62,10,PayPal
T009831,2024-01-02,C00754,P0077,3,484.81,5,Credit Card
T009832,2023-01-17,C00307,P0092,2,50.17,0,PayPal
T009833,2023-04-02,C00192,P0066,5,292.34,15,PayPal
T009834,2023-10-05,C00037,P0073,4,78.69,20,Cash
T009835,2023-06-28,C00337,P0042,1,11.59,10,PayPal
T009836,2023-05-03,C00909,P0043,1,139.06,20,Credit Card
T009837,2024-08-10,C00469,P0027,3,206.57,15,Cash
T009838,2023-01-03,C00849,P0057,5,108.56,15,Credit Card
T009839,2024-11-29,C00095,P0052,4,409.85,20,PayPal
T009840,2023-04-26,C00779,P0028,3,439.42,0,Debit Card
T009841,2024-07-08,C00808,P0034,5,259.67,5,Cash
T009842,2024-09-07,C00796,P0041,3,64.66,20,PayPal
T009843,2024-07-05,C00497,P0021,4,140.82,0,Cash
T009844,2024-08-20,C00867,P0080,2,195.7,5,Cash
T009845,2024-09-05,C00114,P0085,3,370.51,15,PayPal
T009846,2024-09-04,C00446,P0004,1,216.74,20,Debit Card
T009847,2024-05-24,C00128,P0055,1,437.49,0,Debit Card
T009848,2024-12-29,C00363,P0029,1,254.62,5,Credit Card
T009849,2024-09-30,C00889,P0098,3,498.09,10,Cash
T009850,2024-08-20,C00343,P0015,4,313.07,5,PayPal
T009851,2024-09-07,C00902,P0034,2,259.67,20,PayPal
T009852,2024-10-12,C00434,P0085,2,370.51,5,Cash
T009853,2024-01-03,C00888,P0073,5,78.69,10,Credit Card
T009854,2023-09-06,C00554,P0094,4,338.17,20,Cash
T009855,2023-01-03,C00575,P0015,5,313.07,0,Credit Card
T009856,2023-05-03,C00237,P0093,2,266.16,15,PayPal
T009857,2024-11-15,C00214,P0021,2,140.82,0,PayPal
T009858,2023-08-29,C00283,P0022,1,44.99,15,Credit Card
T009859,2024-11-16,C00900,P0060,1,175.66,5,Cash
T009860,2024-05-30,C00791,P0063,5,431.22,15,Debit Card
T009861,2023-09-09,C00523,P0096,4,234.04,20,Credit Card
T009862,2024-06-08,C00071,P0093,2,266.16,5,Debit Card
T009863,2023-02-21,C00961,P0065,2,74.83,5,Credit Card
T009864,2023-11-09,C00532,P0037,3,198.54,5,PayPal
T009865,2023-04-25,C00503,P0078,5,91.49,20,Credit Card
T009866,2024-03-01,C00601,P0033,3,187.38,15,Credit Card
T009867,2023-02-05,C00996,P0038,2,269.27,10,Credit Card
T009868,2023-01-16,C00801,P0091,2,130.65,20,PayPal
T009869,2023-06-18,C00282,P0018,1,429.11,15,Credit Card
T009870,2024-12-24,C00553,P0016,2,104.22,0,Debit Card
T009871,2024-05-21,C00693,P0064,3,146.45,5,PayPal
T009872,2023-02-05,C00912,P0029,1,254.62,10,Cash
T009873,2024-08-10,C00341,P0022,1,44.99,15,Debit Card
T009874,2023-08-17,C00944,P0032,3,296.45,20,Credit Card
T009875,2023-08-27,C00513,P0053,2,385.26,5,Credit Card
T009876,2023-03-25,C00900,P0081,3,463.99,5,Cash
T009877,2024-09-23,C00567,P0054,3,473.96,10,Cash
T009878,2023-06-29,C00095,P0011,4,55.45,15,Credit Card
T009879,2024-10-11,C00428,P0007,2,215.56,0,Debit Card
T009880,2023-04-19,C00275,P0017,1,121.67,15,Cash
T009881,2024-03-19,C00737,P0037,3,198.54,5,Cash
T009882,2023-06-06,C00131,P0074,1,132.41,5,PayPal
T009883,2023-02-14,C00875,P0082,1,217.27,0,Debit Card
T009884,2023-10-05,C00947,P0033,5,187.38,15,PayPal
T009885,2023-01-28,C00136,P0076,5,34.79,0,PayPal
T009886,2024-06-04,C00953,P0075,5,405.93,10,PayPal
T009887,2023-10-06,C00934,P0086,5,38.01,10,Cash
T009888,2023-05-25,C00302,P0046,4,107.47,5,Credit Card
T009889,2023-10-23,C00257,P0063,3,431.22,5,Credit Card
T009890,2024-04-03,C00422,P0047,2,274.3,20,PayPal
T009891,2024-08-23,C00964,P0001,3,64.55,15,PayPal
T009892,2023-04-14,C00309,P0037,3,198.54,10,Cash
T009893,2024-12-11,C00497,P0047,3,274.3,20,Credit Card
T009894,2023-10-27,C00326,P0095,2,203.94,10,Debit Card
T009895,2024-12-21,C00775,P0066,5,292.34,20,Cash
T009896,2023-11-02,C00326,P0049,1,19.54,20,Debit Card
T009897,2023-01-26,C00244,P0033,1,187.38,15,PayPal
T009898,2023-06-08,C00244,P0010,5,115.5,0,Debit Card
T009899,2024-03-23,C00624,P0090,5,207.85,15,PayPal
T009900,2023-09-24,C00225,P0068,5,332.9,5,Cash
T009901,2024-05-11,C00917,P0062,2,319.24,15,Credit Card
T009902,2024-01-06,C00856,P0033,2,187.38,5,PayPal
T009903,2023-04-29,C00325,P0022,1,44.99,5,Debit Card
T009904,2023-10-09,C00101,P0097,2,14.56,10,Cash
T009905,2023-05-21,C00236,P0024,4,142.27,5,Credit Card
T009906,2024-03-31,C00936,P0039,1,343.34,20,Cash
T009907,2023-12-20,C00843,P0028,4,439.42,0,Credit Card
T009908,2024-03-15,C00166,P0031,2,375.04,20,Cash
T009909,2024-04-11,C00232,P0027,3,206.57,5,Credit Card
T009910,2023-01-01,C00350,P0068,5,332.9,5,Cash
T009911,2024-01-10,C00699,P0046,5,107.47,5,Cash
T009912,2023-08-20,C00971,P0021,1,140.82,20,PayPal
T009913,2024-01-14,C00745,P0013,1,235.12,20,PayPal
T009914,2024-06-03,C00723,P0073,5,78.69,20,Credit Card
T009915,2024-06-24,C00934,P0016,1,104.22,20,PayPal
T009916,2023-07-05,C00123,P0072,4,131.84,20,Debit Card
T009917,2023-10-20,C00799,P0018,1,429.11,15,PayPal
T009918,2023-07-14,C00674,P0026,5,122.23,10,PayPal
T009919,2023-07-12,C00201,P0040,2,377.93,10,Cash
T009920,2024-12-30,C00788,P0013,5,235.12,15,Debit Card
T009921,2024-10-02,C00277,P0002,1,119.37,20,Debit Card
T009922,2023-07-09,C00152,P0038,3,269.27,5,Credit Card
T009923,2023-01-26,C00661,P0079,1,433.68,15,Debit Card
T009924,2023-04-25,C00198,P0049,2,19.54,5,PayPal
T009925,2024-10-25,C00004,P0030,5,234.84,15,Debit Card
T009926,2023-11-10,C00492,P0033,5,187.38,5,Credit Card
T009927,2024-05-12,C00918,P0016,2,104.22,0,Debit Card
T009928,2024-01-10,C00635,P0064,5,146.45,20,Cash
T009929,2024-09-06,C00052,P0010,2,115.5,10,Credit Card
T009930,2024-08-05,C00857,P0065,2,74.83,15,Debit Card
T009931,2023-10-15,C00668,P0038,5,269.27,10,Debit Card
T009932,2023-02-08,C00394,P0057,5,108.56,20,Credit Card
T009933,2023-12-31,C00836,P0019,5,146.21,5,Credit Card
T009934,2023-04-03,C00580,P0100,4,441.62,15,PayPal
T009935,2023-04-20,C00416,P0055,3,437.49,0,Credit Card
T009936,2024-07-01,C00054,P0007,3,215.56,10,PayPal
T009937,2023-01-22,C00148,P0097,4,14.56,15,Cash
T009938,2023-03-02,C00682,P0015,2,313.07,5,Credit Card
T009939,2024-02-03,C00348,P0018,4,429.11,10,Credit Card
T009940,2023-01-26,C00020,P0005,2,124.0,15,Cash
T009941,2024-07-04,C00483,P0045,3,156.24,5,Cash
T009942,2024-10-20,C00562,P0031,3,375.04,15,Credit Card
T009943,2024-12-10,C00276,P0070,3,330.19,20,Credit Card
T009944,2024-02-02,C00882,P0030,1,234.84,5,Credit Card
T009945,2023-06-28,C00825,P0076,1,34.79,20,Debit Card
T009946,2023-07-16,C00199,P0053,4,385.26,5,PayPal
T009947,2023-04-26,C00143,P0012,5,305.83,20,Credit Card
T009948,2023-07-30,C00738,P0097,1,14.56,0,Debit Card
T009949,2024-01-25,C00239,P0020,4,89.7,0,PayPal
T009950,2023-02-07,C00802,P0050,4,127.33,10,Debit Card
T009951,2024-11-23,C00164,P0045,2,156.24,20,Debit Card
T009952,2023-11-30,C00870,P0037,4,198.54,10,PayPal
T009953,2024-05-21,C00228,P0049,1,19.54,15,Credit Card
T009954,2023-11-01,C00363,P0048,5,460.06,0,Debit Card
T009955,2024-01-30,C00231,P0044,3,258.76,10,Debit Card
T009956,2023-07-28,C00164,P0057,3,108.56,15,Cash
T009957,2024-04-07,C00764,P0050,2,127.33,5,Cash
T009958,2024-12-15,C00400,P0062,1,319.24,15,PayPal
T009959,2024-10-21,C00603,P0057,1,108.56,10,PayPal
T009960,2023-12-10,C00775,P0022,2,44.99,10,Debit Card
T009961,2024-12-09,C00369,P0006,5,107.43,15,PayPal
T009962,2023-05-31,C00296,P0047,5,274.3,15,Credit Card
T009963,2024-01-20,C00235,P0035,4,431.94,0,Cash
T009964,2023-02-10,C00663,P0089,2,43.58,10,Cash
T009965,2023-08-16,C00112,P0009,4,352.09,0,Credit Card
T009966,2023-12-23,C00867,P0049,3,19.54,5,PayPal
T009967,2023-07-09,C00099,P0012,3,305.83,10,Debit Card
T009968,2023-09-19,C00096,P0001,3,64.55,0,PayPal
T009969,2023-08-07,C00477,P0082,5,217.27,0,Cash
T009970,2024-07-15,C00544,P0004,5,216.74,5,PayPal
T009971,2024-06-23,C00767,P0092,3,50.17,10,Debit Card
T009972,2024-03-13,C00329,P0034,3,259.67,20,Cash
T009973,2024-01-18,C00628,P0098,4,498.09,20,Cash
T009974,2023-09-24,C00358,P0018,3,429.11,5,Credit Card
T009975,2023-11-07,C00394,P0028,5,439.42,5,Cash
T009976,2023-12-01,C00528,P0052,3,409.85,20,Cash
T009977,2024-11-19,C00336,P0068,1,332.9,15,Cash
T009978,2024-05-07,C00782,P0024,3,142.27,5,Credit Card
T009979,2024-06-07,C00342,P0014,5,48.61,0,Cash
T009980,2024-03-25,C00691,P0067,5,405.67,10,PayPal
T009981,2023-04-21,C00867,P0014,5,48.61,5,Debit Card
T009982,2023-10-18,C00494,P0053,1,385.26,20,Debit Card
T009983,2024-04-20,C00176,P0044,2,258.76,15,Credit Card
T009984,2023-01-21,C00742,P0002,2,119.37,20,PayPal
T009985,2024-09-19,C00395,P0083,2,334.32,10,Credit Card
T009986,2024-07-26,C00360,P0063,4,431.22,0,PayPal
T009987,2023-07-28,C00043,P0024,5,142.27,5,Cash
T009988,2023-03-20,C00701,P0029,1,254.62,0,PayPal
T009989,2023-11-16,C00281,P0053,1,385.26,20,Cash
T009990,2023-06-11,C00578,P0091,3,130.65,0,Credit Card
T009991,2023-08-05,C00505,P0055,3,437.49,20,Credit Card
T009992,2024-02-01,C00800,P0073,2,78.69,5,PayPal
T009993,2023-02-10,C00984,P0010,1,115.5,15,Credit Card
T009994,2023-07-14,C00769,P0005,2,124.0,15,Credit Card
T009995,2024-09-25,C00104,P0059,5,231.23,10,Cash
T009996,2024-04-14,C00059,P0076,5,34.79,15,Cash
T009997,2024-12-15,C00488,P0030,2,234.84,0,Cash
T009998,2024-08-07,C00459,P0019,3,146.21,20,Debit Card
T009999,2024-05-17,C00424,P0040,1,377.93,0,Credit Card
T010000,2023-01-17,C00653,P0052,5,409.85,15,Cash
